[28Mar2025 18:25:30.451] [main/INFO] [cpw.mods.modlauncher.Launcher/MODLAUNCHER]: ModLauncher running: args [--launchTarget, forgeserver, --fml.forgeVersion, 47.3.7, --fml.mcVersion, 1.20.1, --fml.forgeGroup, net.minecraftforge, --fml.mcpVersion, 20230612.114412, nogui]
[28Mar2025 18:25:30.471] [main/INFO] [cpw.mods.modlauncher.Launcher/MODLAUNCHER]: ModLauncher 10.0.9+10.0.9+main.dcd20f30 starting: java version 17.0.14 by Ubuntu; OS Linux arch amd64 version 6.8.0-1021-azure
[28Mar2025 18:25:30.617] [main/DEBUG] [cpw.mods.modlauncher.LaunchServiceHandler/MODLAUNCHER]: Found launch services [fmlclientdev,forgeclient,minecraft,forgegametestserverdev,fmlserveruserdev,fmlclient,fmldatauserdev,forgeserverdev,forgeserveruserdev,forgeclientdev,forgeclientuserdev,forgeserver,forgedatadev,fmlserver,fmlclientuserdev,fmlserverdev,forgedatauserdev,testharness,forgegametestserveruserdev]
[28Mar2025 18:25:30.674] [main/DEBUG] [cpw.mods.modlauncher.NameMappingServiceHandler/MODLAUNCHER]: Found naming services : [srgtomcp]
[28Mar2025 18:25:30.823] [main/DEBUG] [cpw.mods.modlauncher.LaunchPluginHandler/MODLAUNCHER]: Found launch plugins: [mixin,eventbus,slf4jfixer,object_holder_definalize,runtime_enum_extender,capability_token_subclass,accesstransformer,runtimedistcleaner]
[28Mar2025 18:25:30.863] [main/DEBUG] [cpw.mods.modlauncher.TransformationServicesHandler/MODLAUNCHER]: Discovering transformation services
[28Mar2025 18:25:30.871] [main/DEBUG] [net.minecraftforge.fml.loading.FMLPaths/CORE]: Path GAMEDIR is /workspaces/mineee2/servidor_minecraft
[28Mar2025 18:25:30.872] [main/DEBUG] [net.minecraftforge.fml.loading.FMLPaths/CORE]: Path MODSDIR is /workspaces/mineee2/servidor_minecraft/mods
[28Mar2025 18:25:30.872] [main/DEBUG] [net.minecraftforge.fml.loading.FMLPaths/CORE]: Path CONFIGDIR is /workspaces/mineee2/servidor_minecraft/config
[28Mar2025 18:25:30.872] [main/DEBUG] [net.minecraftforge.fml.loading.FMLPaths/CORE]: Path FMLCONFIG is /workspaces/mineee2/servidor_minecraft/config/fml.toml
[28Mar2025 18:25:33.929] [main/DEBUG] [cpw.mods.modlauncher.TransformationServicesHandler/MODLAUNCHER]: Found additional transformation services from discovery services: 
[28Mar2025 18:25:33.938] [main/INFO] [net.minecraftforge.fml.loading.ImmediateWindowHandler/]: ImmediateWindowProvider not loading because launch target is forgeserver
[28Mar2025 18:25:33.958] [main/DEBUG] [cpw.mods.modlauncher.TransformationServicesHandler/MODLAUNCHER]: Found transformer services : [mixin,fml]
[28Mar2025 18:25:33.958] [main/DEBUG] [cpw.mods.modlauncher.TransformationServicesHandler/MODLAUNCHER]: Transformation services loading
[28Mar2025 18:25:33.960] [main/DEBUG] [cpw.mods.modlauncher.TransformationServiceDecorator/MODLAUNCHER]: Loading service mixin
[28Mar2025 18:25:33.960] [main/DEBUG] [cpw.mods.modlauncher.TransformationServiceDecorator/MODLAUNCHER]: Loaded service mixin
[28Mar2025 18:25:33.961] [main/DEBUG] [cpw.mods.modlauncher.TransformationServiceDecorator/MODLAUNCHER]: Loading service fml
[28Mar2025 18:25:33.961] [main/DEBUG] [net.minecraftforge.fml.loading.LauncherVersion/CORE]: Found FMLLauncher version 1.0
[28Mar2025 18:25:33.962] [main/DEBUG] [net.minecraftforge.fml.loading.FMLLoader/CORE]: FML 1.0 loading
[28Mar2025 18:25:33.962] [main/DEBUG] [net.minecraftforge.fml.loading.FMLLoader/CORE]: FML found ModLauncher version : 10.0.9+10.0.9+main.dcd20f30
[28Mar2025 18:25:33.962] [main/DEBUG] [net.minecraftforge.fml.loading.FMLLoader/CORE]: FML found AccessTransformer version : 8.0.4+66+master.c09db6d7
[28Mar2025 18:25:33.963] [main/DEBUG] [net.minecraftforge.fml.loading.FMLLoader/CORE]: FML found EventBus version : 6.0.5+6.0.5+master.eb8e549b
[28Mar2025 18:25:33.963] [main/DEBUG] [net.minecraftforge.fml.loading.FMLLoader/CORE]: Found Runtime Dist Cleaner
[28Mar2025 18:25:33.966] [main/DEBUG] [net.minecraftforge.fml.loading.FMLLoader/CORE]: FML found CoreMod version : 5.1.6
[28Mar2025 18:25:33.967] [main/DEBUG] [net.minecraftforge.fml.loading.FMLLoader/CORE]: Found ForgeSPI package implementation version 7.0.1+7.0.1+master.d2b38bf6
[28Mar2025 18:25:33.968] [main/DEBUG] [net.minecraftforge.fml.loading.FMLLoader/CORE]: Found ForgeSPI package specification 5
[28Mar2025 18:25:33.968] [main/DEBUG] [cpw.mods.modlauncher.TransformationServiceDecorator/MODLAUNCHER]: Loaded service fml
[28Mar2025 18:25:33.972] [main/DEBUG] [cpw.mods.modlauncher.TransformationServicesHandler/MODLAUNCHER]: Configuring option handling for services
[28Mar2025 18:25:33.986] [main/DEBUG] [cpw.mods.modlauncher.TransformationServicesHandler/MODLAUNCHER]: Transformation services initializing
[28Mar2025 18:25:33.987] [main/DEBUG] [cpw.mods.modlauncher.TransformationServiceDecorator/MODLAUNCHER]: Initializing transformation service mixin
[28Mar2025 18:25:34.013] [main/DEBUG] [mixin/]: MixinService [ModLauncher] was successfully booted in cpw.mods.cl.ModuleClassLoader@7a3d45bd
[28Mar2025 18:25:34.044] [main/INFO] [mixin/]: SpongePowered MIXIN Subsystem Version=0.8.5 Source=union:/workspaces/mineee2/servidor_minecraft/libraries/org/spongepowered/mixin/0.8.5/mixin-0.8.5.jar%2365!/ Service=ModLauncher Env=SERVER
[28Mar2025 18:25:34.059] [main/DEBUG] [mixin/]: Initialising Mixin Platform Manager
[28Mar2025 18:25:34.059] [main/DEBUG] [mixin/]: Adding mixin platform agents for container ModLauncher Root Container(ModLauncher:4f56a0a2)
[28Mar2025 18:25:34.060] [main/DEBUG] [mixin/]: Instancing new MixinPlatformAgentMinecraftForge for ModLauncher Root Container(ModLauncher:4f56a0a2)
[28Mar2025 18:25:34.062] [main/DEBUG] [mixin/]: MixinPlatformAgentMinecraftForge rejected container ModLauncher Root Container(ModLauncher:4f56a0a2)
[28Mar2025 18:25:34.063] [main/DEBUG] [mixin/]: Instancing new MixinPlatformAgentDefault for ModLauncher Root Container(ModLauncher:4f56a0a2)
[28Mar2025 18:25:34.065] [main/DEBUG] [mixin/]: MixinPlatformAgentDefault accepted container ModLauncher Root Container(ModLauncher:4f56a0a2)
[28Mar2025 18:25:34.070] [main/DEBUG] [cpw.mods.modlauncher.TransformationServiceDecorator/MODLAUNCHER]: Initialized transformation service mixin
[28Mar2025 18:25:34.070] [main/DEBUG] [cpw.mods.modlauncher.TransformationServiceDecorator/MODLAUNCHER]: Initializing transformation service fml
[28Mar2025 18:25:34.070] [main/DEBUG] [net.minecraftforge.fml.loading.FMLServiceProvider/CORE]: Setting up basic FML game directories
[28Mar2025 18:25:34.071] [main/DEBUG] [net.minecraftforge.fml.loading.FMLPaths/CORE]: Path GAMEDIR is /workspaces/mineee2/servidor_minecraft
[28Mar2025 18:25:34.073] [main/DEBUG] [net.minecraftforge.fml.loading.FMLPaths/CORE]: Path MODSDIR is /workspaces/mineee2/servidor_minecraft/mods
[28Mar2025 18:25:34.074] [main/DEBUG] [net.minecraftforge.fml.loading.FMLPaths/CORE]: Path CONFIGDIR is /workspaces/mineee2/servidor_minecraft/config
[28Mar2025 18:25:34.075] [main/DEBUG] [net.minecraftforge.fml.loading.FMLPaths/CORE]: Path FMLCONFIG is /workspaces/mineee2/servidor_minecraft/config/fml.toml
[28Mar2025 18:25:34.075] [main/DEBUG] [net.minecraftforge.fml.loading.FMLServiceProvider/CORE]: Loading configuration
[28Mar2025 18:25:34.079] [main/DEBUG] [net.minecraftforge.fml.loading.FMLServiceProvider/CORE]: Preparing ModFile
[28Mar2025 18:25:34.085] [main/DEBUG] [net.minecraftforge.fml.loading.FMLServiceProvider/CORE]: Preparing launch handler
[28Mar2025 18:25:34.086] [main/DEBUG] [net.minecraftforge.fml.loading.FMLLoader/CORE]: Using forgeserver as launch service
[28Mar2025 18:25:34.115] [main/DEBUG] [net.minecraftforge.fml.loading.FMLLoader/CORE]: Received command line version data  : VersionInfo[forgeVersion=47.3.7, mcVersion=1.20.1, mcpVersion=20230612.114412, forgeGroup=net.minecraftforge]
[28Mar2025 18:25:34.119] [main/DEBUG] [cpw.mods.modlauncher.TransformationServiceDecorator/MODLAUNCHER]: Initialized transformation service fml
[28Mar2025 18:25:34.119] [main/DEBUG] [cpw.mods.modlauncher.NameMappingServiceHandler/MODLAUNCHER]: Current naming domain is 'srg'
[28Mar2025 18:25:34.120] [main/DEBUG] [cpw.mods.modlauncher.NameMappingServiceHandler/MODLAUNCHER]: Identified name mapping providers {}
[28Mar2025 18:25:34.122] [main/DEBUG] [cpw.mods.modlauncher.TransformationServicesHandler/MODLAUNCHER]: Transformation services begin scanning
[28Mar2025 18:25:34.123] [main/DEBUG] [cpw.mods.modlauncher.TransformationServiceDecorator/MODLAUNCHER]: Beginning scan trigger - transformation service mixin
[28Mar2025 18:25:34.123] [main/DEBUG] [cpw.mods.modlauncher.TransformationServiceDecorator/MODLAUNCHER]: End scan trigger - transformation service mixin
[28Mar2025 18:25:34.124] [main/DEBUG] [cpw.mods.modlauncher.TransformationServiceDecorator/MODLAUNCHER]: Beginning scan trigger - transformation service fml
[28Mar2025 18:25:34.124] [main/DEBUG] [net.minecraftforge.fml.loading.FMLServiceProvider/CORE]: Initiating mod scan
[28Mar2025 18:25:34.138] [main/DEBUG] [net.minecraftforge.fml.loading.moddiscovery.ModListHandler/CORE]: Found mod coordinates from lists: []
[28Mar2025 18:25:34.153] [main/DEBUG] [net.minecraftforge.fml.loading.moddiscovery.ModDiscoverer/CORE]: Found Mod Locators : (mods folder:null),(maven libs:null),(exploded directory:null),(minecraft:null),(userdev classpath:null)
[28Mar2025 18:25:34.153] [main/DEBUG] [net.minecraftforge.fml.loading.moddiscovery.ModDiscoverer/CORE]: Found Dependency Locators : (JarInJar:null)
[28Mar2025 18:25:34.178] [main/DEBUG] [net.minecraftforge.fml.loading.moddiscovery.ModFileParser/LOADING]: Considering mod file candidate /workspaces/mineee2/servidor_minecraft/mods/[1.20.1] SecurityCraft v1.9.12.jar
[28Mar2025 18:25:34.293] [main/DEBUG] [net.minecraftforge.fml.loading.moddiscovery.ModFileInfo/LOADING]: Found valid mod file [1.20.1] SecurityCraft v1.9.12.jar with {securitycraft} mods - versions {1.9.12}
[28Mar2025 18:25:34.301] [main/DEBUG] [net.minecraftforge.fml.loading.moddiscovery.ModFileParser/LOADING]: Considering mod file candidate /workspaces/mineee2/servidor_minecraft/mods/alexsmobs-1.22.9.jar
[28Mar2025 18:25:34.304] [main/DEBUG] [net.minecraftforge.fml.loading.moddiscovery.ModFileInfo/LOADING]: Found valid mod file alexsmobs-1.22.9.jar with {alexsmobs} mods - versions {1.22.9}
[28Mar2025 18:25:34.307] [main/DEBUG] [net.minecraftforge.fml.loading.moddiscovery.ModFileParser/LOADING]: Considering mod file candidate /workspaces/mineee2/servidor_minecraft/mods/amendments-1.20-1.2.18.jar
[28Mar2025 18:25:34.317] [main/DEBUG] [net.minecraftforge.fml.loading.moddiscovery.ModFileInfo/LOADING]: Found valid mod file amendments-1.20-1.2.18.jar with {amendments} mods - versions {1.20-1.2.18}
[28Mar2025 18:25:34.320] [main/DEBUG] [net.minecraftforge.fml.loading.moddiscovery.ModFileParser/LOADING]: Considering mod file candidate /workspaces/mineee2/servidor_minecraft/mods/appleskin-forge-mc1.20.1-2.5.1.jar
[28Mar2025 18:25:34.322] [main/DEBUG] [net.minecraftforge.fml.loading.moddiscovery.ModFileInfo/LOADING]: Found valid mod file appleskin-forge-mc1.20.1-2.5.1.jar with {appleskin} mods - versions {2.5.1+mc1.20.1}
[28Mar2025 18:25:34.324] [main/DEBUG] [net.minecraftforge.fml.loading.moddiscovery.ModFileParser/LOADING]: Considering mod file candidate /workspaces/mineee2/servidor_minecraft/mods/architectury-9.2.14-forge.jar
[28Mar2025 18:25:34.325] [main/DEBUG] [net.minecraftforge.fml.loading.moddiscovery.ModFileInfo/LOADING]: Found valid mod file architectury-9.2.14-forge.jar with {architectury} mods - versions {9.2.14}
[28Mar2025 18:25:34.327] [main/DEBUG] [net.minecraftforge.fml.loading.moddiscovery.ModFileParser/LOADING]: Considering mod file candidate /workspaces/mineee2/servidor_minecraft/mods/artifacts-forge-9.5.13.jar
[28Mar2025 18:25:34.330] [main/DEBUG] [net.minecraftforge.fml.loading.moddiscovery.ModFileInfo/LOADING]: Found valid mod file artifacts-forge-9.5.13.jar with {artifacts} mods - versions {9.5.13}
[28Mar2025 18:25:34.331] [main/DEBUG] [net.minecraftforge.fml.loading.moddiscovery.ModFileParser/LOADING]: Considering mod file candidate /workspaces/mineee2/servidor_minecraft/mods/bettervillage-forge-1.20.1-3.2.0.jar
[28Mar2025 18:25:34.333] [main/DEBUG] [net.minecraftforge.fml.loading.moddiscovery.ModFileInfo/LOADING]: Found valid mod file bettervillage-forge-1.20.1-3.2.0.jar with {bettervillage} mods - versions {3.2.0}
[28Mar2025 18:25:34.336] [main/DEBUG] [net.minecraftforge.fml.loading.moddiscovery.ModFileParser/LOADING]: Considering mod file candidate /workspaces/mineee2/servidor_minecraft/mods/BiomesOPlenty-1.20.1-18.0.0.592.jar
[28Mar2025 18:25:34.337] [main/DEBUG] [net.minecraftforge.fml.loading.moddiscovery.ModFileInfo/LOADING]: Found valid mod file BiomesOPlenty-1.20.1-18.0.0.592.jar with {biomesoplenty} mods - versions {18.0.0.592}
[28Mar2025 18:25:34.338] [main/DEBUG] [net.minecraftforge.fml.loading.moddiscovery.ModFileParser/LOADING]: Considering mod file candidate /workspaces/mineee2/servidor_minecraft/mods/caelus-forge-3.2.0+1.20.1.jar
[28Mar2025 18:25:34.339] [main/DEBUG] [net.minecraftforge.fml.loading.moddiscovery.ModFileInfo/LOADING]: Found valid mod file caelus-forge-3.2.0+1.20.1.jar with {caelus} mods - versions {3.2.0+1.20.1}
[28Mar2025 18:25:34.339] [main/DEBUG] [net.minecraftforge.fml.loading.moddiscovery.ModFileParser/LOADING]: Considering mod file candidate /workspaces/mineee2/servidor_minecraft/mods/cave_dweller-1.20.1-1.7.0.jar
[28Mar2025 18:25:34.342] [main/DEBUG] [net.minecraftforge.fml.loading.moddiscovery.ModFileInfo/LOADING]: Found valid mod file cave_dweller-1.20.1-1.7.0.jar with {cave_dweller} mods - versions {1.7.0}
[28Mar2025 18:25:34.351] [main/DEBUG] [net.minecraftforge.fml.loading.moddiscovery.ModFileParser/LOADING]: Considering mod file candidate /workspaces/mineee2/servidor_minecraft/mods/citadel-2.6.1-1.20.1.jar
[28Mar2025 18:25:34.355] [main/DEBUG] [net.minecraftforge.fml.loading.moddiscovery.ModFileInfo/LOADING]: Found valid mod file citadel-2.6.1-1.20.1.jar with {citadel} mods - versions {2.6.1}
[28Mar2025 18:25:34.359] [main/DEBUG] [net.minecraftforge.fml.loading.moddiscovery.ModFileParser/LOADING]: Considering mod file candidate /workspaces/mineee2/servidor_minecraft/mods/cloth-config-11.1.136-forge.jar
[28Mar2025 18:25:34.362] [main/DEBUG] [net.minecraftforge.fml.loading.moddiscovery.ModFileInfo/LOADING]: Found valid mod file cloth-config-11.1.136-forge.jar with {cloth_config} mods - versions {11.1.136}
[28Mar2025 18:25:34.364] [main/DEBUG] [net.minecraftforge.fml.loading.moddiscovery.ModFileParser/LOADING]: Considering mod file candidate /workspaces/mineee2/servidor_minecraft/mods/curios-forge-5.12.0+1.20.1.jar
[28Mar2025 18:25:34.367] [main/DEBUG] [net.minecraftforge.fml.loading.moddiscovery.ModFileInfo/LOADING]: Found valid mod file curios-forge-5.12.0+1.20.1.jar with {curios} mods - versions {5.12.0+1.20.1}
[28Mar2025 18:25:34.370] [main/DEBUG] [net.minecraftforge.fml.loading.moddiscovery.ModFileParser/LOADING]: Considering mod file candidate /workspaces/mineee2/servidor_minecraft/mods/Dungeon Crawl-1.20.1-2.3.15.jar
[28Mar2025 18:25:34.372] [main/DEBUG] [net.minecraftforge.fml.loading.moddiscovery.ModFileInfo/LOADING]: Found valid mod file Dungeon Crawl-1.20.1-2.3.15.jar with {dungeoncrawl} mods - versions {2.3.15}
[28Mar2025 18:25:34.374] [main/DEBUG] [net.minecraftforge.fml.loading.moddiscovery.ModFileParser/LOADING]: Considering mod file candidate /workspaces/mineee2/servidor_minecraft/mods/DungeonsAriseSevenSeas-1.20.x-1.0.2-forge.jar
[28Mar2025 18:25:34.375] [main/DEBUG] [net.minecraftforge.fml.loading.moddiscovery.ModFileInfo/LOADING]: Found valid mod file DungeonsAriseSevenSeas-1.20.x-1.0.2-forge.jar with {dungeons_arise_seven_seas} mods - versions {1.0.2}
[28Mar2025 18:25:34.377] [main/DEBUG] [net.minecraftforge.fml.loading.moddiscovery.ModFileParser/LOADING]: Considering mod file candidate /workspaces/mineee2/servidor_minecraft/mods/endertrigon-1.20.1-1.1-all.jar
[28Mar2025 18:25:34.379] [main/DEBUG] [net.minecraftforge.fml.loading.moddiscovery.ModFileInfo/LOADING]: Found valid mod file endertrigon-1.20.1-1.1-all.jar with {endertrigon} mods - versions {1.20.1-1.1}
[28Mar2025 18:25:34.387] [main/DEBUG] [net.minecraftforge.fml.loading.moddiscovery.ModFileParser/LOADING]: Considering mod file candidate /workspaces/mineee2/servidor_minecraft/mods/framework-forge-1.20.1-0.7.12.jar
[28Mar2025 18:25:34.389] [main/DEBUG] [net.minecraftforge.fml.loading.moddiscovery.ModFileInfo/LOADING]: Found valid mod file framework-forge-1.20.1-0.7.12.jar with {framework} mods - versions {0.7.12}
[28Mar2025 18:25:34.391] [main/DEBUG] [net.minecraftforge.fml.loading.moddiscovery.ModFileParser/LOADING]: Considering mod file candidate /workspaces/mineee2/servidor_minecraft/mods/geckolib-forge-1.20.1-4.7.jar
[28Mar2025 18:25:34.394] [main/DEBUG] [net.minecraftforge.fml.loading.moddiscovery.ModFileInfo/LOADING]: Found valid mod file geckolib-forge-1.20.1-4.7.jar with {geckolib} mods - versions {4.7}
[28Mar2025 18:25:34.403] [main/DEBUG] [net.minecraftforge.fml.loading.moddiscovery.ModFileParser/LOADING]: Considering mod file candidate /workspaces/mineee2/servidor_minecraft/mods/Incendium_1.20.x_v5.3.5.jar
[28Mar2025 18:25:34.405] [main/DEBUG] [net.minecraftforge.fml.loading.moddiscovery.ModFileInfo/LOADING]: Found valid mod file Incendium_1.20.x_v5.3.5.jar with {incendium} mods - versions {5.3.5}
[28Mar2025 18:25:34.405] [main/DEBUG] [net.minecraftforge.fml.loading.moddiscovery.ModFileParser/LOADING]: Considering mod file candidate /workspaces/mineee2/servidor_minecraft/mods/Jade-1.20.1-Forge-11.12.3.jar
[28Mar2025 18:25:34.407] [main/DEBUG] [net.minecraftforge.fml.loading.moddiscovery.ModFileInfo/LOADING]: Found valid mod file Jade-1.20.1-Forge-11.12.3.jar with {jade} mods - versions {11.12.3+forge}
[28Mar2025 18:25:34.409] [main/DEBUG] [net.minecraftforge.fml.loading.moddiscovery.ModFileParser/LOADING]: Considering mod file candidate /workspaces/mineee2/servidor_minecraft/mods/jei-1.20.1-forge-15.12.2.51.jar
[28Mar2025 18:25:34.411] [main/DEBUG] [net.minecraftforge.fml.loading.moddiscovery.ModFileInfo/LOADING]: Found valid mod file jei-1.20.1-forge-15.12.2.51.jar with {jei} mods - versions {15.12.2.51}
[28Mar2025 18:25:34.415] [main/DEBUG] [net.minecraftforge.fml.loading.moddiscovery.ModFileParser/LOADING]: Considering mod file candidate /workspaces/mineee2/servidor_minecraft/mods/journeymap-1.20.1-5.10.3-forge.jar
[28Mar2025 18:25:34.416] [main/DEBUG] [net.minecraftforge.fml.loading.moddiscovery.ModFileInfo/LOADING]: Found valid mod file journeymap-1.20.1-5.10.3-forge.jar with {journeymap} mods - versions {5.10.3}
[28Mar2025 18:25:34.418] [main/DEBUG] [net.minecraftforge.fml.loading.moddiscovery.ModFileParser/LOADING]: Considering mod file candidate /workspaces/mineee2/servidor_minecraft/mods/libraryferret-forge-1.20.1-4.0.0.jar
[28Mar2025 18:25:34.419] [main/DEBUG] [net.minecraftforge.fml.loading.moddiscovery.ModFileInfo/LOADING]: Found valid mod file libraryferret-forge-1.20.1-4.0.0.jar with {libraryferret} mods - versions {4.0.0}
[28Mar2025 18:25:34.421] [main/DEBUG] [net.minecraftforge.fml.loading.moddiscovery.ModFileParser/LOADING]: Considering mod file candidate /workspaces/mineee2/servidor_minecraft/mods/mcw-bridges-3.0.0-mc1.20.1forge.jar
[28Mar2025 18:25:34.421] [main/DEBUG] [net.minecraftforge.fml.loading.moddiscovery.ModFileInfo/LOADING]: Found valid mod file mcw-bridges-3.0.0-mc1.20.1forge.jar with {mcwbridges} mods - versions {3.0.0}
[28Mar2025 18:25:34.423] [main/DEBUG] [net.minecraftforge.fml.loading.moddiscovery.ModFileParser/LOADING]: Considering mod file candidate /workspaces/mineee2/servidor_minecraft/mods/moonlight-1.20-2.13.70-forge.jar
[28Mar2025 18:25:34.424] [main/DEBUG] [net.minecraftforge.fml.loading.moddiscovery.ModFileInfo/LOADING]: Found valid mod file moonlight-1.20-2.13.70-forge.jar with {moonlight} mods - versions {1.20-2.13.70}
[28Mar2025 18:25:34.426] [main/DEBUG] [net.minecraftforge.fml.loading.moddiscovery.ModFileParser/LOADING]: Considering mod file candidate /workspaces/mineee2/servidor_minecraft/mods/origins-forge-1.20.1-1.10.0.9-all.jar
[28Mar2025 18:25:34.427] [main/DEBUG] [net.minecraftforge.fml.loading.moddiscovery.ModFileInfo/LOADING]: Found valid mod file origins-forge-1.20.1-1.10.0.9-all.jar with {origins} mods - versions {1.20.1-1.10.0.9}
[28Mar2025 18:25:34.428] [main/DEBUG] [net.minecraftforge.fml.loading.moddiscovery.ModFileParser/LOADING]: Considering mod file candidate /workspaces/mineee2/servidor_minecraft/mods/Paraglider-forge-20.1.3.jar
[28Mar2025 18:25:34.429] [main/DEBUG] [net.minecraftforge.fml.loading.moddiscovery.ModFileInfo/LOADING]: Found valid mod file Paraglider-forge-20.1.3.jar with {paraglider} mods - versions {20.1.3}
[28Mar2025 18:25:34.479] [main/DEBUG] [net.minecraftforge.fml.loading.moddiscovery.ModFileParser/LOADING]: Considering mod file candidate /workspaces/mineee2/servidor_minecraft/mods/refurbished_furniture-forge-1.20.1-1.0.9.jar
[28Mar2025 18:25:34.481] [main/DEBUG] [net.minecraftforge.fml.loading.moddiscovery.ModFileInfo/LOADING]: Found valid mod file refurbished_furniture-forge-1.20.1-1.0.9.jar with {refurbished_furniture} mods - versions {1.0.9}
[28Mar2025 18:25:34.487] [main/DEBUG] [net.minecraftforge.fml.loading.moddiscovery.ModFileParser/LOADING]: Considering mod file candidate /workspaces/mineee2/servidor_minecraft/mods/repurposed_structures-7.1.15+1.20.1-forge.jar
[28Mar2025 18:25:34.488] [main/DEBUG] [net.minecraftforge.fml.loading.moddiscovery.ModFileInfo/LOADING]: Found valid mod file repurposed_structures-7.1.15+1.20.1-forge.jar with {repurposed_structures} mods - versions {7.1.15+1.20.1-forge}
[28Mar2025 18:25:34.489] [main/DEBUG] [net.minecraftforge.fml.loading.moddiscovery.ModFileParser/LOADING]: Considering mod file candidate /workspaces/mineee2/servidor_minecraft/mods/Ribbits-1.20.1-Forge-3.0.4.jar
[28Mar2025 18:25:34.490] [main/DEBUG] [net.minecraftforge.fml.loading.moddiscovery.ModFileInfo/LOADING]: Found valid mod file Ribbits-1.20.1-Forge-3.0.4.jar with {ribbits} mods - versions {1.20.1-Forge-3.0.4}
[28Mar2025 18:25:34.526] [main/DEBUG] [net.minecraftforge.fml.loading.moddiscovery.ModFileParser/LOADING]: Considering mod file candidate /workspaces/mineee2/servidor_minecraft/mods/supplementaries-1.20-3.1.18.jar
[28Mar2025 18:25:34.532] [main/DEBUG] [net.minecraftforge.fml.loading.moddiscovery.ModFileInfo/LOADING]: Found valid mod file supplementaries-1.20-3.1.18.jar with {supplementaries} mods - versions {1.20-3.1.18}
[28Mar2025 18:25:34.534] [main/DEBUG] [net.minecraftforge.fml.loading.moddiscovery.ModFileParser/LOADING]: Considering mod file candidate /workspaces/mineee2/servidor_minecraft/mods/TerraBlender-forge-1.20.1-3.0.1.7.jar
[28Mar2025 18:25:34.535] [main/DEBUG] [net.minecraftforge.fml.loading.moddiscovery.ModFileInfo/LOADING]: Found valid mod file TerraBlender-forge-1.20.1-3.0.1.7.jar with {terrablender} mods - versions {3.0.1.7}
[28Mar2025 18:25:34.538] [main/DEBUG] [net.minecraftforge.fml.loading.moddiscovery.ModFileParser/LOADING]: Considering mod file candidate /workspaces/mineee2/servidor_minecraft/mods/tombstone-1.20.1-8.9.0.jar
[28Mar2025 18:25:34.539] [main/DEBUG] [net.minecraftforge.fml.loading.moddiscovery.ModFileInfo/LOADING]: Found valid mod file tombstone-1.20.1-8.9.0.jar with {tombstone} mods - versions {8.9.0}
[28Mar2025 18:25:34.541] [main/DEBUG] [net.minecraftforge.fml.loading.moddiscovery.ModFileParser/LOADING]: Considering mod file candidate /workspaces/mineee2/servidor_minecraft/mods/travelersbackpack-forge-1.20.1-9.1.16.jar
[28Mar2025 18:25:34.543] [main/DEBUG] [net.minecraftforge.fml.loading.moddiscovery.ModFileInfo/LOADING]: Found valid mod file travelersbackpack-forge-1.20.1-9.1.16.jar with {travelersbackpack} mods - versions {9.1.16}
[28Mar2025 18:25:34.547] [main/DEBUG] [net.minecraftforge.fml.loading.moddiscovery.ModFileParser/LOADING]: Considering mod file candidate /workspaces/mineee2/servidor_minecraft/mods/YungsApi-1.20-Forge-4.0.6.jar
[28Mar2025 18:25:34.548] [main/DEBUG] [net.minecraftforge.fml.loading.moddiscovery.ModFileInfo/LOADING]: Found valid mod file YungsApi-1.20-Forge-4.0.6.jar with {yungsapi} mods - versions {1.20-Forge-4.0.6}
[28Mar2025 18:25:34.550] [main/DEBUG] [net.minecraftforge.fml.loading.moddiscovery.ModFileParser/LOADING]: Considering mod file candidate /workspaces/mineee2/servidor_minecraft/mods/Zeta-1.0-24.jar
[28Mar2025 18:25:34.557] [main/DEBUG] [net.minecraftforge.fml.loading.moddiscovery.ModFileInfo/LOADING]: Found valid mod file Zeta-1.0-24.jar with {zeta} mods - versions {1.0-24}
[28Mar2025 18:25:34.775] [main/DEBUG] [net.minecraftforge.fml.loading.moddiscovery.ModFileInfo/LOADING]: Found valid mod file server-1.20.1-20230612.114412-srg.jar with {minecraft} mods - versions {1.20.1}
[28Mar2025 18:25:34.789] [main/DEBUG] [net.minecraftforge.fml.loading.moddiscovery.ModFileParser/LOADING]: Considering mod file candidate /workspaces/mineee2/servidor_minecraft/libraries/net/minecraftforge/fmlcore/1.20.1-47.3.7/fmlcore-1.20.1-47.3.7.jar
[28Mar2025 18:25:34.791] [main/WARN] [net.minecraftforge.fml.loading.moddiscovery.ModFileParser/LOADING]: Mod file /workspaces/mineee2/servidor_minecraft/libraries/net/minecraftforge/fmlcore/1.20.1-47.3.7/fmlcore-1.20.1-47.3.7.jar is missing mods.toml file
[28Mar2025 18:25:34.800] [main/DEBUG] [net.minecraftforge.fml.loading.moddiscovery.ModFileParser/LOADING]: Considering mod file candidate /workspaces/mineee2/servidor_minecraft/libraries/net/minecraftforge/javafmllanguage/1.20.1-47.3.7/javafmllanguage-1.20.1-47.3.7.jar
[28Mar2025 18:25:34.801] [main/WARN] [net.minecraftforge.fml.loading.moddiscovery.ModFileParser/LOADING]: Mod file /workspaces/mineee2/servidor_minecraft/libraries/net/minecraftforge/javafmllanguage/1.20.1-47.3.7/javafmllanguage-1.20.1-47.3.7.jar is missing mods.toml file
[28Mar2025 18:25:34.805] [main/DEBUG] [net.minecraftforge.fml.loading.moddiscovery.ModFileParser/LOADING]: Considering mod file candidate /workspaces/mineee2/servidor_minecraft/libraries/net/minecraftforge/lowcodelanguage/1.20.1-47.3.7/lowcodelanguage-1.20.1-47.3.7.jar
[28Mar2025 18:25:34.805] [main/WARN] [net.minecraftforge.fml.loading.moddiscovery.ModFileParser/LOADING]: Mod file /workspaces/mineee2/servidor_minecraft/libraries/net/minecraftforge/lowcodelanguage/1.20.1-47.3.7/lowcodelanguage-1.20.1-47.3.7.jar is missing mods.toml file
[28Mar2025 18:25:34.810] [main/DEBUG] [net.minecraftforge.fml.loading.moddiscovery.ModFileParser/LOADING]: Considering mod file candidate /workspaces/mineee2/servidor_minecraft/libraries/net/minecraftforge/mclanguage/1.20.1-47.3.7/mclanguage-1.20.1-47.3.7.jar
[28Mar2025 18:25:34.811] [main/WARN] [net.minecraftforge.fml.loading.moddiscovery.ModFileParser/LOADING]: Mod file /workspaces/mineee2/servidor_minecraft/libraries/net/minecraftforge/mclanguage/1.20.1-47.3.7/mclanguage-1.20.1-47.3.7.jar is missing mods.toml file
[28Mar2025 18:25:34.940] [main/DEBUG] [net.minecraftforge.fml.loading.moddiscovery.ModFileParser/LOADING]: Considering mod file candidate /workspaces/mineee2/servidor_minecraft/libraries/net/minecraftforge/forge/1.20.1-47.3.7/forge-1.20.1-47.3.7-universal.jar
[28Mar2025 18:25:34.944] [main/DEBUG] [net.minecraftforge.fml.loading.moddiscovery.ModFileInfo/LOADING]: Found valid mod file forge-1.20.1-47.3.7-universal.jar with {forge} mods - versions {47.3.7}
[28Mar2025 18:25:34.966] [main/DEBUG] [net.minecraftforge.fml.loading.moddiscovery.AbstractJarFileDependencyLocator/]: Failed to load resource META-INF/jarjar/metadata.json from server-1.20.1-20230612.114412-srg.jar, it does not contain dependency information.
[28Mar2025 18:25:34.967] [main/DEBUG] [net.minecraftforge.fml.loading.moddiscovery.AbstractJarFileDependencyLocator/]: Failed to load resource META-INF/jarjar/metadata.json from mcw-bridges-3.0.0-mc1.20.1forge.jar, it does not contain dependency information.
[28Mar2025 18:25:34.967] [main/DEBUG] [net.minecraftforge.fml.loading.moddiscovery.AbstractJarFileDependencyLocator/]: Failed to load resource META-INF/jarjar/metadata.json from TerraBlender-forge-1.20.1-3.0.1.7.jar, it does not contain dependency information.
[28Mar2025 18:25:34.968] [main/DEBUG] [net.minecraftforge.fml.loading.moddiscovery.AbstractJarFileDependencyLocator/]: Failed to load resource META-INF/jarjar/metadata.json from alexsmobs-1.22.9.jar, it does not contain dependency information.
[28Mar2025 18:25:34.968] [main/DEBUG] [net.minecraftforge.fml.loading.moddiscovery.AbstractJarFileDependencyLocator/]: Failed to load resource META-INF/jarjar/metadata.json from BiomesOPlenty-1.20.1-18.0.0.592.jar, it does not contain dependency information.
[28Mar2025 18:25:34.969] [main/DEBUG] [net.minecraftforge.fml.loading.moddiscovery.AbstractJarFileDependencyLocator/]: Failed to load resource META-INF/jarjar/metadata.json from Jade-1.20.1-Forge-11.12.3.jar, it does not contain dependency information.
[28Mar2025 18:25:34.969] [main/DEBUG] [net.minecraftforge.fml.loading.moddiscovery.AbstractJarFileDependencyLocator/]: Failed to load resource META-INF/jarjar/metadata.json from jei-1.20.1-forge-15.12.2.51.jar, it does not contain dependency information.
[28Mar2025 18:25:34.969] [main/DEBUG] [net.minecraftforge.fml.loading.moddiscovery.AbstractJarFileDependencyLocator/]: Failed to load resource META-INF/jarjar/metadata.json from libraryferret-forge-1.20.1-4.0.0.jar, it does not contain dependency information.
[28Mar2025 18:25:34.969] [main/DEBUG] [net.minecraftforge.fml.loading.moddiscovery.AbstractJarFileDependencyLocator/]: Failed to load resource META-INF/jarjar/metadata.json from caelus-forge-3.2.0+1.20.1.jar, it does not contain dependency information.
[28Mar2025 18:25:34.969] [main/DEBUG] [net.minecraftforge.fml.loading.moddiscovery.AbstractJarFileDependencyLocator/]: Failed to load resource META-INF/jarjar/metadata.json from Incendium_1.20.x_v5.3.5.jar, it does not contain dependency information.
[28Mar2025 18:25:34.970] [main/DEBUG] [net.minecraftforge.fml.loading.moddiscovery.AbstractJarFileDependencyLocator/]: Failed to load resource META-INF/jarjar/metadata.json from Ribbits-1.20.1-Forge-3.0.4.jar, it does not contain dependency information.
[28Mar2025 18:25:34.970] [main/DEBUG] [net.minecraftforge.fml.loading.moddiscovery.AbstractJarFileDependencyLocator/]: Failed to load resource META-INF/jarjar/metadata.json from curios-forge-5.12.0+1.20.1.jar, it does not contain dependency information.
[28Mar2025 18:25:34.970] [main/DEBUG] [net.minecraftforge.fml.loading.moddiscovery.AbstractJarFileDependencyLocator/]: Failed to load resource META-INF/jarjar/metadata.json from journeymap-1.20.1-5.10.3-forge.jar, it does not contain dependency information.
[28Mar2025 18:25:34.970] [main/DEBUG] [net.minecraftforge.fml.loading.moddiscovery.AbstractJarFileDependencyLocator/]: Failed to load resource META-INF/jarjar/metadata.json from citadel-2.6.1-1.20.1.jar, it does not contain dependency information.
[28Mar2025 18:25:34.970] [main/DEBUG] [net.minecraftforge.fml.loading.moddiscovery.AbstractJarFileDependencyLocator/]: Failed to load resource META-INF/jarjar/metadata.json from [1.20.1] SecurityCraft v1.9.12.jar, it does not contain dependency information.
[28Mar2025 18:25:34.971] [main/DEBUG] [net.minecraftforge.fml.loading.moddiscovery.AbstractJarFileDependencyLocator/]: Failed to load resource META-INF/jarjar/metadata.json from travelersbackpack-forge-1.20.1-9.1.16.jar, it does not contain dependency information.
[28Mar2025 18:25:34.971] [main/DEBUG] [net.minecraftforge.fml.loading.moddiscovery.AbstractJarFileDependencyLocator/]: Failed to load resource META-INF/jarjar/metadata.json from YungsApi-1.20-Forge-4.0.6.jar, it does not contain dependency information.
[28Mar2025 18:25:34.972] [main/DEBUG] [net.minecraftforge.fml.loading.moddiscovery.AbstractJarFileDependencyLocator/]: Failed to load resource META-INF/jarjar/metadata.json from bettervillage-forge-1.20.1-3.2.0.jar, it does not contain dependency information.
[28Mar2025 18:25:34.972] [main/DEBUG] [net.minecraftforge.fml.loading.moddiscovery.AbstractJarFileDependencyLocator/]: Failed to load resource META-INF/jarjar/metadata.json from tombstone-1.20.1-8.9.0.jar, it does not contain dependency information.
[28Mar2025 18:25:34.972] [main/DEBUG] [net.minecraftforge.fml.loading.moddiscovery.AbstractJarFileDependencyLocator/]: Failed to load resource META-INF/jarjar/metadata.json from Dungeon Crawl-1.20.1-2.3.15.jar, it does not contain dependency information.
[28Mar2025 18:25:34.972] [main/DEBUG] [net.minecraftforge.fml.loading.moddiscovery.AbstractJarFileDependencyLocator/]: Failed to load resource META-INF/jarjar/metadata.json from cave_dweller-1.20.1-1.7.0.jar, it does not contain dependency information.
[28Mar2025 18:25:34.972] [main/DEBUG] [net.minecraftforge.fml.loading.moddiscovery.AbstractJarFileDependencyLocator/]: Failed to load resource META-INF/jarjar/metadata.json from architectury-9.2.14-forge.jar, it does not contain dependency information.
[28Mar2025 18:25:34.973] [main/DEBUG] [net.minecraftforge.fml.loading.moddiscovery.AbstractJarFileDependencyLocator/]: Failed to load resource META-INF/jarjar/metadata.json from appleskin-forge-mc1.20.1-2.5.1.jar, it does not contain dependency information.
[28Mar2025 18:25:34.973] [main/DEBUG] [net.minecraftforge.fml.loading.moddiscovery.AbstractJarFileDependencyLocator/]: Failed to load resource META-INF/jarjar/metadata.json from refurbished_furniture-forge-1.20.1-1.0.9.jar, it does not contain dependency information.
[28Mar2025 18:25:34.974] [main/DEBUG] [net.minecraftforge.fml.loading.moddiscovery.AbstractJarFileDependencyLocator/]: Failed to load resource META-INF/jarjar/metadata.json from framework-forge-1.20.1-0.7.12.jar, it does not contain dependency information.
[28Mar2025 18:25:34.974] [main/DEBUG] [net.minecraftforge.fml.loading.moddiscovery.AbstractJarFileDependencyLocator/]: Failed to load resource META-INF/jarjar/metadata.json from Paraglider-forge-20.1.3.jar, it does not contain dependency information.
[28Mar2025 18:25:34.974] [main/DEBUG] [net.minecraftforge.fml.loading.moddiscovery.AbstractJarFileDependencyLocator/]: Failed to load resource META-INF/jarjar/metadata.json from DungeonsAriseSevenSeas-1.20.x-1.0.2-forge.jar, it does not contain dependency information.
[28Mar2025 18:25:34.974] [main/DEBUG] [net.minecraftforge.fml.loading.moddiscovery.AbstractJarFileDependencyLocator/]: Failed to load resource META-INF/jarjar/metadata.json from cloth-config-11.1.136-forge.jar, it does not contain dependency information.
[28Mar2025 18:25:34.974] [main/DEBUG] [net.minecraftforge.fml.loading.moddiscovery.AbstractJarFileDependencyLocator/]: Failed to load resource META-INF/jarjar/metadata.json from forge-1.20.1-47.3.7-universal.jar, it does not contain dependency information.
[28Mar2025 18:25:34.974] [main/DEBUG] [net.minecraftforge.fml.loading.moddiscovery.AbstractJarFileDependencyLocator/]: Failed to load resource META-INF/jarjar/metadata.json from mclanguage-1.20.1-47.3.7.jar, it does not contain dependency information.
[28Mar2025 18:25:34.974] [main/DEBUG] [net.minecraftforge.fml.loading.moddiscovery.AbstractJarFileDependencyLocator/]: Failed to load resource META-INF/jarjar/metadata.json from javafmllanguage-1.20.1-47.3.7.jar, it does not contain dependency information.
[28Mar2025 18:25:34.974] [main/DEBUG] [net.minecraftforge.fml.loading.moddiscovery.AbstractJarFileDependencyLocator/]: Failed to load resource META-INF/jarjar/metadata.json from fmlcore-1.20.1-47.3.7.jar, it does not contain dependency information.
[28Mar2025 18:25:34.974] [main/DEBUG] [net.minecraftforge.fml.loading.moddiscovery.AbstractJarFileDependencyLocator/]: Failed to load resource META-INF/jarjar/metadata.json from lowcodelanguage-1.20.1-47.3.7.jar, it does not contain dependency information.
[28Mar2025 18:25:35.083] [main/DEBUG] [net.minecraftforge.fml.loading.moddiscovery.ModFileParser/LOADING]: Considering mod file candidate 
[28Mar2025 18:25:35.084] [main/DEBUG] [net.minecraftforge.fml.loading.moddiscovery.ModFileInfo/LOADING]: Found valid mod file mixinextras-forge-0.3.6.jar with {mixinextras} mods - versions {0.3.6}
[28Mar2025 18:25:35.089] [main/DEBUG] [net.minecraftforge.fml.loading.moddiscovery.ModFileParser/LOADING]: Considering mod file candidate 
[28Mar2025 18:25:35.089] [main/DEBUG] [net.minecraftforge.fml.loading.moddiscovery.ModFileInfo/LOADING]: Found valid mod file mixinsquared-forge-0.1.1.jar with {mixinsquared} mods - versions {0.1.1}
[28Mar2025 18:25:35.106] [main/DEBUG] [net.minecraftforge.fml.loading.moddiscovery.ModFileParser/LOADING]: Considering mod file candidate 
[28Mar2025 18:25:35.108] [main/DEBUG] [net.minecraftforge.fml.loading.moddiscovery.ModFileInfo/LOADING]: Found valid mod file mixinextras-forge-0.3.6.jar with {mixinextras} mods - versions {0.3.6}
[28Mar2025 18:25:35.114] [main/DEBUG] [net.minecraftforge.fml.loading.moddiscovery.ModFileParser/LOADING]: Considering mod file candidate 
[28Mar2025 18:25:35.117] [main/DEBUG] [net.minecraftforge.fml.loading.moddiscovery.ModFileInfo/LOADING]: Found valid mod file expandability-forge-9.0.4.jar with {expandability} mods - versions {9.0.4}
[28Mar2025 18:25:35.125] [main/DEBUG] [net.minecraftforge.fml.loading.moddiscovery.ModFileParser/LOADING]: Considering mod file candidate 
[28Mar2025 18:25:35.138] [main/DEBUG] [net.minecraftforge.fml.loading.moddiscovery.ModFileInfo/LOADING]: Found valid mod file mixinextras-forge-0.3.5.jar with {mixinextras} mods - versions {0.3.5}
[28Mar2025 18:25:35.181] [main/DEBUG] [net.minecraftforge.fml.loading.moddiscovery.ModFileParser/LOADING]: Considering mod file candidate 
[28Mar2025 18:25:35.183] [main/DEBUG] [net.minecraftforge.fml.loading.moddiscovery.ModFileInfo/LOADING]: Found valid mod file crackerslib-forge-1.20.1-0.3.2.1.jar with {crackerslib} mods - versions {1.20.1-0.3.2.1}
[28Mar2025 18:25:35.192] [main/DEBUG] [net.minecraftforge.fml.loading.moddiscovery.ModFileParser/LOADING]: Considering mod file candidate 
[28Mar2025 18:25:35.194] [main/DEBUG] [net.minecraftforge.fml.loading.moddiscovery.ModFileInfo/LOADING]: Found valid mod file additionalentityattributes-forge-1.4.0.5+1.20.1.jar with {additionalentityattributes} mods - versions {1.4.0.5+1.20.1}
[28Mar2025 18:25:35.207] [main/DEBUG] [net.minecraftforge.fml.loading.moddiscovery.ModFileParser/LOADING]: Considering mod file candidate 
[28Mar2025 18:25:35.208] [main/DEBUG] [net.minecraftforge.fml.loading.moddiscovery.ModFileInfo/LOADING]: Found valid mod file calio-forge-1.20.1-1.11.0.5.jar with {calio} mods - versions {1.20.1-1.11.0.5}
[28Mar2025 18:25:35.281] [main/DEBUG] [net.minecraftforge.fml.loading.moddiscovery.ModFileParser/LOADING]: Considering mod file candidate 
[28Mar2025 18:25:35.282] [main/DEBUG] [net.minecraftforge.fml.loading.moddiscovery.ModFileInfo/LOADING]: Found valid mod file apoli-forge-1.20.1-2.9.0.8.jar with {apoli} mods - versions {1.20.1-2.9.0.8}
[28Mar2025 18:25:35.288] [main/DEBUG] [net.minecraftforge.fml.loading.moddiscovery.ModFileParser/LOADING]: Considering mod file candidate 
[28Mar2025 18:25:35.290] [main/DEBUG] [net.minecraftforge.fml.loading.moddiscovery.ModFileInfo/LOADING]: Found valid mod file mixinextras-forge-0.3.2.jar with {mixinextras} mods - versions {0.3.2}
[28Mar2025 18:25:35.296] [main/DEBUG] [net.minecraftforge.fml.loading.moddiscovery.ModFileParser/LOADING]: Considering mod file candidate 
[28Mar2025 18:25:35.297] [main/DEBUG] [net.minecraftforge.fml.loading.moddiscovery.ModFileInfo/LOADING]: Found valid mod file mixinextras-forge-0.2.0-beta.7.jar with {mixinextras} mods - versions {0.2.0-beta.7}
[28Mar2025 18:25:35.303] [main/DEBUG] [net.minecraftforge.fml.loading.moddiscovery.ModFileParser/LOADING]: Considering mod file candidate 
[28Mar2025 18:25:35.307] [main/DEBUG] [net.minecraftforge.fml.loading.moddiscovery.ModFileInfo/LOADING]: Found valid mod file mixinextras-forge-0.4.1.jar with {mixinextras} mods - versions {0.4.1}
[28Mar2025 18:25:35.388] [main/DEBUG] [net.minecraftforge.fml.loading.moddiscovery.AbstractJarFileDependencyLocator/]: Failed to load resource META-INF/jarjar/metadata.json from mclib-20.jar, it does not contain dependency information.
[28Mar2025 18:25:35.389] [main/DEBUG] [net.minecraftforge.fml.loading.moddiscovery.AbstractJarFileDependencyLocator/]: Failed to load resource META-INF/jarjar/metadata.json from crackerslib-forge-1.20.1-0.3.2.1.jar, it does not contain dependency information.
[28Mar2025 18:25:35.394] [main/DEBUG] [net.minecraftforge.fml.loading.moddiscovery.ModFileParser/LOADING]: Considering mod file candidate 
[28Mar2025 18:25:35.396] [main/DEBUG] [net.minecraftforge.fml.loading.moddiscovery.ModFileInfo/LOADING]: Found valid mod file mixinextras-forge-0.2.0-beta.8.jar with {mixinextras} mods - versions {0.2.0-beta.8}
[28Mar2025 18:25:35.396] [main/DEBUG] [net.minecraftforge.fml.loading.moddiscovery.AbstractJarFileDependencyLocator/]: Failed to load resource META-INF/jarjar/metadata.json from calio-forge-1.20.1-1.11.0.5.jar, it does not contain dependency information.
[28Mar2025 18:25:35.396] [main/DEBUG] [net.minecraftforge.fml.loading.moddiscovery.AbstractJarFileDependencyLocator/]: Failed to load resource META-INF/jarjar/metadata.json from apoli-forge-1.20.1-2.9.0.8.jar, it does not contain dependency information.
[28Mar2025 18:25:35.417] [main/DEBUG] [net.minecraftforge.fml.loading.moddiscovery.AbstractJarFileDependencyLocator/]: Failed to load resource META-INF/jarjar/metadata.json from MixinExtras-0.3.6.jar, it does not contain dependency information.
[28Mar2025 18:25:35.418] [main/DEBUG] [net.minecraftforge.fml.loading.moddiscovery.AbstractJarFileDependencyLocator/]: Failed to load resource META-INF/jarjar/metadata.json from MixinSquared-0.1.1.jar, it does not contain dependency information.
[28Mar2025 18:25:35.418] [main/DEBUG] [net.minecraftforge.fml.loading.moddiscovery.AbstractJarFileDependencyLocator/]: Failed to load resource META-INF/jarjar/metadata.json from MixinExtras-0.3.6.jar, it does not contain dependency information.
[28Mar2025 18:25:35.418] [main/DEBUG] [net.minecraftforge.fml.loading.moddiscovery.AbstractJarFileDependencyLocator/]: Failed to load resource META-INF/jarjar/metadata.json from MixinExtras-0.1.1.jar, it does not contain dependency information.
[28Mar2025 18:25:35.418] [main/DEBUG] [net.minecraftforge.fml.loading.moddiscovery.AbstractJarFileDependencyLocator/]: Failed to load resource META-INF/jarjar/metadata.json from MixinExtras-0.3.5.jar, it does not contain dependency information.
[28Mar2025 18:25:35.426] [main/DEBUG] [net.minecraftforge.fml.loading.moddiscovery.AbstractJarFileDependencyLocator/]: Failed to load resource META-INF/jarjar/metadata.json from MixinExtras-0.3.2.jar, it does not contain dependency information.
[28Mar2025 18:25:35.428] [main/DEBUG] [net.minecraftforge.fml.loading.moddiscovery.AbstractJarFileDependencyLocator/]: Failed to load resource META-INF/jarjar/metadata.json from MixinExtras-0.2.0-beta.7.jar, it does not contain dependency information.
[28Mar2025 18:25:35.429] [main/DEBUG] [net.minecraftforge.fml.loading.moddiscovery.AbstractJarFileDependencyLocator/]: Failed to load resource META-INF/jarjar/metadata.json from MixinExtras-0.4.1.jar, it does not contain dependency information.
[28Mar2025 18:25:35.430] [main/DEBUG] [net.minecraftforge.fml.loading.moddiscovery.AbstractJarFileDependencyLocator/]: Failed to load resource META-INF/jarjar/metadata.json from MixinExtras-0.2.0-beta.8.jar, it does not contain dependency information.
[28Mar2025 18:25:35.481] [main/DEBUG] [net.minecraftforge.fml.loading.moddiscovery.ModFileParser/LOADING]: Considering mod file candidate 
[28Mar2025 18:25:35.484] [main/DEBUG] [net.minecraftforge.fml.loading.moddiscovery.ModFileInfo/LOADING]: Found valid mod file additionalentityattributes-forge-1.4.0.5+1.20.1.jar with {additionalentityattributes} mods - versions {1.4.0.5+1.20.1}
[28Mar2025 18:25:35.521] [main/DEBUG] [net.minecraftforge.fml.loading.moddiscovery.ModFileParser/LOADING]: Considering mod file candidate 
[28Mar2025 18:25:35.523] [main/DEBUG] [net.minecraftforge.fml.loading.moddiscovery.ModFileInfo/LOADING]: Found valid mod file apoli-forge-1.20.1-2.9.0.8.jar with {apoli} mods - versions {1.20.1-2.9.0.8}
[28Mar2025 18:25:35.526] [main/DEBUG] [net.minecraftforge.fml.loading.moddiscovery.ModFileParser/LOADING]: Considering mod file candidate 
[28Mar2025 18:25:35.526] [main/DEBUG] [net.minecraftforge.fml.loading.moddiscovery.ModFileInfo/LOADING]: Found valid mod file mixinsquared-forge-0.1.1.jar with {mixinsquared} mods - versions {0.1.1}
[28Mar2025 18:25:35.534] [main/DEBUG] [net.minecraftforge.fml.loading.moddiscovery.ModFileParser/LOADING]: Considering mod file candidate 
[28Mar2025 18:25:35.535] [main/DEBUG] [net.minecraftforge.fml.loading.moddiscovery.ModFileInfo/LOADING]: Found valid mod file mixinextras-forge-0.2.0-beta.8.jar with {mixinextras} mods - versions {0.2.0-beta.8}
[28Mar2025 18:25:35.539] [main/DEBUG] [net.minecraftforge.fml.loading.moddiscovery.ModFileParser/LOADING]: Considering mod file candidate 
[28Mar2025 18:25:35.540] [main/DEBUG] [net.minecraftforge.fml.loading.moddiscovery.ModFileInfo/LOADING]: Found valid mod file expandability-forge-9.0.4.jar with {expandability} mods - versions {9.0.4}
[28Mar2025 18:25:35.543] [main/DEBUG] [net.minecraftforge.fml.loading.moddiscovery.ModFileParser/LOADING]: Considering mod file candidate 
[28Mar2025 18:25:35.543] [main/DEBUG] [net.minecraftforge.fml.loading.moddiscovery.ModFileInfo/LOADING]: Found valid mod file mixinextras-forge-0.4.1.jar with {mixinextras} mods - versions {0.4.1}
[28Mar2025 18:25:35.547] [main/DEBUG] [net.minecraftforge.fml.loading.moddiscovery.ModFileParser/LOADING]: Considering mod file candidate 
[28Mar2025 18:25:35.548] [main/DEBUG] [net.minecraftforge.fml.loading.moddiscovery.ModFileInfo/LOADING]: Found valid mod file crackerslib-forge-1.20.1-0.3.2.1.jar with {crackerslib} mods - versions {1.20.1-0.3.2.1}
[28Mar2025 18:25:35.552] [main/DEBUG] [net.minecraftforge.fml.loading.moddiscovery.ModFileParser/LOADING]: Considering mod file candidate 
[28Mar2025 18:25:35.552] [main/DEBUG] [net.minecraftforge.fml.loading.moddiscovery.ModFileInfo/LOADING]: Found valid mod file calio-forge-1.20.1-1.11.0.5.jar with {calio} mods - versions {1.20.1-1.11.0.5}
[28Mar2025 18:25:35.553] [main/WARN] [net.minecraftforge.jarjar.selection.JarSelector/]: Attempted to select two dependency jars from JarJar which have the same identification: Mod File:  and Mod File: . Using Mod File: 
[28Mar2025 18:25:35.555] [main/INFO] [net.minecraftforge.fml.loading.moddiscovery.JarInJarDependencyLocator/]: Found 10 dependencies adding them to mods collection
[28Mar2025 18:25:35.563] [main/DEBUG] [net.minecraftforge.fml.loading.moddiscovery.ModFileParser/LOADING]: Considering mod file candidate /workspaces/mineee2/servidor_minecraft/mods/mcw-bridges-3.0.0-mc1.20.1forge.jar
[28Mar2025 18:25:35.565] [main/DEBUG] [net.minecraftforge.fml.loading.moddiscovery.ModFileInfo/LOADING]: Found valid mod file mcw-bridges-3.0.0-mc1.20.1forge.jar with {mcwbridges} mods - versions {3.0.0}
[28Mar2025 18:25:35.569] [main/DEBUG] [net.minecraftforge.fml.loading.moddiscovery.ModFile/LOADING]: Loading mod file /workspaces/mineee2/servidor_minecraft/mods/mcw-bridges-3.0.0-mc1.20.1forge.jar with languages [LanguageSpec[languageName=javafml, acceptedVersions=[28,)]]
[28Mar2025 18:25:35.570] [main/DEBUG] [net.minecraftforge.fml.loading.moddiscovery.ModFileInfo/LOADING]: Found valid mod file server-1.20.1-20230612.114412-srg.jar with {minecraft} mods - versions {1.20.1}
[28Mar2025 18:25:35.571] [main/DEBUG] [net.minecraftforge.fml.loading.moddiscovery.ModFile/LOADING]: Loading mod file /workspaces/mineee2/servidor_minecraft/libraries/net/minecraft/server/1.20.1-20230612.114412/server-1.20.1-20230612.114412-srg.jar with languages [LanguageSpec[languageName=minecraft, acceptedVersions=1]]
[28Mar2025 18:25:35.571] [main/DEBUG] [net.minecraftforge.fml.loading.moddiscovery.ModFileParser/LOADING]: Considering mod file candidate /workspaces/mineee2/servidor_minecraft/mods/repurposed_structures-7.1.15+1.20.1-forge.jar
[28Mar2025 18:25:35.572] [main/DEBUG] [net.minecraftforge.fml.loading.moddiscovery.ModFileInfo/LOADING]: Found valid mod file repurposed_structures-7.1.15+1.20.1-forge.jar with {repurposed_structures} mods - versions {7.1.15+1.20.1-forge}
[28Mar2025 18:25:35.572] [main/DEBUG] [net.minecraftforge.fml.loading.moddiscovery.ModFile/LOADING]: Loading mod file /workspaces/mineee2/servidor_minecraft/mods/repurposed_structures-7.1.15+1.20.1-forge.jar with languages [LanguageSpec[languageName=javafml, acceptedVersions=[38,)]]
[28Mar2025 18:25:35.572] [main/DEBUG] [net.minecraftforge.fml.loading.moddiscovery.ModFileParser/LOADING]: Considering mod file candidate /workspaces/mineee2/servidor_minecraft/mods/moonlight-1.20-2.13.70-forge.jar
[28Mar2025 18:25:35.572] [main/DEBUG] [net.minecraftforge.fml.loading.moddiscovery.ModFileInfo/LOADING]: Found valid mod file moonlight-1.20-2.13.70-forge.jar with {moonlight} mods - versions {1.20-2.13.70}
[28Mar2025 18:25:35.573] [main/DEBUG] [net.minecraftforge.fml.loading.moddiscovery.ModFile/LOADING]: Loading mod file /workspaces/mineee2/servidor_minecraft/mods/moonlight-1.20-2.13.70-forge.jar with languages [LanguageSpec[languageName=javafml, acceptedVersions=[40,)]]
[28Mar2025 18:25:35.573] [main/DEBUG] [net.minecraftforge.fml.loading.moddiscovery.ModFileParser/LOADING]: Considering mod file candidate /workspaces/mineee2/servidor_minecraft/mods/TerraBlender-forge-1.20.1-3.0.1.7.jar
[28Mar2025 18:25:35.575] [main/DEBUG] [net.minecraftforge.fml.loading.moddiscovery.ModFileInfo/LOADING]: Found valid mod file TerraBlender-forge-1.20.1-3.0.1.7.jar with {terrablender} mods - versions {3.0.1.7}
[28Mar2025 18:25:35.576] [main/DEBUG] [net.minecraftforge.fml.loading.moddiscovery.ModFile/LOADING]: Loading mod file /workspaces/mineee2/servidor_minecraft/mods/TerraBlender-forge-1.20.1-3.0.1.7.jar with languages [LanguageSpec[languageName=javafml, acceptedVersions=[47,)]]
[28Mar2025 18:25:35.576] [main/DEBUG] [net.minecraftforge.fml.loading.moddiscovery.ModFileParser/LOADING]: Considering mod file candidate /workspaces/mineee2/servidor_minecraft/mods/alexsmobs-1.22.9.jar
[28Mar2025 18:25:35.578] [main/DEBUG] [net.minecraftforge.fml.loading.moddiscovery.ModFileInfo/LOADING]: Found valid mod file alexsmobs-1.22.9.jar with {alexsmobs} mods - versions {1.22.9}
[28Mar2025 18:25:35.578] [main/DEBUG] [net.minecraftforge.fml.loading.moddiscovery.ModFile/LOADING]: Loading mod file /workspaces/mineee2/servidor_minecraft/mods/alexsmobs-1.22.9.jar with languages [LanguageSpec[languageName=javafml, acceptedVersions=[46,)]]
[28Mar2025 18:25:35.578] [main/DEBUG] [net.minecraftforge.fml.loading.moddiscovery.ModFileParser/LOADING]: Considering mod file candidate /workspaces/mineee2/servidor_minecraft/mods/BiomesOPlenty-1.20.1-18.0.0.592.jar
[28Mar2025 18:25:35.579] [main/DEBUG] [net.minecraftforge.fml.loading.moddiscovery.ModFileInfo/LOADING]: Found valid mod file BiomesOPlenty-1.20.1-18.0.0.592.jar with {biomesoplenty} mods - versions {18.0.0.592}
[28Mar2025 18:25:35.579] [main/DEBUG] [net.minecraftforge.fml.loading.moddiscovery.ModFile/LOADING]: Loading mod file /workspaces/mineee2/servidor_minecraft/mods/BiomesOPlenty-1.20.1-18.0.0.592.jar with languages [LanguageSpec[languageName=javafml, acceptedVersions=[45,)]]
[28Mar2025 18:25:35.580] [main/DEBUG] [net.minecraftforge.fml.loading.moddiscovery.ModFileParser/LOADING]: Considering mod file candidate /workspaces/mineee2/servidor_minecraft/mods/endertrigon-1.20.1-1.1-all.jar
[28Mar2025 18:25:35.585] [main/DEBUG] [net.minecraftforge.fml.loading.moddiscovery.ModFileInfo/LOADING]: Found valid mod file endertrigon-1.20.1-1.1-all.jar with {endertrigon} mods - versions {1.20.1-1.1}
[28Mar2025 18:25:35.586] [main/DEBUG] [net.minecraftforge.fml.loading.moddiscovery.ModFile/LOADING]: Loading mod file /workspaces/mineee2/servidor_minecraft/mods/endertrigon-1.20.1-1.1-all.jar with languages [LanguageSpec[languageName=javafml, acceptedVersions=[47,)]]
[28Mar2025 18:25:35.586] [main/DEBUG] [net.minecraftforge.fml.loading.moddiscovery.ModFileParser/LOADING]: Considering mod file candidate 
[28Mar2025 18:25:35.587] [main/DEBUG] [net.minecraftforge.fml.loading.moddiscovery.ModFileInfo/LOADING]: Found valid mod file additionalentityattributes-forge-1.4.0.5+1.20.1.jar with {additionalentityattributes} mods - versions {1.4.0.5+1.20.1}
[28Mar2025 18:25:35.588] [main/DEBUG] [net.minecraftforge.fml.loading.moddiscovery.ModFile/LOADING]: Loading mod file  with languages [LanguageSpec[languageName=javafml, acceptedVersions=[41,)]]
[28Mar2025 18:25:35.593] [main/DEBUG] [net.minecraftforge.fml.loading.moddiscovery.ModFileParser/LOADING]: Found coremod aea_water_speed with Javascript path coremods/aea_water_speed.js
[28Mar2025 18:25:35.594] [main/DEBUG] [net.minecraftforge.fml.loading.moddiscovery.ModFile/LOADING]: Found coremod coremods/aea_water_speed.js
[28Mar2025 18:25:35.594] [main/DEBUG] [net.minecraftforge.fml.loading.moddiscovery.ModFileParser/LOADING]: Considering mod file candidate /workspaces/mineee2/servidor_minecraft/mods/amendments-1.20-1.2.18.jar
[28Mar2025 18:25:35.595] [main/DEBUG] [net.minecraftforge.fml.loading.moddiscovery.ModFileInfo/LOADING]: Found valid mod file amendments-1.20-1.2.18.jar with {amendments} mods - versions {1.20-1.2.18}
[28Mar2025 18:25:35.595] [main/DEBUG] [net.minecraftforge.fml.loading.moddiscovery.ModFile/LOADING]: Loading mod file /workspaces/mineee2/servidor_minecraft/mods/amendments-1.20-1.2.18.jar with languages [LanguageSpec[languageName=javafml, acceptedVersions=[47,)]]
[28Mar2025 18:25:35.596] [main/DEBUG] [net.minecraftforge.fml.loading.moddiscovery.ModFileParser/LOADING]: Considering mod file candidate /workspaces/mineee2/servidor_minecraft/mods/Jade-1.20.1-Forge-11.12.3.jar
[28Mar2025 18:25:35.596] [main/DEBUG] [net.minecraftforge.fml.loading.moddiscovery.ModFileInfo/LOADING]: Found valid mod file Jade-1.20.1-Forge-11.12.3.jar with {jade} mods - versions {11.12.3+forge}
[28Mar2025 18:25:35.599] [main/DEBUG] [net.minecraftforge.fml.loading.moddiscovery.ModFile/LOADING]: Loading mod file /workspaces/mineee2/servidor_minecraft/mods/Jade-1.20.1-Forge-11.12.3.jar with languages [LanguageSpec[languageName=javafml, acceptedVersions=[46,)]]
[28Mar2025 18:25:35.599] [main/DEBUG] [net.minecraftforge.fml.loading.moddiscovery.ModFileParser/LOADING]: Considering mod file candidate /workspaces/mineee2/servidor_minecraft/mods/geckolib-forge-1.20.1-4.7.jar
[28Mar2025 18:25:35.600] [main/DEBUG] [net.minecraftforge.fml.loading.moddiscovery.ModFileInfo/LOADING]: Found valid mod file geckolib-forge-1.20.1-4.7.jar with {geckolib} mods - versions {4.7}
[28Mar2025 18:25:35.600] [main/DEBUG] [net.minecraftforge.fml.loading.moddiscovery.ModFile/LOADING]: Loading mod file /workspaces/mineee2/servidor_minecraft/mods/geckolib-forge-1.20.1-4.7.jar with languages [LanguageSpec[languageName=javafml, acceptedVersions=[47,)]]
[28Mar2025 18:25:35.603] [main/DEBUG] [net.minecraftforge.fml.loading.moddiscovery.ModFileParser/LOADING]: Considering mod file candidate /workspaces/mineee2/servidor_minecraft/mods/jei-1.20.1-forge-15.12.2.51.jar
[28Mar2025 18:25:35.604] [main/DEBUG] [net.minecraftforge.fml.loading.moddiscovery.ModFileInfo/LOADING]: Found valid mod file jei-1.20.1-forge-15.12.2.51.jar with {jei} mods - versions {15.12.2.51}
[28Mar2025 18:25:35.604] [main/DEBUG] [net.minecraftforge.fml.loading.moddiscovery.ModFile/LOADING]: Loading mod file /workspaces/mineee2/servidor_minecraft/mods/jei-1.20.1-forge-15.12.2.51.jar with languages [LanguageSpec[languageName=javafml, acceptedVersions=[47,)]]
[28Mar2025 18:25:35.605] [main/DEBUG] [net.minecraftforge.fml.loading.moddiscovery.ModFileParser/LOADING]: Considering mod file candidate 
[28Mar2025 18:25:35.605] [main/DEBUG] [net.minecraftforge.fml.loading.moddiscovery.ModFileInfo/LOADING]: Found valid mod file calio-forge-1.20.1-1.11.0.5.jar with {calio} mods - versions {1.20.1-1.11.0.5}
[28Mar2025 18:25:35.605] [main/DEBUG] [net.minecraftforge.fml.loading.moddiscovery.ModFile/LOADING]: Loading mod file  with languages [LanguageSpec[languageName=javafml, acceptedVersions=[47,)]]
[28Mar2025 18:25:35.606] [main/DEBUG] [net.minecraftforge.fml.loading.moddiscovery.ModFileParser/LOADING]: Found coremod accessors with Javascript path coremods/accessors.js
[28Mar2025 18:25:35.606] [main/DEBUG] [net.minecraftforge.fml.loading.moddiscovery.ModFileParser/LOADING]: Found coremod tooltip with Javascript path coremods/tooltip.js
[28Mar2025 18:25:35.606] [main/DEBUG] [net.minecraftforge.fml.loading.moddiscovery.ModFile/LOADING]: Found coremod coremods/accessors.js
[28Mar2025 18:25:35.606] [main/DEBUG] [net.minecraftforge.fml.loading.moddiscovery.ModFile/LOADING]: Found coremod coremods/tooltip.js
[28Mar2025 18:25:35.606] [main/DEBUG] [net.minecraftforge.fml.loading.moddiscovery.ModFileParser/LOADING]: Considering mod file candidate /workspaces/mineee2/servidor_minecraft/mods/libraryferret-forge-1.20.1-4.0.0.jar
[28Mar2025 18:25:35.608] [main/DEBUG] [net.minecraftforge.fml.loading.moddiscovery.ModFileInfo/LOADING]: Found valid mod file libraryferret-forge-1.20.1-4.0.0.jar with {libraryferret} mods - versions {4.0.0}
[28Mar2025 18:25:35.608] [main/DEBUG] [net.minecraftforge.fml.loading.moddiscovery.ModFile/LOADING]: Loading mod file /workspaces/mineee2/servidor_minecraft/mods/libraryferret-forge-1.20.1-4.0.0.jar with languages [LanguageSpec[languageName=javafml, acceptedVersions=[47,)]]
[28Mar2025 18:25:35.609] [main/DEBUG] [net.minecraftforge.fml.loading.moddiscovery.ModFileParser/LOADING]: Considering mod file candidate /workspaces/mineee2/servidor_minecraft/mods/caelus-forge-3.2.0+1.20.1.jar
[28Mar2025 18:25:35.609] [main/DEBUG] [net.minecraftforge.fml.loading.moddiscovery.ModFileInfo/LOADING]: Found valid mod file caelus-forge-3.2.0+1.20.1.jar with {caelus} mods - versions {3.2.0+1.20.1}
[28Mar2025 18:25:35.610] [main/DEBUG] [net.minecraftforge.fml.loading.moddiscovery.ModFile/LOADING]: Loading mod file /workspaces/mineee2/servidor_minecraft/mods/caelus-forge-3.2.0+1.20.1.jar with languages [LanguageSpec[languageName=javafml, acceptedVersions=[46,)]]
[28Mar2025 18:25:35.611] [main/DEBUG] [net.minecraftforge.fml.loading.moddiscovery.ModFileParser/LOADING]: Considering mod file candidate 
[28Mar2025 18:25:35.611] [main/DEBUG] [net.minecraftforge.fml.loading.moddiscovery.ModFileInfo/LOADING]: Found valid mod file apoli-forge-1.20.1-2.9.0.8.jar with {apoli} mods - versions {1.20.1-2.9.0.8}
[28Mar2025 18:25:35.611] [main/DEBUG] [net.minecraftforge.fml.loading.moddiscovery.ModFile/LOADING]: Loading mod file  with languages [LanguageSpec[languageName=javafml, acceptedVersions=[47,)]]
[28Mar2025 18:25:35.613] [main/DEBUG] [net.minecraftforge.fml.loading.moddiscovery.ModFileParser/LOADING]: Found coremod prevent_armor_equip with Javascript path coremods/apoli.js
[28Mar2025 18:25:35.613] [main/DEBUG] [net.minecraftforge.fml.loading.moddiscovery.ModFile/LOADING]: Found coremod coremods/apoli.js
[28Mar2025 18:25:35.614] [main/DEBUG] [net.minecraftforge.fml.loading.moddiscovery.ModFileParser/LOADING]: Considering mod file candidate /workspaces/mineee2/servidor_minecraft/mods/Incendium_1.20.x_v5.3.5.jar
[28Mar2025 18:25:35.617] [main/DEBUG] [net.minecraftforge.fml.loading.moddiscovery.ModFileInfo/LOADING]: Found valid mod file Incendium_1.20.x_v5.3.5.jar with {incendium} mods - versions {5.3.5}
[28Mar2025 18:25:35.617] [main/DEBUG] [net.minecraftforge.fml.loading.moddiscovery.ModFile/LOADING]: Loading mod file /workspaces/mineee2/servidor_minecraft/mods/Incendium_1.20.x_v5.3.5.jar with languages [LanguageSpec[languageName=lowcodefml, acceptedVersions=[1,)]]
[28Mar2025 18:25:35.618] [main/DEBUG] [net.minecraftforge.fml.loading.moddiscovery.ModFileParser/LOADING]: Considering mod file candidate /workspaces/mineee2/servidor_minecraft/mods/Ribbits-1.20.1-Forge-3.0.4.jar
[28Mar2025 18:25:35.619] [main/DEBUG] [net.minecraftforge.fml.loading.moddiscovery.ModFileInfo/LOADING]: Found valid mod file Ribbits-1.20.1-Forge-3.0.4.jar with {ribbits} mods - versions {1.20.1-Forge-3.0.4}
[28Mar2025 18:25:35.621] [main/DEBUG] [net.minecraftforge.fml.loading.moddiscovery.ModFile/LOADING]: Loading mod file /workspaces/mineee2/servidor_minecraft/mods/Ribbits-1.20.1-Forge-3.0.4.jar with languages [LanguageSpec[languageName=javafml, acceptedVersions=[47,)]]
[28Mar2025 18:25:35.621] [main/DEBUG] [net.minecraftforge.fml.loading.moddiscovery.ModFileParser/LOADING]: Considering mod file candidate /workspaces/mineee2/servidor_minecraft/mods/curios-forge-5.12.0+1.20.1.jar
[28Mar2025 18:25:35.622] [main/DEBUG] [net.minecraftforge.fml.loading.moddiscovery.ModFileInfo/LOADING]: Found valid mod file curios-forge-5.12.0+1.20.1.jar with {curios} mods - versions {5.12.0+1.20.1}
[28Mar2025 18:25:35.623] [main/DEBUG] [net.minecraftforge.fml.loading.moddiscovery.ModFile/LOADING]: Loading mod file /workspaces/mineee2/servidor_minecraft/mods/curios-forge-5.12.0+1.20.1.jar with languages [LanguageSpec[languageName=javafml, acceptedVersions=[41,)]]
[28Mar2025 18:25:35.623] [main/DEBUG] [net.minecraftforge.fml.loading.moddiscovery.ModFileParser/LOADING]: Considering mod file candidate /workspaces/mineee2/servidor_minecraft/mods/origins-forge-1.20.1-1.10.0.9-all.jar
[28Mar2025 18:25:35.623] [main/DEBUG] [net.minecraftforge.fml.loading.moddiscovery.ModFileInfo/LOADING]: Found valid mod file origins-forge-1.20.1-1.10.0.9-all.jar with {origins} mods - versions {1.20.1-1.10.0.9}
[28Mar2025 18:25:35.623] [main/DEBUG] [net.minecraftforge.fml.loading.moddiscovery.ModFile/LOADING]: Loading mod file /workspaces/mineee2/servidor_minecraft/mods/origins-forge-1.20.1-1.10.0.9-all.jar with languages [LanguageSpec[languageName=javafml, acceptedVersions=[47,)]]
[28Mar2025 18:25:35.623] [main/DEBUG] [net.minecraftforge.fml.loading.moddiscovery.ModFileParser/LOADING]: Considering mod file candidate /workspaces/mineee2/servidor_minecraft/mods/journeymap-1.20.1-5.10.3-forge.jar
[28Mar2025 18:25:35.624] [main/DEBUG] [net.minecraftforge.fml.loading.moddiscovery.ModFileInfo/LOADING]: Found valid mod file journeymap-1.20.1-5.10.3-forge.jar with {journeymap} mods - versions {5.10.3}
[28Mar2025 18:25:35.624] [main/DEBUG] [net.minecraftforge.fml.loading.moddiscovery.ModFile/LOADING]: Loading mod file /workspaces/mineee2/servidor_minecraft/mods/journeymap-1.20.1-5.10.3-forge.jar with languages [LanguageSpec[languageName=javafml, acceptedVersions=[44,)]]
[28Mar2025 18:25:35.627] [main/DEBUG] [net.minecraftforge.fml.loading.moddiscovery.ModFileParser/LOADING]: Found coremod journeymap potion effect transformer with Javascript path potion-effects-shift.js
[28Mar2025 18:25:35.627] [main/DEBUG] [net.minecraftforge.fml.loading.moddiscovery.ModFile/LOADING]: Found coremod potion-effects-shift.js
[28Mar2025 18:25:35.627] [main/DEBUG] [net.minecraftforge.fml.loading.moddiscovery.ModFileParser/LOADING]: Considering mod file candidate /workspaces/mineee2/servidor_minecraft/mods/[1.20.1] SecurityCraft v1.9.12.jar
[28Mar2025 18:25:35.629] [main/DEBUG] [net.minecraftforge.fml.loading.moddiscovery.ModFileInfo/LOADING]: Found valid mod file [1.20.1] SecurityCraft v1.9.12.jar with {securitycraft} mods - versions {1.9.12}
[28Mar2025 18:25:35.630] [main/DEBUG] [net.minecraftforge.fml.loading.moddiscovery.ModFile/LOADING]: Loading mod file /workspaces/mineee2/servidor_minecraft/mods/[1.20.1] SecurityCraft v1.9.12.jar with languages [LanguageSpec[languageName=javafml, acceptedVersions=[46,)]]
[28Mar2025 18:25:35.630] [main/DEBUG] [net.minecraftforge.fml.loading.moddiscovery.ModFileParser/LOADING]: Considering mod file candidate /workspaces/mineee2/servidor_minecraft/mods/citadel-2.6.1-1.20.1.jar
[28Mar2025 18:25:35.630] [main/DEBUG] [net.minecraftforge.fml.loading.moddiscovery.ModFileInfo/LOADING]: Found valid mod file citadel-2.6.1-1.20.1.jar with {citadel} mods - versions {2.6.1}
[28Mar2025 18:25:35.633] [main/DEBUG] [net.minecraftforge.fml.loading.moddiscovery.ModFile/LOADING]: Loading mod file /workspaces/mineee2/servidor_minecraft/mods/citadel-2.6.1-1.20.1.jar with languages [LanguageSpec[languageName=javafml, acceptedVersions=[47,)]]
[28Mar2025 18:25:35.633] [main/DEBUG] [net.minecraftforge.fml.loading.moddiscovery.ModFileParser/LOADING]: Considering mod file candidate /workspaces/mineee2/servidor_minecraft/mods/artifacts-forge-9.5.13.jar
[28Mar2025 18:25:35.634] [main/DEBUG] [net.minecraftforge.fml.loading.moddiscovery.ModFileInfo/LOADING]: Found valid mod file artifacts-forge-9.5.13.jar with {artifacts} mods - versions {9.5.13}
[28Mar2025 18:25:35.634] [main/DEBUG] [net.minecraftforge.fml.loading.moddiscovery.ModFile/LOADING]: Loading mod file /workspaces/mineee2/servidor_minecraft/mods/artifacts-forge-9.5.13.jar with languages [LanguageSpec[languageName=javafml, acceptedVersions=[47,)]]
[28Mar2025 18:25:35.634] [main/DEBUG] [net.minecraftforge.fml.loading.moddiscovery.ModFileParser/LOADING]: Considering mod file candidate /workspaces/mineee2/servidor_minecraft/mods/travelersbackpack-forge-1.20.1-9.1.16.jar
[28Mar2025 18:25:35.635] [main/DEBUG] [net.minecraftforge.fml.loading.moddiscovery.ModFileInfo/LOADING]: Found valid mod file travelersbackpack-forge-1.20.1-9.1.16.jar with {travelersbackpack} mods - versions {9.1.16}
[28Mar2025 18:25:35.635] [main/DEBUG] [net.minecraftforge.fml.loading.moddiscovery.ModFile/LOADING]: Loading mod file /workspaces/mineee2/servidor_minecraft/mods/travelersbackpack-forge-1.20.1-9.1.16.jar with languages [LanguageSpec[languageName=javafml, acceptedVersions=[46,)]]
[28Mar2025 18:25:35.635] [main/DEBUG] [net.minecraftforge.fml.loading.moddiscovery.ModFileParser/LOADING]: Considering mod file candidate /workspaces/mineee2/servidor_minecraft/mods/Zeta-1.0-24.jar
[28Mar2025 18:25:35.635] [main/DEBUG] [net.minecraftforge.fml.loading.moddiscovery.ModFileInfo/LOADING]: Found valid mod file Zeta-1.0-24.jar with {zeta} mods - versions {1.0-24}
[28Mar2025 18:25:35.636] [main/DEBUG] [net.minecraftforge.fml.loading.moddiscovery.ModFile/LOADING]: Loading mod file /workspaces/mineee2/servidor_minecraft/mods/Zeta-1.0-24.jar with languages [LanguageSpec[languageName=javafml, acceptedVersions=[41,)]]
[28Mar2025 18:25:35.636] [main/DEBUG] [net.minecraftforge.fml.loading.moddiscovery.ModFileParser/LOADING]: Considering mod file candidate 
[28Mar2025 18:25:35.636] [main/DEBUG] [net.minecraftforge.fml.loading.moddiscovery.ModFileInfo/LOADING]: Found valid mod file crackerslib-forge-1.20.1-0.3.2.1.jar with {crackerslib} mods - versions {1.20.1-0.3.2.1}
[28Mar2025 18:25:35.636] [main/DEBUG] [net.minecraftforge.fml.loading.moddiscovery.ModFile/LOADING]: Loading mod file  with languages [LanguageSpec[languageName=javafml, acceptedVersions=[47,)]]
[28Mar2025 18:25:35.636] [main/DEBUG] [net.minecraftforge.fml.loading.moddiscovery.ModFileParser/LOADING]: Considering mod file candidate /workspaces/mineee2/servidor_minecraft/mods/bettervillage-forge-1.20.1-3.2.0.jar
[28Mar2025 18:25:35.637] [main/DEBUG] [net.minecraftforge.fml.loading.moddiscovery.ModFileInfo/LOADING]: Found valid mod file bettervillage-forge-1.20.1-3.2.0.jar with {bettervillage} mods - versions {3.2.0}
[28Mar2025 18:25:35.637] [main/DEBUG] [net.minecraftforge.fml.loading.moddiscovery.ModFile/LOADING]: Loading mod file /workspaces/mineee2/servidor_minecraft/mods/bettervillage-forge-1.20.1-3.2.0.jar with languages [LanguageSpec[languageName=javafml, acceptedVersions=[47,)]]
[28Mar2025 18:25:35.639] [main/DEBUG] [net.minecraftforge.fml.loading.moddiscovery.ModFileParser/LOADING]: Considering mod file candidate /workspaces/mineee2/servidor_minecraft/mods/YungsApi-1.20-Forge-4.0.6.jar
[28Mar2025 18:25:35.640] [main/DEBUG] [net.minecraftforge.fml.loading.moddiscovery.ModFileInfo/LOADING]: Found valid mod file YungsApi-1.20-Forge-4.0.6.jar with {yungsapi} mods - versions {1.20-Forge-4.0.6}
[28Mar2025 18:25:35.640] [main/DEBUG] [net.minecraftforge.fml.loading.moddiscovery.ModFile/LOADING]: Loading mod file /workspaces/mineee2/servidor_minecraft/mods/YungsApi-1.20-Forge-4.0.6.jar with languages [LanguageSpec[languageName=javafml, acceptedVersions=[46,)]]
[28Mar2025 18:25:35.640] [main/DEBUG] [net.minecraftforge.fml.loading.moddiscovery.ModFileParser/LOADING]: Considering mod file candidate /workspaces/mineee2/servidor_minecraft/mods/Dungeon Crawl-1.20.1-2.3.15.jar
[28Mar2025 18:25:35.640] [main/DEBUG] [net.minecraftforge.fml.loading.moddiscovery.ModFileInfo/LOADING]: Found valid mod file Dungeon Crawl-1.20.1-2.3.15.jar with {dungeoncrawl} mods - versions {2.3.15}
[28Mar2025 18:25:35.640] [main/DEBUG] [net.minecraftforge.fml.loading.moddiscovery.ModFile/LOADING]: Loading mod file /workspaces/mineee2/servidor_minecraft/mods/Dungeon Crawl-1.20.1-2.3.15.jar with languages [LanguageSpec[languageName=javafml, acceptedVersions=[47,)]]
[28Mar2025 18:25:35.640] [main/DEBUG] [net.minecraftforge.fml.loading.moddiscovery.ModFileParser/LOADING]: Considering mod file candidate /workspaces/mineee2/servidor_minecraft/mods/tombstone-1.20.1-8.9.0.jar
[28Mar2025 18:25:35.641] [main/DEBUG] [net.minecraftforge.fml.loading.moddiscovery.ModFileInfo/LOADING]: Found valid mod file tombstone-1.20.1-8.9.0.jar with {tombstone} mods - versions {8.9.0}
[28Mar2025 18:25:35.643] [main/DEBUG] [net.minecraftforge.fml.loading.moddiscovery.ModFile/LOADING]: Loading mod file /workspaces/mineee2/servidor_minecraft/mods/tombstone-1.20.1-8.9.0.jar with languages [LanguageSpec[languageName=javafml, acceptedVersions=[46,)]]
[28Mar2025 18:25:35.643] [main/DEBUG] [net.minecraftforge.fml.loading.moddiscovery.ModFileParser/LOADING]: Considering mod file candidate /workspaces/mineee2/servidor_minecraft/mods/appleskin-forge-mc1.20.1-2.5.1.jar
[28Mar2025 18:25:35.644] [main/DEBUG] [net.minecraftforge.fml.loading.moddiscovery.ModFileInfo/LOADING]: Found valid mod file appleskin-forge-mc1.20.1-2.5.1.jar with {appleskin} mods - versions {2.5.1+mc1.20.1}
[28Mar2025 18:25:35.644] [main/DEBUG] [net.minecraftforge.fml.loading.moddiscovery.ModFile/LOADING]: Loading mod file /workspaces/mineee2/servidor_minecraft/mods/appleskin-forge-mc1.20.1-2.5.1.jar with languages [LanguageSpec[languageName=javafml, acceptedVersions=[47,)]]
[28Mar2025 18:25:35.645] [main/DEBUG] [net.minecraftforge.fml.loading.moddiscovery.ModFileParser/LOADING]: Considering mod file candidate /workspaces/mineee2/servidor_minecraft/mods/architectury-9.2.14-forge.jar
[28Mar2025 18:25:35.647] [main/DEBUG] [net.minecraftforge.fml.loading.moddiscovery.ModFileInfo/LOADING]: Found valid mod file architectury-9.2.14-forge.jar with {architectury} mods - versions {9.2.14}
[28Mar2025 18:25:35.647] [main/DEBUG] [net.minecraftforge.fml.loading.moddiscovery.ModFile/LOADING]: Loading mod file /workspaces/mineee2/servidor_minecraft/mods/architectury-9.2.14-forge.jar with languages [LanguageSpec[languageName=javafml, acceptedVersions=[46,)]]
[28Mar2025 18:25:35.649] [main/DEBUG] [net.minecraftforge.fml.loading.moddiscovery.ModFileParser/LOADING]: Considering mod file candidate /workspaces/mineee2/servidor_minecraft/mods/cave_dweller-1.20.1-1.7.0.jar
[28Mar2025 18:25:35.649] [main/DEBUG] [net.minecraftforge.fml.loading.moddiscovery.ModFileInfo/LOADING]: Found valid mod file cave_dweller-1.20.1-1.7.0.jar with {cave_dweller} mods - versions {1.7.0}
[28Mar2025 18:25:35.650] [main/DEBUG] [net.minecraftforge.fml.loading.moddiscovery.ModFile/LOADING]: Loading mod file /workspaces/mineee2/servidor_minecraft/mods/cave_dweller-1.20.1-1.7.0.jar with languages [LanguageSpec[languageName=javafml, acceptedVersions=[46,)]]
[28Mar2025 18:25:35.650] [main/DEBUG] [net.minecraftforge.fml.loading.moddiscovery.ModFileParser/LOADING]: Considering mod file candidate /workspaces/mineee2/servidor_minecraft/mods/refurbished_furniture-forge-1.20.1-1.0.9.jar
[28Mar2025 18:25:35.650] [main/DEBUG] [net.minecraftforge.fml.loading.moddiscovery.ModFileInfo/LOADING]: Found valid mod file refurbished_furniture-forge-1.20.1-1.0.9.jar with {refurbished_furniture} mods - versions {1.0.9}
[28Mar2025 18:25:35.650] [main/DEBUG] [net.minecraftforge.fml.loading.moddiscovery.ModFile/LOADING]: Loading mod file /workspaces/mineee2/servidor_minecraft/mods/refurbished_furniture-forge-1.20.1-1.0.9.jar with languages [LanguageSpec[languageName=javafml, acceptedVersions=[39,)]]
[28Mar2025 18:25:35.650] [main/DEBUG] [net.minecraftforge.fml.loading.moddiscovery.ModFileParser/LOADING]: Considering mod file candidate /workspaces/mineee2/servidor_minecraft/mods/framework-forge-1.20.1-0.7.12.jar
[28Mar2025 18:25:35.651] [main/DEBUG] [net.minecraftforge.fml.loading.moddiscovery.ModFileInfo/LOADING]: Found valid mod file framework-forge-1.20.1-0.7.12.jar with {framework} mods - versions {0.7.12}
[28Mar2025 18:25:35.651] [main/DEBUG] [net.minecraftforge.fml.loading.moddiscovery.ModFile/LOADING]: Loading mod file /workspaces/mineee2/servidor_minecraft/mods/framework-forge-1.20.1-0.7.12.jar with languages [LanguageSpec[languageName=javafml, acceptedVersions=[39,)]]
[28Mar2025 18:25:35.652] [main/DEBUG] [net.minecraftforge.fml.loading.moddiscovery.ModFileParser/LOADING]: Considering mod file candidate /workspaces/mineee2/servidor_minecraft/mods/cloth-config-11.1.136-forge.jar
[28Mar2025 18:25:35.659] [main/DEBUG] [net.minecraftforge.fml.loading.moddiscovery.ModFileInfo/LOADING]: Found valid mod file cloth-config-11.1.136-forge.jar with {cloth_config} mods - versions {11.1.136}
[28Mar2025 18:25:35.660] [main/DEBUG] [net.minecraftforge.fml.loading.moddiscovery.ModFile/LOADING]: Loading mod file /workspaces/mineee2/servidor_minecraft/mods/cloth-config-11.1.136-forge.jar with languages [LanguageSpec[languageName=javafml, acceptedVersions=[34,)]]
[28Mar2025 18:25:35.661] [main/DEBUG] [net.minecraftforge.fml.loading.moddiscovery.ModFileParser/LOADING]: Considering mod file candidate /workspaces/mineee2/servidor_minecraft/mods/DungeonsAriseSevenSeas-1.20.x-1.0.2-forge.jar
[28Mar2025 18:25:35.662] [main/DEBUG] [net.minecraftforge.fml.loading.moddiscovery.ModFileInfo/LOADING]: Found valid mod file DungeonsAriseSevenSeas-1.20.x-1.0.2-forge.jar with {dungeons_arise_seven_seas} mods - versions {1.0.2}
[28Mar2025 18:25:35.662] [main/DEBUG] [net.minecraftforge.fml.loading.moddiscovery.ModFile/LOADING]: Loading mod file /workspaces/mineee2/servidor_minecraft/mods/DungeonsAriseSevenSeas-1.20.x-1.0.2-forge.jar with languages [LanguageSpec[languageName=javafml, acceptedVersions=[43,)]]
[28Mar2025 18:25:35.663] [main/DEBUG] [net.minecraftforge.fml.loading.moddiscovery.ModFileParser/LOADING]: Considering mod file candidate /workspaces/mineee2/servidor_minecraft/mods/Paraglider-forge-20.1.3.jar
[28Mar2025 18:25:35.666] [main/DEBUG] [net.minecraftforge.fml.loading.moddiscovery.ModFileInfo/LOADING]: Found valid mod file Paraglider-forge-20.1.3.jar with {paraglider} mods - versions {20.1.3}
[28Mar2025 18:25:35.668] [main/DEBUG] [net.minecraftforge.fml.loading.moddiscovery.ModFile/LOADING]: Loading mod file /workspaces/mineee2/servidor_minecraft/mods/Paraglider-forge-20.1.3.jar with languages [LanguageSpec[languageName=javafml, acceptedVersions=[47,)]]
[28Mar2025 18:25:35.669] [main/DEBUG] [net.minecraftforge.fml.loading.moddiscovery.ModFileParser/LOADING]: Considering mod file candidate /workspaces/mineee2/servidor_minecraft/libraries/net/minecraftforge/forge/1.20.1-47.3.7/forge-1.20.1-47.3.7-universal.jar
[28Mar2025 18:25:35.671] [main/DEBUG] [net.minecraftforge.fml.loading.moddiscovery.ModFileInfo/LOADING]: Found valid mod file forge-1.20.1-47.3.7-universal.jar with {forge} mods - versions {47.3.7}
[28Mar2025 18:25:35.671] [main/DEBUG] [net.minecraftforge.fml.loading.moddiscovery.ModFile/LOADING]: Loading mod file /workspaces/mineee2/servidor_minecraft/libraries/net/minecraftforge/forge/1.20.1-47.3.7/forge-1.20.1-47.3.7-universal.jar with languages [LanguageSpec[languageName=javafml, acceptedVersions=[24,]]]
[28Mar2025 18:25:35.673] [main/DEBUG] [net.minecraftforge.fml.loading.moddiscovery.ModFileParser/LOADING]: Found coremod field_to_method with Javascript path coremods/field_to_method.js
[28Mar2025 18:25:35.673] [main/DEBUG] [net.minecraftforge.fml.loading.moddiscovery.ModFileParser/LOADING]: Found coremod field_to_instanceof with Javascript path coremods/field_to_instanceof.js
[28Mar2025 18:25:35.673] [main/DEBUG] [net.minecraftforge.fml.loading.moddiscovery.ModFileParser/LOADING]: Found coremod add_bouncer_method with Javascript path coremods/add_bouncer_method.js
[28Mar2025 18:25:35.673] [main/DEBUG] [net.minecraftforge.fml.loading.moddiscovery.ModFileParser/LOADING]: Found coremod method_redirector with Javascript path coremods/method_redirector.js
[28Mar2025 18:25:35.674] [main/DEBUG] [net.minecraftforge.fml.loading.moddiscovery.ModFile/LOADING]: Found coremod coremods/field_to_method.js
[28Mar2025 18:25:35.674] [main/DEBUG] [net.minecraftforge.fml.loading.moddiscovery.ModFile/LOADING]: Found coremod coremods/field_to_instanceof.js
[28Mar2025 18:25:35.675] [main/DEBUG] [net.minecraftforge.fml.loading.moddiscovery.ModFile/LOADING]: Found coremod coremods/add_bouncer_method.js
[28Mar2025 18:25:35.675] [main/DEBUG] [net.minecraftforge.fml.loading.moddiscovery.ModFile/LOADING]: Found coremod coremods/method_redirector.js
[28Mar2025 18:25:35.675] [main/DEBUG] [net.minecraftforge.fml.loading.moddiscovery.ModFileParser/LOADING]: Considering mod file candidate 
[28Mar2025 18:25:35.675] [main/DEBUG] [net.minecraftforge.fml.loading.moddiscovery.ModFileInfo/LOADING]: Found valid mod file expandability-forge-9.0.4.jar with {expandability} mods - versions {9.0.4}
[28Mar2025 18:25:35.675] [main/DEBUG] [net.minecraftforge.fml.loading.moddiscovery.ModFile/LOADING]: Loading mod file  with languages [LanguageSpec[languageName=javafml, acceptedVersions=[46,)]]
[28Mar2025 18:25:35.676] [main/DEBUG] [net.minecraftforge.fml.loading.moddiscovery.ModFileParser/LOADING]: Considering mod file candidate /workspaces/mineee2/servidor_minecraft/mods/supplementaries-1.20-3.1.18.jar
[28Mar2025 18:25:35.678] [main/DEBUG] [net.minecraftforge.fml.loading.moddiscovery.ModFileInfo/LOADING]: Found valid mod file supplementaries-1.20-3.1.18.jar with {supplementaries} mods - versions {1.20-3.1.18}
[28Mar2025 18:25:35.678] [main/DEBUG] [net.minecraftforge.fml.loading.moddiscovery.ModFile/LOADING]: Loading mod file /workspaces/mineee2/servidor_minecraft/mods/supplementaries-1.20-3.1.18.jar with languages [LanguageSpec[languageName=javafml, acceptedVersions=[4,)]]
[28Mar2025 18:25:35.679] [main/DEBUG] [net.minecraftforge.fml.loading.moddiscovery.ModFile/LOADING]: Loading mod file  with languages []
[28Mar2025 18:25:35.680] [main/DEBUG] [net.minecraftforge.fml.loading.moddiscovery.ModFileParser/LOADING]: Considering mod file candidate 
[28Mar2025 18:25:35.681] [main/DEBUG] [net.minecraftforge.fml.loading.moddiscovery.ModFileInfo/LOADING]: Found valid mod file mixinsquared-forge-0.1.1.jar with {mixinsquared} mods - versions {0.1.1}
[28Mar2025 18:25:35.684] [main/DEBUG] [net.minecraftforge.fml.loading.moddiscovery.ModFile/LOADING]: Loading mod file  with languages [LanguageSpec[languageName=javafml, acceptedVersions=*]]
[28Mar2025 18:25:35.684] [main/DEBUG] [net.minecraftforge.fml.loading.moddiscovery.ModFile/LOADING]: Loading mod file  with languages []
[28Mar2025 18:25:35.684] [main/DEBUG] [net.minecraftforge.fml.loading.moddiscovery.ModFileParser/LOADING]: Considering mod file candidate 
[28Mar2025 18:25:35.685] [main/DEBUG] [net.minecraftforge.fml.loading.moddiscovery.ModFileInfo/LOADING]: Found valid mod file mixinextras-forge-0.2.0-beta.8.jar with {mixinextras} mods - versions {0.2.0-beta.8}
[28Mar2025 18:25:35.685] [main/DEBUG] [net.minecraftforge.fml.loading.moddiscovery.ModFile/LOADING]: Loading mod file  with languages [LanguageSpec[languageName=javafml, acceptedVersions=*]]
[28Mar2025 18:25:35.685] [main/DEBUG] [net.minecraftforge.fml.loading.moddiscovery.ModFile/LOADING]: Loading mod file  with languages []
[28Mar2025 18:25:35.685] [main/DEBUG] [net.minecraftforge.fml.loading.moddiscovery.ModFile/LOADING]: Loading mod file  with languages []
[28Mar2025 18:25:35.685] [main/DEBUG] [net.minecraftforge.fml.loading.moddiscovery.ModFileParser/LOADING]: Considering mod file candidate 
[28Mar2025 18:25:35.687] [main/DEBUG] [net.minecraftforge.fml.loading.moddiscovery.ModFileInfo/LOADING]: Found valid mod file mixinsquared-forge-0.1.1.jar with {mixinsquared} mods - versions {0.1.1}
[28Mar2025 18:25:35.690] [main/DEBUG] [net.minecraftforge.fml.loading.moddiscovery.ModFile/LOADING]: Loading mod file  with languages [LanguageSpec[languageName=javafml, acceptedVersions=*]]
[28Mar2025 18:25:35.691] [main/DEBUG] [net.minecraftforge.fml.loading.moddiscovery.ModFile/LOADING]: Loading mod file  with languages []
[28Mar2025 18:25:35.691] [main/DEBUG] [net.minecraftforge.fml.loading.moddiscovery.ModFileParser/LOADING]: Considering mod file candidate 
[28Mar2025 18:25:35.691] [main/DEBUG] [net.minecraftforge.fml.loading.moddiscovery.ModFileInfo/LOADING]: Found valid mod file mixinextras-forge-0.2.0-beta.8.jar with {mixinextras} mods - versions {0.2.0-beta.8}
[28Mar2025 18:25:35.691] [main/DEBUG] [net.minecraftforge.fml.loading.moddiscovery.ModFile/LOADING]: Loading mod file  with languages [LanguageSpec[languageName=javafml, acceptedVersions=*]]
[28Mar2025 18:25:35.691] [main/DEBUG] [net.minecraftforge.fml.loading.moddiscovery.ModFile/LOADING]: Loading mod file  with languages []
[28Mar2025 18:25:35.697] [main/DEBUG] [cpw.mods.modlauncher.TransformationServiceDecorator/MODLAUNCHER]: End scan trigger - transformation service fml
[28Mar2025 18:25:35.718] [main/DEBUG] [net.minecraftforge.fml.loading.LanguageLoadingProvider/CORE]: Found 3 language providers
[28Mar2025 18:25:35.720] [main/DEBUG] [net.minecraftforge.fml.loading.LanguageLoadingProvider/CORE]: Found language provider minecraft, version 1.0
[28Mar2025 18:25:35.722] [main/DEBUG] [net.minecraftforge.fml.loading.LanguageLoadingProvider/CORE]: Found language provider lowcodefml, version 47
[28Mar2025 18:25:35.722] [main/DEBUG] [net.minecraftforge.fml.loading.LanguageLoadingProvider/CORE]: Found language provider javafml, version 47
[28Mar2025 18:25:35.732] [main/DEBUG] [net.minecraftforge.fml.loading.UniqueModListBuilder/]: Found 2 mods for first modid mclib, selecting most recent based on version data
[28Mar2025 18:25:35.733] [main/DEBUG] [net.minecraftforge.fml.loading.UniqueModListBuilder/]: Selected file mclib-20.jar for modid mclib with version 0.0NONE
[28Mar2025 18:25:35.733] [main/DEBUG] [net.minecraftforge.fml.loading.UniqueModListBuilder/]: Found 2 mods for first modid mixinsquared, selecting most recent based on version data
[28Mar2025 18:25:35.733] [main/DEBUG] [net.minecraftforge.fml.loading.UniqueModListBuilder/]: Selected file mixinsquared-forge-0.1.1.jar for modid mixinsquared with version 0.1.1
[28Mar2025 18:25:35.733] [main/DEBUG] [net.minecraftforge.fml.loading.UniqueModListBuilder/]: Found 2 mods for first modid MixinSquared, selecting most recent based on version data
[28Mar2025 18:25:35.733] [main/DEBUG] [net.minecraftforge.fml.loading.UniqueModListBuilder/]: Selected file MixinSquared-0.1.1.jar for modid MixinSquared with version 0.0NONE
[28Mar2025 18:25:35.733] [main/DEBUG] [net.minecraftforge.fml.loading.UniqueModListBuilder/]: Found 2 mods for first modid mixinextras, selecting most recent based on version data
[28Mar2025 18:25:35.734] [main/DEBUG] [net.minecraftforge.fml.loading.UniqueModListBuilder/]: Selected file mixinextras-forge-0.2.0-beta.8.jar for modid mixinextras with version 0.2.0-beta.8
[28Mar2025 18:25:35.734] [main/DEBUG] [net.minecraftforge.fml.loading.UniqueModListBuilder/]: Found 2 mods for first modid MixinExtras, selecting most recent based on version data
[28Mar2025 18:25:35.734] [main/DEBUG] [net.minecraftforge.fml.loading.UniqueModListBuilder/]: Selected file MixinExtras-0.4.1.jar for modid MixinExtras with version 0.0NONE
[28Mar2025 18:25:35.750] [main/DEBUG] [net.minecraftforge.fml.loading.ModSorter/]: Configured system mods: [minecraft, forge]
[28Mar2025 18:25:35.752] [main/DEBUG] [net.minecraftforge.fml.loading.ModSorter/]: Found system mod: minecraft
[28Mar2025 18:25:35.752] [main/DEBUG] [net.minecraftforge.fml.loading.ModSorter/]: Found system mod: forge
[28Mar2025 18:25:35.762] [main/DEBUG] [net.minecraftforge.fml.loading.ModSorter/LOADING]: Found 90 mod requirements (83 mandatory, 7 optional)
[28Mar2025 18:25:35.766] [main/DEBUG] [net.minecraftforge.fml.loading.ModSorter/LOADING]: Found 0 mod requirements missing (0 mandatory, 0 optional)
[28Mar2025 18:25:37.556] [main/DEBUG] [cpw.mods.modlauncher.TransformationServicesHandler/MODLAUNCHER]: Transformation services loading transformers
[28Mar2025 18:25:37.559] [main/DEBUG] [cpw.mods.modlauncher.TransformationServiceDecorator/MODLAUNCHER]: Initializing transformers for transformation service mixin
[28Mar2025 18:25:37.560] [main/DEBUG] [cpw.mods.modlauncher.TransformationServiceDecorator/MODLAUNCHER]: Initialized transformers for transformation service mixin
[28Mar2025 18:25:37.560] [main/DEBUG] [cpw.mods.modlauncher.TransformationServiceDecorator/MODLAUNCHER]: Initializing transformers for transformation service fml
[28Mar2025 18:25:37.561] [main/DEBUG] [net.minecraftforge.fml.loading.FMLServiceProvider/CORE]: Loading coremod transformers
[28Mar2025 18:25:37.561] [main/DEBUG] [net.minecraftforge.coremod.CoreModEngine/COREMOD]: Loading CoreMod from coremods/aea_water_speed.js
[28Mar2025 18:25:38.252] [main/DEBUG] [net.minecraftforge.coremod.CoreModEngine/COREMOD]: CoreMod loaded successfully
[28Mar2025 18:25:38.252] [main/DEBUG] [net.minecraftforge.coremod.CoreModEngine/COREMOD]: Loading CoreMod from coremods/accessors.js
[28Mar2025 18:25:38.323] [main/DEBUG] [net.minecraftforge.coremod.CoreModEngine/COREMOD]: CoreMod loaded successfully
[28Mar2025 18:25:38.323] [main/DEBUG] [net.minecraftforge.coremod.CoreModEngine/COREMOD]: Loading CoreMod from coremods/tooltip.js
[28Mar2025 18:25:38.473] [main/DEBUG] [net.minecraftforge.coremod.CoreModEngine/COREMOD]: CoreMod loaded successfully
[28Mar2025 18:25:38.473] [main/DEBUG] [net.minecraftforge.coremod.CoreModEngine/COREMOD]: Loading CoreMod from coremods/apoli.js
[28Mar2025 18:25:38.634] [main/DEBUG] [net.minecraftforge.coremod.CoreModEngine/COREMOD]: CoreMod loaded successfully
[28Mar2025 18:25:38.635] [main/DEBUG] [net.minecraftforge.coremod.CoreModEngine/COREMOD]: Loading CoreMod from potion-effects-shift.js
[28Mar2025 18:25:38.757] [main/DEBUG] [net.minecraftforge.coremod.CoreModEngine/COREMOD]: CoreMod loaded successfully
[28Mar2025 18:25:38.757] [main/DEBUG] [net.minecraftforge.coremod.CoreModEngine/COREMOD]: Loading CoreMod from coremods/field_to_method.js
[28Mar2025 18:25:38.826] [main/DEBUG] [net.minecraftforge.coremod.CoreModEngine/COREMOD]: CoreMod loaded successfully
[28Mar2025 18:25:38.827] [main/DEBUG] [net.minecraftforge.coremod.CoreModEngine/COREMOD]: Loading CoreMod from coremods/field_to_instanceof.js
[28Mar2025 18:25:38.920] [main/DEBUG] [net.minecraftforge.coremod.CoreModEngine/COREMOD]: CoreMod loaded successfully
[28Mar2025 18:25:38.921] [main/DEBUG] [net.minecraftforge.coremod.CoreModEngine/COREMOD]: Loading CoreMod from coremods/add_bouncer_method.js
[28Mar2025 18:25:38.963] [main/DEBUG] [net.minecraftforge.coremod.CoreModEngine/COREMOD]: CoreMod loaded successfully
[28Mar2025 18:25:38.963] [main/DEBUG] [net.minecraftforge.coremod.CoreModEngine/COREMOD]: Loading CoreMod from coremods/method_redirector.js
[28Mar2025 18:25:39.187] [main/DEBUG] [net.minecraftforge.coremod.CoreModEngine/COREMOD]: CoreMod loaded successfully
[28Mar2025 18:25:39.225] [main/DEBUG] [cpw.mods.modlauncher.TransformStore/MODLAUNCHER]: Adding transformer net.minecraftforge.coremod.transformer.CoreModClassTransformer@4733f6f5 to Target : CLASS {Lnet/minecraft/client/gui/screens/inventory/AbstractContainerScreen;} {} {V}
[28Mar2025 18:25:39.230] [main/DEBUG] [cpw.mods.modlauncher.TransformStore/MODLAUNCHER]: Adding transformer net.minecraftforge.coremod.transformer.CoreModClassTransformer@71b6172c to Target : CLASS {Lnet/minecraft/world/entity/Entity;} {} {V}
[28Mar2025 18:25:39.230] [main/DEBUG] [cpw.mods.modlauncher.TransformStore/MODLAUNCHER]: Adding transformer net.minecraftforge.coremod.transformer.CoreModClassTransformer@58aa10f4 to Target : CLASS {Lnet/minecraft/world/level/biome/Biome;} {} {V}
[28Mar2025 18:25:39.230] [main/DEBUG] [cpw.mods.modlauncher.TransformStore/MODLAUNCHER]: Adding transformer net.minecraftforge.coremod.transformer.CoreModClassTransformer@4fb56bea to Target : CLASS {Lnet/minecraft/world/level/levelgen/structure/Structure;} {} {V}
[28Mar2025 18:25:39.230] [main/DEBUG] [cpw.mods.modlauncher.TransformStore/MODLAUNCHER]: Adding transformer net.minecraftforge.coremod.transformer.CoreModClassTransformer@5e5beb8a to Target : CLASS {Lnet/minecraft/world/effect/MobEffectInstance;} {} {V}
[28Mar2025 18:25:39.230] [main/DEBUG] [cpw.mods.modlauncher.TransformStore/MODLAUNCHER]: Adding transformer net.minecraftforge.coremod.transformer.CoreModClassTransformer@1f95881a to Target : CLASS {Lnet/minecraft/world/level/block/LiquidBlock;} {} {V}
[28Mar2025 18:25:39.231] [main/DEBUG] [cpw.mods.modlauncher.TransformStore/MODLAUNCHER]: Adding transformer net.minecraftforge.coremod.transformer.CoreModClassTransformer@17b016ac to Target : CLASS {Lnet/minecraft/world/item/BucketItem;} {} {V}
[28Mar2025 18:25:39.231] [main/DEBUG] [cpw.mods.modlauncher.TransformStore/MODLAUNCHER]: Adding transformer net.minecraftforge.coremod.transformer.CoreModClassTransformer@733ec58b to Target : CLASS {Lnet/minecraft/world/level/block/StairBlock;} {} {V}
[28Mar2025 18:25:39.232] [main/DEBUG] [cpw.mods.modlauncher.TransformStore/MODLAUNCHER]: Adding transformer net.minecraftforge.coremod.transformer.CoreModClassTransformer@723877dd to Target : CLASS {Lnet/minecraft/world/level/block/FlowerPotBlock;} {} {V}
[28Mar2025 18:25:39.233] [main/DEBUG] [cpw.mods.modlauncher.TransformStore/MODLAUNCHER]: Adding transformer net.minecraftforge.coremod.transformer.CoreModClassTransformer@415ef4d8 to Target : CLASS {Lnet/minecraft/world/item/ItemStack;} {} {V}
[28Mar2025 18:25:39.234] [main/DEBUG] [cpw.mods.modlauncher.TransformStore/MODLAUNCHER]: Adding transformer net.minecraftforge.coremod.transformer.CoreModClassTransformer@56cc9f29 to Target : CLASS {Lnet/minecraft/network/play/client/CClientSettingsPacket;} {} {V}
[28Mar2025 18:25:39.234] [main/DEBUG] [cpw.mods.modlauncher.TransformStore/MODLAUNCHER]: Adding transformer net.minecraftforge.coremod.transformer.CoreModClassTransformer@535b1ae6 to Target : CLASS {Lnet/minecraft/world/entity/EntityType;} {} {V}
[28Mar2025 18:25:39.235] [main/DEBUG] [cpw.mods.modlauncher.TransformStore/MODLAUNCHER]: Adding transformer net.minecraftforge.coremod.transformer.CoreModClassTransformer@535b1ae6 to Target : CLASS {Lnet/minecraft/world/entity/monster/ZombieVillager;} {} {V}
[28Mar2025 18:25:39.235] [main/DEBUG] [cpw.mods.modlauncher.TransformStore/MODLAUNCHER]: Adding transformer net.minecraftforge.coremod.transformer.CoreModClassTransformer@535b1ae6 to Target : CLASS {Lnet/minecraft/world/entity/ai/village/VillageSiege;} {} {V}
[28Mar2025 18:25:39.235] [main/DEBUG] [cpw.mods.modlauncher.TransformStore/MODLAUNCHER]: Adding transformer net.minecraftforge.coremod.transformer.CoreModClassTransformer@535b1ae6 to Target : CLASS {Lnet/minecraft/world/level/levelgen/structure/structures/OceanMonumentPieces$OceanMonumentPiece;} {} {V}
[28Mar2025 18:25:39.235] [main/DEBUG] [cpw.mods.modlauncher.TransformStore/MODLAUNCHER]: Adding transformer net.minecraftforge.coremod.transformer.CoreModClassTransformer@535b1ae6 to Target : CLASS {Lnet/minecraft/world/level/levelgen/structure/templatesystem/StructureTemplate;} {} {V}
[28Mar2025 18:25:39.235] [main/DEBUG] [cpw.mods.modlauncher.TransformStore/MODLAUNCHER]: Adding transformer net.minecraftforge.coremod.transformer.CoreModClassTransformer@535b1ae6 to Target : CLASS {Lnet/minecraft/world/entity/npc/CatSpawner;} {} {V}
[28Mar2025 18:25:39.235] [main/DEBUG] [cpw.mods.modlauncher.TransformStore/MODLAUNCHER]: Adding transformer net.minecraftforge.coremod.transformer.CoreModClassTransformer@535b1ae6 to Target : CLASS {Lnet/minecraft/world/entity/npc/Villager;} {} {V}
[28Mar2025 18:25:39.235] [main/DEBUG] [cpw.mods.modlauncher.TransformStore/MODLAUNCHER]: Adding transformer net.minecraftforge.coremod.transformer.CoreModClassTransformer@535b1ae6 to Target : CLASS {Lnet/minecraft/world/level/levelgen/structure/structures/SwampHutPiece;} {} {V}
[28Mar2025 18:25:39.235] [main/DEBUG] [cpw.mods.modlauncher.TransformStore/MODLAUNCHER]: Adding transformer net.minecraftforge.coremod.transformer.CoreModClassTransformer@535b1ae6 to Target : CLASS {Lnet/minecraft/world/level/levelgen/PatrolSpawner;} {} {V}
[28Mar2025 18:25:39.235] [main/DEBUG] [cpw.mods.modlauncher.TransformStore/MODLAUNCHER]: Adding transformer net.minecraftforge.coremod.transformer.CoreModClassTransformer@535b1ae6 to Target : CLASS {Lnet/minecraft/world/level/levelgen/structure/structures/OceanRuinPieces$OceanRuinPiece;} {} {V}
[28Mar2025 18:25:39.235] [main/DEBUG] [cpw.mods.modlauncher.TransformStore/MODLAUNCHER]: Adding transformer net.minecraftforge.coremod.transformer.CoreModClassTransformer@535b1ae6 to Target : CLASS {Lnet/minecraft/world/entity/monster/Spider;} {} {V}
[28Mar2025 18:25:39.236] [main/DEBUG] [cpw.mods.modlauncher.TransformStore/MODLAUNCHER]: Adding transformer net.minecraftforge.coremod.transformer.CoreModClassTransformer@535b1ae6 to Target : CLASS {Lnet/minecraft/server/commands/SummonCommand;} {} {V}
[28Mar2025 18:25:39.236] [main/DEBUG] [cpw.mods.modlauncher.TransformStore/MODLAUNCHER]: Adding transformer net.minecraftforge.coremod.transformer.CoreModClassTransformer@535b1ae6 to Target : CLASS {Lnet/minecraft/world/entity/monster/Strider;} {} {V}
[28Mar2025 18:25:39.236] [main/DEBUG] [cpw.mods.modlauncher.TransformStore/MODLAUNCHER]: Adding transformer net.minecraftforge.coremod.transformer.CoreModClassTransformer@535b1ae6 to Target : CLASS {Lnet/minecraft/world/entity/raid/Raid;} {} {V}
[28Mar2025 18:25:39.236] [main/DEBUG] [cpw.mods.modlauncher.TransformStore/MODLAUNCHER]: Adding transformer net.minecraftforge.coremod.transformer.CoreModClassTransformer@535b1ae6 to Target : CLASS {Lnet/minecraft/world/level/levelgen/PhantomSpawner;} {} {V}
[28Mar2025 18:25:39.236] [main/DEBUG] [cpw.mods.modlauncher.TransformStore/MODLAUNCHER]: Adding transformer net.minecraftforge.coremod.transformer.CoreModClassTransformer@535b1ae6 to Target : CLASS {Lnet/minecraft/world/level/NaturalSpawner;} {} {V}
[28Mar2025 18:25:39.236] [main/DEBUG] [cpw.mods.modlauncher.TransformStore/MODLAUNCHER]: Adding transformer net.minecraftforge.coremod.transformer.CoreModClassTransformer@535b1ae6 to Target : CLASS {Lnet/minecraft/world/entity/animal/frog/Tadpole;} {} {V}
[28Mar2025 18:25:39.236] [main/DEBUG] [cpw.mods.modlauncher.TransformStore/MODLAUNCHER]: Adding transformer net.minecraftforge.coremod.transformer.CoreModClassTransformer@535b1ae6 to Target : CLASS {Lnet/minecraft/world/entity/monster/Zombie;} {} {V}
[28Mar2025 18:25:39.238] [main/DEBUG] [cpw.mods.modlauncher.TransformStore/MODLAUNCHER]: Adding transformer net.minecraftforge.coremod.transformer.CoreModClassTransformer@535b1ae6 to Target : CLASS {Lnet/minecraft/server/commands/RaidCommand;} {} {V}
[28Mar2025 18:25:39.238] [main/DEBUG] [cpw.mods.modlauncher.TransformStore/MODLAUNCHER]: Adding transformer net.minecraftforge.coremod.transformer.CoreModClassTransformer@535b1ae6 to Target : CLASS {Lnet/minecraft/world/entity/monster/Evoker$EvokerSummonSpellGoal;} {} {V}
[28Mar2025 18:25:39.238] [main/DEBUG] [cpw.mods.modlauncher.TransformStore/MODLAUNCHER]: Adding transformer net.minecraftforge.coremod.transformer.CoreModClassTransformer@535b1ae6 to Target : CLASS {Lnet/minecraft/world/level/levelgen/structure/structures/WoodlandMansionPieces$WoodlandMansionPiece;} {} {V}
[28Mar2025 18:25:39.238] [main/DEBUG] [cpw.mods.modlauncher.TransformStore/MODLAUNCHER]: Adding transformer net.minecraftforge.coremod.transformer.CoreModClassTransformer@535b1ae6 to Target : CLASS {Lnet/minecraft/world/entity/animal/horse/SkeletonTrapGoal;} {} {V}
[28Mar2025 18:25:39.239] [main/DEBUG] [cpw.mods.modlauncher.TransformStore/MODLAUNCHER]: Adding transformer net.minecraftforge.coremod.transformer.CoreModMethodTransformer@54a2d96e to Target : METHOD {Lnet/minecraftforge/common/extensions/IForgeLivingEntity;} {jumpInFluid} {(Lnet/minecraftforge/fluids/FluidType;)V}
[28Mar2025 18:25:39.239] [main/DEBUG] [cpw.mods.modlauncher.TransformStore/MODLAUNCHER]: Adding transformer net.minecraftforge.coremod.transformer.CoreModMethodTransformer@66a53104 to Target : METHOD {Lnet/minecraftforge/common/extensions/IForgeLivingEntity;} {sinkInFluid} {(Lnet/minecraftforge/fluids/FluidType;)V}
[28Mar2025 18:25:39.239] [main/DEBUG] [cpw.mods.modlauncher.TransformStore/MODLAUNCHER]: Adding transformer net.minecraftforge.coremod.transformer.CoreModMethodTransformer@6d229b1c to Target : METHOD {Lnet/minecraftforge/common/extensions/IForgeItemStack;} {getHighlightTip} {(Lnet/minecraft/network/chat/Component;)Lnet/minecraft/network/chat/Component;}
[28Mar2025 18:25:39.239] [main/DEBUG] [cpw.mods.modlauncher.TransformStore/MODLAUNCHER]: Adding transformer net.minecraftforge.coremod.transformer.CoreModMethodTransformer@6f825516 to Target : METHOD {Lnet/minecraft/world/item/ItemStack;} {m_41787_} {()V}
[28Mar2025 18:25:39.239] [main/DEBUG] [cpw.mods.modlauncher.TransformStore/MODLAUNCHER]: Adding transformer net.minecraftforge.coremod.transformer.CoreModMethodTransformer@2da99821 to Target : METHOD {Lnet/minecraftforge/common/extensions/IForgeItemStack;} {canEquip} {(Lnet/minecraft/world/entity/EquipmentSlot;Lnet/minecraft/world/entity/Entity;)Z}
[28Mar2025 18:25:39.239] [main/DEBUG] [cpw.mods.modlauncher.TransformStore/MODLAUNCHER]: Adding transformer net.minecraftforge.coremod.transformer.CoreModMethodTransformer@62cba181 to Target : METHOD {Lnet/minecraftforge/common/extensions/IForgeItemStack;} {getFoodProperties} {(Lnet/minecraft/world/entity/LivingEntity;)Lnet/minecraft/world/food/FoodProperties;}
[28Mar2025 18:25:39.239] [main/DEBUG] [cpw.mods.modlauncher.TransformStore/MODLAUNCHER]: Adding transformer net.minecraftforge.coremod.transformer.CoreModMethodTransformer@1b482cbf to Target : METHOD {Lnet/minecraftforge/common/extensions/IForgeBlockState;} {getFriction} {(Lnet/minecraft/world/level/LevelReader;Lnet/minecraft/core/BlockPos;Lnet/minecraft/world/entity/Entity;)F}
[28Mar2025 18:25:39.240] [main/DEBUG] [cpw.mods.modlauncher.TransformStore/MODLAUNCHER]: Adding transformer net.minecraftforge.coremod.transformer.CoreModMethodTransformer@661fe025 to Target : METHOD {Lnet/minecraftforge/common/extensions/IForgeBlockState;} {canHarvestBlock} {(Lnet/minecraft/world/level/BlockGetter;Lnet/minecraft/core/BlockPos;Lnet/minecraft/world/entity/player/Player;)Z}
[28Mar2025 18:25:39.240] [main/DEBUG] [cpw.mods.modlauncher.TransformStore/MODLAUNCHER]: Adding transformer net.minecraftforge.coremod.transformer.CoreModMethodTransformer@7161457 to Target : METHOD {Lnet/minecraft/client/gui/Gui;} {m_93028_} {(Lcom/mojang/blaze3d/vertex/PoseStack;)V}
[28Mar2025 18:25:39.240] [main/DEBUG] [cpw.mods.modlauncher.TransformationServiceDecorator/MODLAUNCHER]: Initialized transformers for transformation service fml
[28Mar2025 18:25:42.871] [main/DEBUG] [mixin/]: Processing prepare() for PlatformAgent[MixinPlatformAgentDefault:ModLauncher Root Container(ModLauncher:4f56a0a2)]
[28Mar2025 18:25:42.872] [main/DEBUG] [mixin/]: Processing launch tasks for PlatformAgent[MixinPlatformAgentDefault:ModLauncher Root Container(ModLauncher:4f56a0a2)]
[28Mar2025 18:25:42.873] [main/DEBUG] [mixin/]: Adding mixin platform agents for container SecureJarResource(minecraft)
[28Mar2025 18:25:42.873] [main/DEBUG] [mixin/]: Instancing new MixinPlatformAgentMinecraftForge for SecureJarResource(minecraft)
[28Mar2025 18:25:42.873] [main/DEBUG] [mixin/]: MixinPlatformAgentMinecraftForge rejected container SecureJarResource(minecraft)
[28Mar2025 18:25:42.873] [main/DEBUG] [mixin/]: Instancing new MixinPlatformAgentDefault for SecureJarResource(minecraft)
[28Mar2025 18:25:42.875] [main/DEBUG] [mixin/]: MixinPlatformAgentDefault accepted container SecureJarResource(minecraft)
[28Mar2025 18:25:42.875] [main/DEBUG] [mixin/]: Processing prepare() for PlatformAgent[MixinPlatformAgentDefault:SecureJarResource(minecraft)]
[28Mar2025 18:25:42.876] [main/DEBUG] [mixin/]: Adding mixin platform agents for container SecureJarResource(mcwbridges)
[28Mar2025 18:25:42.876] [main/DEBUG] [mixin/]: Instancing new MixinPlatformAgentMinecraftForge for SecureJarResource(mcwbridges)
[28Mar2025 18:25:42.876] [main/DEBUG] [mixin/]: MixinPlatformAgentMinecraftForge rejected container SecureJarResource(mcwbridges)
[28Mar2025 18:25:42.876] [main/DEBUG] [mixin/]: Instancing new MixinPlatformAgentDefault for SecureJarResource(mcwbridges)
[28Mar2025 18:25:42.876] [main/DEBUG] [mixin/]: MixinPlatformAgentDefault accepted container SecureJarResource(mcwbridges)
[28Mar2025 18:25:42.876] [main/DEBUG] [mixin/]: Processing prepare() for PlatformAgent[MixinPlatformAgentDefault:SecureJarResource(mcwbridges)]
[28Mar2025 18:25:42.876] [main/DEBUG] [mixin/]: Adding mixin platform agents for container SecureJarResource(repurposed_structures)
[28Mar2025 18:25:42.876] [main/DEBUG] [mixin/]: Instancing new MixinPlatformAgentMinecraftForge for SecureJarResource(repurposed_structures)
[28Mar2025 18:25:42.876] [main/DEBUG] [mixin/]: MixinPlatformAgentMinecraftForge rejected container SecureJarResource(repurposed_structures)
[28Mar2025 18:25:42.876] [main/DEBUG] [mixin/]: Instancing new MixinPlatformAgentDefault for SecureJarResource(repurposed_structures)
[28Mar2025 18:25:42.876] [main/DEBUG] [mixin/]: MixinPlatformAgentDefault accepted container SecureJarResource(repurposed_structures)
[28Mar2025 18:25:42.876] [main/DEBUG] [mixin/]: Processing prepare() for PlatformAgent[MixinPlatformAgentDefault:SecureJarResource(repurposed_structures)]
[28Mar2025 18:25:42.876] [main/DEBUG] [mixin/]: Registering mixin config: repurposed_structures-common.mixins.json
[28Mar2025 18:25:42.934] [main/DEBUG] [mixin/]: Compatibility level JAVA_17 specified by repurposed_structures-common.mixins.json is higher than the maximum level supported by this version of mixin (JAVA_13).
[28Mar2025 18:25:42.951] [main/INFO] [mixin/]: Compatibility level set to JAVA_17
[28Mar2025 18:25:42.956] [main/DEBUG] [mixin/]: Registering mixin config: repurposed_structures-forge.mixins.json
[28Mar2025 18:25:42.959] [main/DEBUG] [mixin/]: Adding mixin platform agents for container SecureJarResource(terrablender)
[28Mar2025 18:25:42.960] [main/DEBUG] [mixin/]: Instancing new MixinPlatformAgentMinecraftForge for SecureJarResource(terrablender)
[28Mar2025 18:25:42.961] [main/DEBUG] [mixin/]: MixinPlatformAgentMinecraftForge rejected container SecureJarResource(terrablender)
[28Mar2025 18:25:42.961] [main/DEBUG] [mixin/]: Instancing new MixinPlatformAgentDefault for SecureJarResource(terrablender)
[28Mar2025 18:25:42.961] [main/DEBUG] [mixin/]: MixinPlatformAgentDefault accepted container SecureJarResource(terrablender)
[28Mar2025 18:25:42.961] [main/DEBUG] [mixin/]: Processing prepare() for PlatformAgent[MixinPlatformAgentDefault:SecureJarResource(terrablender)]
[28Mar2025 18:25:42.961] [main/DEBUG] [mixin/]: Registering mixin config: terrablender.mixins.json
[28Mar2025 18:25:42.964] [main/DEBUG] [mixin/]: Registering mixin config: terrablender_forge.mixins.json
[28Mar2025 18:25:42.969] [main/DEBUG] [mixin/]: Adding mixin platform agents for container SecureJarResource(moonlight)
[28Mar2025 18:25:42.970] [main/DEBUG] [mixin/]: Instancing new MixinPlatformAgentMinecraftForge for SecureJarResource(moonlight)
[28Mar2025 18:25:42.970] [main/DEBUG] [mixin/]: MixinPlatformAgentMinecraftForge rejected container SecureJarResource(moonlight)
[28Mar2025 18:25:42.970] [main/DEBUG] [mixin/]: Instancing new MixinPlatformAgentDefault for SecureJarResource(moonlight)
[28Mar2025 18:25:42.970] [main/DEBUG] [mixin/]: MixinPlatformAgentDefault accepted container SecureJarResource(moonlight)
[28Mar2025 18:25:42.970] [main/DEBUG] [mixin/]: Processing prepare() for PlatformAgent[MixinPlatformAgentDefault:SecureJarResource(moonlight)]
[28Mar2025 18:25:42.970] [main/DEBUG] [mixin/]: Registering mixin config: moonlight-common.mixins.json
[28Mar2025 18:25:42.979] [main/DEBUG] [mixin/]: Registering mixin config: moonlight.mixins.json
[28Mar2025 18:25:42.982] [main/DEBUG] [mixin/]: Adding mixin platform agents for container SecureJarResource(endertrigon)
[28Mar2025 18:25:42.983] [main/DEBUG] [mixin/]: Instancing new MixinPlatformAgentMinecraftForge for SecureJarResource(endertrigon)
[28Mar2025 18:25:42.984] [main/DEBUG] [mixin/]: MixinPlatformAgentMinecraftForge rejected container SecureJarResource(endertrigon)
[28Mar2025 18:25:42.984] [main/DEBUG] [mixin/]: Instancing new MixinPlatformAgentDefault for SecureJarResource(endertrigon)
[28Mar2025 18:25:42.984] [main/DEBUG] [mixin/]: MixinPlatformAgentDefault accepted container SecureJarResource(endertrigon)
[28Mar2025 18:25:42.984] [main/DEBUG] [mixin/]: Processing prepare() for PlatformAgent[MixinPlatformAgentDefault:SecureJarResource(endertrigon)]
[28Mar2025 18:25:42.985] [main/DEBUG] [mixin/]: Registering mixin config: endertrigon.mixins.json
[28Mar2025 18:25:42.991] [main/DEBUG] [mixin/]: Adding mixin platform agents for container SecureJarResource(biomesoplenty)
[28Mar2025 18:25:42.991] [main/DEBUG] [mixin/]: Instancing new MixinPlatformAgentMinecraftForge for SecureJarResource(biomesoplenty)
[28Mar2025 18:25:42.991] [main/DEBUG] [mixin/]: MixinPlatformAgentMinecraftForge rejected container SecureJarResource(biomesoplenty)
[28Mar2025 18:25:42.991] [main/DEBUG] [mixin/]: Instancing new MixinPlatformAgentDefault for SecureJarResource(biomesoplenty)
[28Mar2025 18:25:42.991] [main/DEBUG] [mixin/]: MixinPlatformAgentDefault accepted container SecureJarResource(biomesoplenty)
[28Mar2025 18:25:42.991] [main/DEBUG] [mixin/]: Processing prepare() for PlatformAgent[MixinPlatformAgentDefault:SecureJarResource(biomesoplenty)]
[28Mar2025 18:25:42.991] [main/DEBUG] [mixin/]: Adding mixin platform agents for container SecureJarResource(mixinsquared)
[28Mar2025 18:25:42.991] [main/DEBUG] [mixin/]: Instancing new MixinPlatformAgentMinecraftForge for SecureJarResource(mixinsquared)
[28Mar2025 18:25:42.991] [main/DEBUG] [mixin/]: MixinPlatformAgentMinecraftForge rejected container SecureJarResource(mixinsquared)
[28Mar2025 18:25:42.991] [main/DEBUG] [mixin/]: Instancing new MixinPlatformAgentDefault for SecureJarResource(mixinsquared)
[28Mar2025 18:25:42.992] [main/DEBUG] [mixin/]: MixinPlatformAgentDefault accepted container SecureJarResource(mixinsquared)
[28Mar2025 18:25:42.992] [main/DEBUG] [mixin/]: Processing prepare() for PlatformAgent[MixinPlatformAgentDefault:SecureJarResource(mixinsquared)]
[28Mar2025 18:25:42.992] [main/DEBUG] [mixin/]: Registering mixin config: mixinsquared.init.mixins.json
[28Mar2025 18:25:42.993] [main/DEBUG] [mixin/]: Adding mixin platform agents for container SecureJarResource(jade)
[28Mar2025 18:25:42.993] [main/DEBUG] [mixin/]: Instancing new MixinPlatformAgentMinecraftForge for SecureJarResource(jade)
[28Mar2025 18:25:42.993] [main/DEBUG] [mixin/]: MixinPlatformAgentMinecraftForge rejected container SecureJarResource(jade)
[28Mar2025 18:25:42.993] [main/DEBUG] [mixin/]: Instancing new MixinPlatformAgentDefault for SecureJarResource(jade)
[28Mar2025 18:25:42.997] [main/DEBUG] [mixin/]: MixinPlatformAgentDefault accepted container SecureJarResource(jade)
[28Mar2025 18:25:42.997] [main/DEBUG] [mixin/]: Processing prepare() for PlatformAgent[MixinPlatformAgentDefault:SecureJarResource(jade)]
[28Mar2025 18:25:42.997] [main/DEBUG] [mixin/]: Registering mixin config: jade.mixins.json
[28Mar2025 18:25:43.001] [main/DEBUG] [mixin/]: Compatibility level JAVA_16 specified by jade.mixins.json is higher than the maximum level supported by this version of mixin (JAVA_13).
[28Mar2025 18:25:43.001] [main/DEBUG] [mixin/]: Adding mixin platform agents for container SecureJarResource(amendments)
[28Mar2025 18:25:43.001] [main/DEBUG] [mixin/]: Instancing new MixinPlatformAgentMinecraftForge for SecureJarResource(amendments)
[28Mar2025 18:25:43.001] [main/DEBUG] [mixin/]: MixinPlatformAgentMinecraftForge rejected container SecureJarResource(amendments)
[28Mar2025 18:25:43.002] [main/DEBUG] [mixin/]: Instancing new MixinPlatformAgentDefault for SecureJarResource(amendments)
[28Mar2025 18:25:43.002] [main/DEBUG] [mixin/]: MixinPlatformAgentDefault accepted container SecureJarResource(amendments)
[28Mar2025 18:25:43.002] [main/DEBUG] [mixin/]: Processing prepare() for PlatformAgent[MixinPlatformAgentDefault:SecureJarResource(amendments)]
[28Mar2025 18:25:43.002] [main/DEBUG] [mixin/]: Registering mixin config: amendments.mixins.json
[28Mar2025 18:25:43.005] [main/DEBUG] [mixin/]: Registering mixin config: amendments-common.mixins.json
[28Mar2025 18:25:43.008] [main/DEBUG] [mixin/]: Adding mixin platform agents for container SecureJarResource(additionalentityattributes)
[28Mar2025 18:25:43.008] [main/DEBUG] [mixin/]: Instancing new MixinPlatformAgentMinecraftForge for SecureJarResource(additionalentityattributes)
[28Mar2025 18:25:43.008] [main/DEBUG] [mixin/]: MixinPlatformAgentMinecraftForge rejected container SecureJarResource(additionalentityattributes)
[28Mar2025 18:25:43.008] [main/DEBUG] [mixin/]: Instancing new MixinPlatformAgentDefault for SecureJarResource(additionalentityattributes)
[28Mar2025 18:25:43.008] [main/DEBUG] [mixin/]: MixinPlatformAgentDefault accepted container SecureJarResource(additionalentityattributes)
[28Mar2025 18:25:43.008] [main/DEBUG] [mixin/]: Processing prepare() for PlatformAgent[MixinPlatformAgentDefault:SecureJarResource(additionalentityattributes)]
[28Mar2025 18:25:43.008] [main/DEBUG] [mixin/]: Registering mixin config: additionalentityattributes.mixins.json
[28Mar2025 18:25:43.014] [main/DEBUG] [mixin/]: Adding mixin platform agents for container SecureJarResource(geckolib)
[28Mar2025 18:25:43.014] [main/DEBUG] [mixin/]: Instancing new MixinPlatformAgentMinecraftForge for SecureJarResource(geckolib)
[28Mar2025 18:25:43.014] [main/DEBUG] [mixin/]: MixinPlatformAgentMinecraftForge rejected container SecureJarResource(geckolib)
[28Mar2025 18:25:43.014] [main/DEBUG] [mixin/]: Instancing new MixinPlatformAgentDefault for SecureJarResource(geckolib)
[28Mar2025 18:25:43.014] [main/DEBUG] [mixin/]: MixinPlatformAgentDefault accepted container SecureJarResource(geckolib)
[28Mar2025 18:25:43.014] [main/DEBUG] [mixin/]: Processing prepare() for PlatformAgent[MixinPlatformAgentDefault:SecureJarResource(geckolib)]
[28Mar2025 18:25:43.014] [main/DEBUG] [mixin/]: Registering mixin config: geckolib.mixins.json
[28Mar2025 18:25:43.018] [main/DEBUG] [mixin/]: Adding mixin platform agents for container SecureJarResource(jei)
[28Mar2025 18:25:43.018] [main/DEBUG] [mixin/]: Instancing new MixinPlatformAgentMinecraftForge for SecureJarResource(jei)
[28Mar2025 18:25:43.018] [main/DEBUG] [mixin/]: MixinPlatformAgentMinecraftForge rejected container SecureJarResource(jei)
[28Mar2025 18:25:43.018] [main/DEBUG] [mixin/]: Instancing new MixinPlatformAgentDefault for SecureJarResource(jei)
[28Mar2025 18:25:43.018] [main/DEBUG] [mixin/]: MixinPlatformAgentDefault accepted container SecureJarResource(jei)
[28Mar2025 18:25:43.018] [main/DEBUG] [mixin/]: Processing prepare() for PlatformAgent[MixinPlatformAgentDefault:SecureJarResource(jei)]
[28Mar2025 18:25:43.018] [main/DEBUG] [mixin/]: Adding mixin platform agents for container SecureJarResource(libraryferret)
[28Mar2025 18:25:43.020] [main/DEBUG] [mixin/]: Instancing new MixinPlatformAgentMinecraftForge for SecureJarResource(libraryferret)
[28Mar2025 18:25:43.021] [main/DEBUG] [mixin/]: MixinPlatformAgentMinecraftForge rejected container SecureJarResource(libraryferret)
[28Mar2025 18:25:43.021] [main/DEBUG] [mixin/]: Instancing new MixinPlatformAgentDefault for SecureJarResource(libraryferret)
[28Mar2025 18:25:43.021] [main/DEBUG] [mixin/]: MixinPlatformAgentDefault accepted container SecureJarResource(libraryferret)
[28Mar2025 18:25:43.021] [main/DEBUG] [mixin/]: Processing prepare() for PlatformAgent[MixinPlatformAgentDefault:SecureJarResource(libraryferret)]
[28Mar2025 18:25:43.021] [main/DEBUG] [mixin/]: Adding mixin platform agents for container SecureJarResource(calio)
[28Mar2025 18:25:43.021] [main/DEBUG] [mixin/]: Instancing new MixinPlatformAgentMinecraftForge for SecureJarResource(calio)
[28Mar2025 18:25:43.021] [main/DEBUG] [mixin/]: MixinPlatformAgentMinecraftForge rejected container SecureJarResource(calio)
[28Mar2025 18:25:43.021] [main/DEBUG] [mixin/]: Instancing new MixinPlatformAgentDefault for SecureJarResource(calio)
[28Mar2025 18:25:43.021] [main/DEBUG] [mixin/]: MixinPlatformAgentDefault accepted container SecureJarResource(calio)
[28Mar2025 18:25:43.021] [main/DEBUG] [mixin/]: Processing prepare() for PlatformAgent[MixinPlatformAgentDefault:SecureJarResource(calio)]
[28Mar2025 18:25:43.021] [main/DEBUG] [mixin/]: Registering mixin config: calio.mixins.json
[28Mar2025 18:25:43.025] [main/DEBUG] [mixin/]: Adding mixin platform agents for container SecureJarResource(caelus)
[28Mar2025 18:25:43.025] [main/DEBUG] [mixin/]: Instancing new MixinPlatformAgentMinecraftForge for SecureJarResource(caelus)
[28Mar2025 18:25:43.025] [main/DEBUG] [mixin/]: MixinPlatformAgentMinecraftForge rejected container SecureJarResource(caelus)
[28Mar2025 18:25:43.025] [main/DEBUG] [mixin/]: Instancing new MixinPlatformAgentDefault for SecureJarResource(caelus)
[28Mar2025 18:25:43.025] [main/DEBUG] [mixin/]: MixinPlatformAgentDefault accepted container SecureJarResource(caelus)
[28Mar2025 18:25:43.025] [main/DEBUG] [mixin/]: Processing prepare() for PlatformAgent[MixinPlatformAgentDefault:SecureJarResource(caelus)]
[28Mar2025 18:25:43.025] [main/DEBUG] [mixin/]: Registering mixin config: caelus.mixins.json
[28Mar2025 18:25:43.029] [main/DEBUG] [mixin/]: Adding mixin platform agents for container SecureJarResource(incendium)
[28Mar2025 18:25:43.030] [main/DEBUG] [mixin/]: Instancing new MixinPlatformAgentMinecraftForge for SecureJarResource(incendium)
[28Mar2025 18:25:43.030] [main/DEBUG] [mixin/]: MixinPlatformAgentMinecraftForge rejected container SecureJarResource(incendium)
[28Mar2025 18:25:43.030] [main/DEBUG] [mixin/]: Instancing new MixinPlatformAgentDefault for SecureJarResource(incendium)
[28Mar2025 18:25:43.030] [main/DEBUG] [mixin/]: MixinPlatformAgentDefault accepted container SecureJarResource(incendium)
[28Mar2025 18:25:43.030] [main/DEBUG] [mixin/]: Processing prepare() for PlatformAgent[MixinPlatformAgentDefault:SecureJarResource(incendium)]
[28Mar2025 18:25:43.030] [main/DEBUG] [mixin/]: Adding mixin platform agents for container SecureJarResource(apoli)
[28Mar2025 18:25:43.030] [main/DEBUG] [mixin/]: Instancing new MixinPlatformAgentMinecraftForge for SecureJarResource(apoli)
[28Mar2025 18:25:43.030] [main/DEBUG] [mixin/]: MixinPlatformAgentMinecraftForge rejected container SecureJarResource(apoli)
[28Mar2025 18:25:43.030] [main/DEBUG] [mixin/]: Instancing new MixinPlatformAgentDefault for SecureJarResource(apoli)
[28Mar2025 18:25:43.030] [main/DEBUG] [mixin/]: MixinPlatformAgentDefault accepted container SecureJarResource(apoli)
[28Mar2025 18:25:43.030] [main/DEBUG] [mixin/]: Processing prepare() for PlatformAgent[MixinPlatformAgentDefault:SecureJarResource(apoli)]
[28Mar2025 18:25:43.030] [main/DEBUG] [mixin/]: Registering mixin config: apoli.mixins.json
[28Mar2025 18:25:43.039] [main/DEBUG] [mixin/]: Adding mixin platform agents for container SecureJarResource(ribbits)
[28Mar2025 18:25:43.039] [main/DEBUG] [mixin/]: Instancing new MixinPlatformAgentMinecraftForge for SecureJarResource(ribbits)
[28Mar2025 18:25:43.039] [main/DEBUG] [mixin/]: MixinPlatformAgentMinecraftForge rejected container SecureJarResource(ribbits)
[28Mar2025 18:25:43.040] [main/DEBUG] [mixin/]: Instancing new MixinPlatformAgentDefault for SecureJarResource(ribbits)
[28Mar2025 18:25:43.040] [main/DEBUG] [mixin/]: MixinPlatformAgentDefault accepted container SecureJarResource(ribbits)
[28Mar2025 18:25:43.040] [main/DEBUG] [mixin/]: Processing prepare() for PlatformAgent[MixinPlatformAgentDefault:SecureJarResource(ribbits)]
[28Mar2025 18:25:43.040] [main/DEBUG] [mixin/]: Registering mixin config: ribbits.mixins.json
[28Mar2025 18:25:43.042] [main/DEBUG] [mixin/]: Registering mixin config: ribbits_forge.mixins.json
[28Mar2025 18:25:43.050] [main/DEBUG] [mixin/]: Adding mixin platform agents for container SecureJarResource(curios)
[28Mar2025 18:25:43.051] [main/DEBUG] [mixin/]: Instancing new MixinPlatformAgentMinecraftForge for SecureJarResource(curios)
[28Mar2025 18:25:43.052] [main/DEBUG] [mixin/]: MixinPlatformAgentMinecraftForge rejected container SecureJarResource(curios)
[28Mar2025 18:25:43.053] [main/DEBUG] [mixin/]: Instancing new MixinPlatformAgentDefault for SecureJarResource(curios)
[28Mar2025 18:25:43.053] [main/DEBUG] [mixin/]: MixinPlatformAgentDefault accepted container SecureJarResource(curios)
[28Mar2025 18:25:43.053] [main/DEBUG] [mixin/]: Processing prepare() for PlatformAgent[MixinPlatformAgentDefault:SecureJarResource(curios)]
[28Mar2025 18:25:43.053] [main/DEBUG] [mixin/]: Registering mixin config: curios.mixins.json
[28Mar2025 18:25:43.056] [main/DEBUG] [mixin/]: Adding mixin platform agents for container SecureJarResource(origins)
[28Mar2025 18:25:43.056] [main/DEBUG] [mixin/]: Instancing new MixinPlatformAgentMinecraftForge for SecureJarResource(origins)
[28Mar2025 18:25:43.056] [main/DEBUG] [mixin/]: MixinPlatformAgentMinecraftForge rejected container SecureJarResource(origins)
[28Mar2025 18:25:43.056] [main/DEBUG] [mixin/]: Instancing new MixinPlatformAgentDefault for SecureJarResource(origins)
[28Mar2025 18:25:43.056] [main/DEBUG] [mixin/]: MixinPlatformAgentDefault accepted container SecureJarResource(origins)
[28Mar2025 18:25:43.056] [main/DEBUG] [mixin/]: Processing prepare() for PlatformAgent[MixinPlatformAgentDefault:SecureJarResource(origins)]
[28Mar2025 18:25:43.056] [main/DEBUG] [mixin/]: Registering mixin config: origins.mixins.json
[28Mar2025 18:25:43.059] [main/DEBUG] [mixin/]: Adding mixin platform agents for container SecureJarResource(journeymap)
[28Mar2025 18:25:43.060] [main/DEBUG] [mixin/]: Instancing new MixinPlatformAgentMinecraftForge for SecureJarResource(journeymap)
[28Mar2025 18:25:43.060] [main/DEBUG] [mixin/]: MixinPlatformAgentMinecraftForge rejected container SecureJarResource(journeymap)
[28Mar2025 18:25:43.060] [main/DEBUG] [mixin/]: Instancing new MixinPlatformAgentDefault for SecureJarResource(journeymap)
[28Mar2025 18:25:43.060] [main/DEBUG] [mixin/]: MixinPlatformAgentDefault accepted container SecureJarResource(journeymap)
[28Mar2025 18:25:43.060] [main/DEBUG] [mixin/]: Processing prepare() for PlatformAgent[MixinPlatformAgentDefault:SecureJarResource(journeymap)]
[28Mar2025 18:25:43.060] [main/DEBUG] [mixin/]: Registering mixin config: journeymap.mixins.json
[28Mar2025 18:25:43.068] [main/DEBUG] [mixin/]: Adding mixin platform agents for container SecureJarResource(citadel)
[28Mar2025 18:25:43.068] [main/DEBUG] [mixin/]: Instancing new MixinPlatformAgentMinecraftForge for SecureJarResource(citadel)
[28Mar2025 18:25:43.069] [main/DEBUG] [mixin/]: MixinPlatformAgentMinecraftForge rejected container SecureJarResource(citadel)
[28Mar2025 18:25:43.069] [main/DEBUG] [mixin/]: Instancing new MixinPlatformAgentDefault for SecureJarResource(citadel)
[28Mar2025 18:25:43.069] [main/DEBUG] [mixin/]: MixinPlatformAgentDefault accepted container SecureJarResource(citadel)
[28Mar2025 18:25:43.069] [main/DEBUG] [mixin/]: Processing prepare() for PlatformAgent[MixinPlatformAgentDefault:SecureJarResource(citadel)]
[28Mar2025 18:25:43.069] [main/DEBUG] [mixin/]: Registering mixin config: citadel.mixins.json
[28Mar2025 18:25:43.073] [main/DEBUG] [mixin/]: Adding mixin platform agents for container SecureJarResource(alexsmobs)
[28Mar2025 18:25:43.073] [main/DEBUG] [mixin/]: Instancing new MixinPlatformAgentMinecraftForge for SecureJarResource(alexsmobs)
[28Mar2025 18:25:43.073] [main/DEBUG] [mixin/]: MixinPlatformAgentMinecraftForge rejected container SecureJarResource(alexsmobs)
[28Mar2025 18:25:43.073] [main/DEBUG] [mixin/]: Instancing new MixinPlatformAgentDefault for SecureJarResource(alexsmobs)
[28Mar2025 18:25:43.073] [main/DEBUG] [mixin/]: MixinPlatformAgentDefault accepted container SecureJarResource(alexsmobs)
[28Mar2025 18:25:43.073] [main/DEBUG] [mixin/]: Processing prepare() for PlatformAgent[MixinPlatformAgentDefault:SecureJarResource(alexsmobs)]
[28Mar2025 18:25:43.073] [main/DEBUG] [mixin/]: Registering mixin config: citadel.mixins.json
[28Mar2025 18:25:43.073] [main/DEBUG] [mixin/]: Adding mixin platform agents for container SecureJarResource(securitycraft)
[28Mar2025 18:25:43.074] [main/DEBUG] [mixin/]: Instancing new MixinPlatformAgentMinecraftForge for SecureJarResource(securitycraft)
[28Mar2025 18:25:43.074] [main/DEBUG] [mixin/]: MixinPlatformAgentMinecraftForge rejected container SecureJarResource(securitycraft)
[28Mar2025 18:25:43.074] [main/DEBUG] [mixin/]: Instancing new MixinPlatformAgentDefault for SecureJarResource(securitycraft)
[28Mar2025 18:25:43.074] [main/DEBUG] [mixin/]: MixinPlatformAgentDefault accepted container SecureJarResource(securitycraft)
[28Mar2025 18:25:43.074] [main/DEBUG] [mixin/]: Processing prepare() for PlatformAgent[MixinPlatformAgentDefault:SecureJarResource(securitycraft)]
[28Mar2025 18:25:43.074] [main/DEBUG] [mixin/]: Registering mixin config: securitycraft.mixins.json
[28Mar2025 18:25:43.078] [main/DEBUG] [mixin/]: Adding mixin platform agents for container SecureJarResource(travelersbackpack)
[28Mar2025 18:25:43.078] [main/DEBUG] [mixin/]: Instancing new MixinPlatformAgentMinecraftForge for SecureJarResource(travelersbackpack)
[28Mar2025 18:25:43.078] [main/DEBUG] [mixin/]: MixinPlatformAgentMinecraftForge rejected container SecureJarResource(travelersbackpack)
[28Mar2025 18:25:43.078] [main/DEBUG] [mixin/]: Instancing new MixinPlatformAgentDefault for SecureJarResource(travelersbackpack)
[28Mar2025 18:25:43.078] [main/DEBUG] [mixin/]: MixinPlatformAgentDefault accepted container SecureJarResource(travelersbackpack)
[28Mar2025 18:25:43.078] [main/DEBUG] [mixin/]: Processing prepare() for PlatformAgent[MixinPlatformAgentDefault:SecureJarResource(travelersbackpack)]
[28Mar2025 18:25:43.078] [main/DEBUG] [mixin/]: Adding mixin platform agents for container SecureJarResource(artifacts)
[28Mar2025 18:25:43.078] [main/DEBUG] [mixin/]: Instancing new MixinPlatformAgentMinecraftForge for SecureJarResource(artifacts)
[28Mar2025 18:25:43.078] [main/DEBUG] [mixin/]: MixinPlatformAgentMinecraftForge rejected container SecureJarResource(artifacts)
[28Mar2025 18:25:43.078] [main/DEBUG] [mixin/]: Instancing new MixinPlatformAgentDefault for SecureJarResource(artifacts)
[28Mar2025 18:25:43.079] [main/DEBUG] [mixin/]: MixinPlatformAgentDefault accepted container SecureJarResource(artifacts)
[28Mar2025 18:25:43.079] [main/DEBUG] [mixin/]: Processing prepare() for PlatformAgent[MixinPlatformAgentDefault:SecureJarResource(artifacts)]
[28Mar2025 18:25:43.079] [main/DEBUG] [mixin/]: Registering mixin config: mixins.artifacts.common.json
[28Mar2025 18:25:43.084] [main/DEBUG] [mixin/]: Registering mixin config: mixins.artifacts.forge.json
[28Mar2025 18:25:43.090] [main/DEBUG] [mixin/]: Adding mixin platform agents for container SecureJarResource(yungsapi)
[28Mar2025 18:25:43.090] [main/DEBUG] [mixin/]: Instancing new MixinPlatformAgentMinecraftForge for SecureJarResource(yungsapi)
[28Mar2025 18:25:43.090] [main/DEBUG] [mixin/]: MixinPlatformAgentMinecraftForge rejected container SecureJarResource(yungsapi)
[28Mar2025 18:25:43.090] [main/DEBUG] [mixin/]: Instancing new MixinPlatformAgentDefault for SecureJarResource(yungsapi)
[28Mar2025 18:25:43.090] [main/DEBUG] [mixin/]: MixinPlatformAgentDefault accepted container SecureJarResource(yungsapi)
[28Mar2025 18:25:43.090] [main/DEBUG] [mixin/]: Processing prepare() for PlatformAgent[MixinPlatformAgentDefault:SecureJarResource(yungsapi)]
[28Mar2025 18:25:43.090] [main/DEBUG] [mixin/]: Registering mixin config: yungsapi.mixins.json
[28Mar2025 18:25:43.096] [main/DEBUG] [mixin/]: Registering mixin config: yungsapi_forge.mixins.json
[28Mar2025 18:25:43.097] [main/DEBUG] [mixin/]: Adding mixin platform agents for container SecureJarResource(bettervillage)
[28Mar2025 18:25:43.097] [main/DEBUG] [mixin/]: Instancing new MixinPlatformAgentMinecraftForge for SecureJarResource(bettervillage)
[28Mar2025 18:25:43.097] [main/DEBUG] [mixin/]: MixinPlatformAgentMinecraftForge rejected container SecureJarResource(bettervillage)
[28Mar2025 18:25:43.101] [main/DEBUG] [mixin/]: Instancing new MixinPlatformAgentDefault for SecureJarResource(bettervillage)
[28Mar2025 18:25:43.101] [main/DEBUG] [mixin/]: MixinPlatformAgentDefault accepted container SecureJarResource(bettervillage)
[28Mar2025 18:25:43.101] [main/DEBUG] [mixin/]: Processing prepare() for PlatformAgent[MixinPlatformAgentDefault:SecureJarResource(bettervillage)]
[28Mar2025 18:25:43.101] [main/DEBUG] [mixin/]: Adding mixin platform agents for container SecureJarResource(crackerslib)
[28Mar2025 18:25:43.101] [main/DEBUG] [mixin/]: Instancing new MixinPlatformAgentMinecraftForge for SecureJarResource(crackerslib)
[28Mar2025 18:25:43.101] [main/DEBUG] [mixin/]: MixinPlatformAgentMinecraftForge rejected container SecureJarResource(crackerslib)
[28Mar2025 18:25:43.101] [main/DEBUG] [mixin/]: Instancing new MixinPlatformAgentDefault for SecureJarResource(crackerslib)
[28Mar2025 18:25:43.102] [main/DEBUG] [mixin/]: MixinPlatformAgentDefault accepted container SecureJarResource(crackerslib)
[28Mar2025 18:25:43.102] [main/DEBUG] [mixin/]: Processing prepare() for PlatformAgent[MixinPlatformAgentDefault:SecureJarResource(crackerslib)]
[28Mar2025 18:25:43.102] [main/DEBUG] [mixin/]: Registering mixin config: crackerslib.mixins.json
[28Mar2025 18:25:43.108] [main/DEBUG] [mixin/]: Adding mixin platform agents for container SecureJarResource(mixinextras)
[28Mar2025 18:25:43.108] [main/DEBUG] [mixin/]: Instancing new MixinPlatformAgentMinecraftForge for SecureJarResource(mixinextras)
[28Mar2025 18:25:43.108] [main/DEBUG] [mixin/]: MixinPlatformAgentMinecraftForge rejected container SecureJarResource(mixinextras)
[28Mar2025 18:25:43.108] [main/DEBUG] [mixin/]: Instancing new MixinPlatformAgentDefault for SecureJarResource(mixinextras)
[28Mar2025 18:25:43.109] [main/DEBUG] [mixin/]: MixinPlatformAgentDefault accepted container SecureJarResource(mixinextras)
[28Mar2025 18:25:43.109] [main/DEBUG] [mixin/]: Processing prepare() for PlatformAgent[MixinPlatformAgentDefault:SecureJarResource(mixinextras)]
[28Mar2025 18:25:43.109] [main/DEBUG] [mixin/]: Registering mixin config: mixinextras.init.mixins.json
[28Mar2025 18:25:43.111] [main/DEBUG] [mixin/]: Adding mixin platform agents for container SecureJarResource(tombstone)
[28Mar2025 18:25:43.111] [main/DEBUG] [mixin/]: Instancing new MixinPlatformAgentMinecraftForge for SecureJarResource(tombstone)
[28Mar2025 18:25:43.111] [main/DEBUG] [mixin/]: MixinPlatformAgentMinecraftForge rejected container SecureJarResource(tombstone)
[28Mar2025 18:25:43.112] [main/DEBUG] [mixin/]: Instancing new MixinPlatformAgentDefault for SecureJarResource(tombstone)
[28Mar2025 18:25:43.112] [main/DEBUG] [mixin/]: MixinPlatformAgentDefault accepted container SecureJarResource(tombstone)
[28Mar2025 18:25:43.112] [main/DEBUG] [mixin/]: Processing prepare() for PlatformAgent[MixinPlatformAgentDefault:SecureJarResource(tombstone)]
[28Mar2025 18:25:43.112] [main/DEBUG] [mixin/]: Registering mixin config: tombstone.mixins.json
[28Mar2025 18:25:43.116] [main/DEBUG] [mixin/]: Adding mixin platform agents for container SecureJarResource(dungeoncrawl)
[28Mar2025 18:25:43.116] [main/DEBUG] [mixin/]: Instancing new MixinPlatformAgentMinecraftForge for SecureJarResource(dungeoncrawl)
[28Mar2025 18:25:43.116] [main/DEBUG] [mixin/]: MixinPlatformAgentMinecraftForge rejected container SecureJarResource(dungeoncrawl)
[28Mar2025 18:25:43.116] [main/DEBUG] [mixin/]: Instancing new MixinPlatformAgentDefault for SecureJarResource(dungeoncrawl)
[28Mar2025 18:25:43.116] [main/DEBUG] [mixin/]: MixinPlatformAgentDefault accepted container SecureJarResource(dungeoncrawl)
[28Mar2025 18:25:43.116] [main/DEBUG] [mixin/]: Processing prepare() for PlatformAgent[MixinPlatformAgentDefault:SecureJarResource(dungeoncrawl)]
[28Mar2025 18:25:43.116] [main/DEBUG] [mixin/]: Adding mixin platform agents for container SecureJarResource(cave_dweller)
[28Mar2025 18:25:43.116] [main/DEBUG] [mixin/]: Instancing new MixinPlatformAgentMinecraftForge for SecureJarResource(cave_dweller)
[28Mar2025 18:25:43.116] [main/DEBUG] [mixin/]: MixinPlatformAgentMinecraftForge rejected container SecureJarResource(cave_dweller)
[28Mar2025 18:25:43.116] [main/DEBUG] [mixin/]: Instancing new MixinPlatformAgentDefault for SecureJarResource(cave_dweller)
[28Mar2025 18:25:43.116] [main/DEBUG] [mixin/]: MixinPlatformAgentDefault accepted container SecureJarResource(cave_dweller)
[28Mar2025 18:25:43.116] [main/DEBUG] [mixin/]: Processing prepare() for PlatformAgent[MixinPlatformAgentDefault:SecureJarResource(cave_dweller)]
[28Mar2025 18:25:43.116] [main/DEBUG] [mixin/]: Registering mixin config: cave_dweller.mixins.json
[28Mar2025 18:25:43.121] [main/DEBUG] [mixin/]: Adding mixin platform agents for container SecureJarResource(architectury)
[28Mar2025 18:25:43.125] [main/DEBUG] [mixin/]: Instancing new MixinPlatformAgentMinecraftForge for SecureJarResource(architectury)
[28Mar2025 18:25:43.125] [main/DEBUG] [mixin/]: MixinPlatformAgentMinecraftForge rejected container SecureJarResource(architectury)
[28Mar2025 18:25:43.125] [main/DEBUG] [mixin/]: Instancing new MixinPlatformAgentDefault for SecureJarResource(architectury)
[28Mar2025 18:25:43.125] [main/DEBUG] [mixin/]: MixinPlatformAgentDefault accepted container SecureJarResource(architectury)
[28Mar2025 18:25:43.125] [main/DEBUG] [mixin/]: Processing prepare() for PlatformAgent[MixinPlatformAgentDefault:SecureJarResource(architectury)]
[28Mar2025 18:25:43.125] [main/DEBUG] [mixin/]: Registering mixin config: architectury.mixins.json
[28Mar2025 18:25:43.131] [main/DEBUG] [mixin/]: Compatibility level JAVA_16 specified by architectury.mixins.json is higher than the maximum level supported by this version of mixin (JAVA_13).
[28Mar2025 18:25:43.131] [main/DEBUG] [mixin/]: Registering mixin config: architectury-common.mixins.json
[28Mar2025 18:25:43.135] [main/DEBUG] [mixin/]: Compatibility level JAVA_16 specified by architectury-common.mixins.json is higher than the maximum level supported by this version of mixin (JAVA_13).
[28Mar2025 18:25:43.135] [main/DEBUG] [mixin/]: Adding mixin platform agents for container SecureJarResource(refurbished_furniture)
[28Mar2025 18:25:43.135] [main/DEBUG] [mixin/]: Instancing new MixinPlatformAgentMinecraftForge for SecureJarResource(refurbished_furniture)
[28Mar2025 18:25:43.135] [main/DEBUG] [mixin/]: MixinPlatformAgentMinecraftForge rejected container SecureJarResource(refurbished_furniture)
[28Mar2025 18:25:43.135] [main/DEBUG] [mixin/]: Instancing new MixinPlatformAgentDefault for SecureJarResource(refurbished_furniture)
[28Mar2025 18:25:43.135] [main/DEBUG] [mixin/]: MixinPlatformAgentDefault accepted container SecureJarResource(refurbished_furniture)
[28Mar2025 18:25:43.135] [main/DEBUG] [mixin/]: Processing prepare() for PlatformAgent[MixinPlatformAgentDefault:SecureJarResource(refurbished_furniture)]
[28Mar2025 18:25:43.135] [main/DEBUG] [mixin/]: Registering mixin config: refurbished_furniture.common.mixins.json
[28Mar2025 18:25:43.139] [main/DEBUG] [mixin/]: Adding mixin platform agents for container SecureJarResource(framework)
[28Mar2025 18:25:43.140] [main/DEBUG] [mixin/]: Instancing new MixinPlatformAgentMinecraftForge for SecureJarResource(framework)
[28Mar2025 18:25:43.140] [main/DEBUG] [mixin/]: MixinPlatformAgentMinecraftForge rejected container SecureJarResource(framework)
[28Mar2025 18:25:43.140] [main/DEBUG] [mixin/]: Instancing new MixinPlatformAgentDefault for SecureJarResource(framework)
[28Mar2025 18:25:43.140] [main/DEBUG] [mixin/]: MixinPlatformAgentDefault accepted container SecureJarResource(framework)
[28Mar2025 18:25:43.140] [main/DEBUG] [mixin/]: Processing prepare() for PlatformAgent[MixinPlatformAgentDefault:SecureJarResource(framework)]
[28Mar2025 18:25:43.140] [main/DEBUG] [mixin/]: Adding mixin platform agents for container SecureJarResource(paraglider)
[28Mar2025 18:25:43.140] [main/DEBUG] [mixin/]: Instancing new MixinPlatformAgentMinecraftForge for SecureJarResource(paraglider)
[28Mar2025 18:25:43.140] [main/DEBUG] [mixin/]: MixinPlatformAgentMinecraftForge rejected container SecureJarResource(paraglider)
[28Mar2025 18:25:43.140] [main/DEBUG] [mixin/]: Instancing new MixinPlatformAgentDefault for SecureJarResource(paraglider)
[28Mar2025 18:25:43.140] [main/DEBUG] [mixin/]: MixinPlatformAgentDefault accepted container SecureJarResource(paraglider)
[28Mar2025 18:25:43.140] [main/DEBUG] [mixin/]: Processing prepare() for PlatformAgent[MixinPlatformAgentDefault:SecureJarResource(paraglider)]
[28Mar2025 18:25:43.140] [main/DEBUG] [mixin/]: Registering mixin config: paraglider.mixins.json
[28Mar2025 18:25:43.142] [main/DEBUG] [mixin/]: Adding mixin platform agents for container SecureJarResource(dungeons_arise_seven_seas)
[28Mar2025 18:25:43.142] [main/DEBUG] [mixin/]: Instancing new MixinPlatformAgentMinecraftForge for SecureJarResource(dungeons_arise_seven_seas)
[28Mar2025 18:25:43.142] [main/DEBUG] [mixin/]: MixinPlatformAgentMinecraftForge rejected container SecureJarResource(dungeons_arise_seven_seas)
[28Mar2025 18:25:43.150] [main/DEBUG] [mixin/]: Instancing new MixinPlatformAgentDefault for SecureJarResource(dungeons_arise_seven_seas)
[28Mar2025 18:25:43.151] [main/DEBUG] [mixin/]: MixinPlatformAgentDefault accepted container SecureJarResource(dungeons_arise_seven_seas)
[28Mar2025 18:25:43.151] [main/DEBUG] [mixin/]: Processing prepare() for PlatformAgent[MixinPlatformAgentDefault:SecureJarResource(dungeons_arise_seven_seas)]
[28Mar2025 18:25:43.151] [main/DEBUG] [mixin/]: Adding mixin platform agents for container SecureJarResource(cloth_config)
[28Mar2025 18:25:43.151] [main/DEBUG] [mixin/]: Instancing new MixinPlatformAgentMinecraftForge for SecureJarResource(cloth_config)
[28Mar2025 18:25:43.151] [main/DEBUG] [mixin/]: MixinPlatformAgentMinecraftForge rejected container SecureJarResource(cloth_config)
[28Mar2025 18:25:43.151] [main/DEBUG] [mixin/]: Instancing new MixinPlatformAgentDefault for SecureJarResource(cloth_config)
[28Mar2025 18:25:43.151] [main/DEBUG] [mixin/]: MixinPlatformAgentDefault accepted container SecureJarResource(cloth_config)
[28Mar2025 18:25:43.151] [main/DEBUG] [mixin/]: Processing prepare() for PlatformAgent[MixinPlatformAgentDefault:SecureJarResource(cloth_config)]
[28Mar2025 18:25:43.151] [main/DEBUG] [mixin/]: Adding mixin platform agents for container SecureJarResource(forge)
[28Mar2025 18:25:43.151] [main/DEBUG] [mixin/]: Instancing new MixinPlatformAgentMinecraftForge for SecureJarResource(forge)
[28Mar2025 18:25:43.152] [main/DEBUG] [mixin/]: MixinPlatformAgentMinecraftForge rejected container SecureJarResource(forge)
[28Mar2025 18:25:43.152] [main/DEBUG] [mixin/]: Instancing new MixinPlatformAgentDefault for SecureJarResource(forge)
[28Mar2025 18:25:43.152] [main/DEBUG] [mixin/]: MixinPlatformAgentDefault accepted container SecureJarResource(forge)
[28Mar2025 18:25:43.152] [main/DEBUG] [mixin/]: Processing prepare() for PlatformAgent[MixinPlatformAgentDefault:SecureJarResource(forge)]
[28Mar2025 18:25:43.152] [main/DEBUG] [mixin/]: Adding mixin platform agents for container SecureJarResource(zeta)
[28Mar2025 18:25:43.152] [main/DEBUG] [mixin/]: Instancing new MixinPlatformAgentMinecraftForge for SecureJarResource(zeta)
[28Mar2025 18:25:43.152] [main/DEBUG] [mixin/]: MixinPlatformAgentMinecraftForge rejected container SecureJarResource(zeta)
[28Mar2025 18:25:43.152] [main/DEBUG] [mixin/]: Instancing new MixinPlatformAgentDefault for SecureJarResource(zeta)
[28Mar2025 18:25:43.152] [main/DEBUG] [mixin/]: MixinPlatformAgentDefault accepted container SecureJarResource(zeta)
[28Mar2025 18:25:43.152] [main/DEBUG] [mixin/]: Processing prepare() for PlatformAgent[MixinPlatformAgentDefault:SecureJarResource(zeta)]
[28Mar2025 18:25:43.152] [main/DEBUG] [mixin/]: Registering mixin config: zeta.mixins.json
[28Mar2025 18:25:43.158] [main/DEBUG] [mixin/]: Registering mixin config: zeta_forge.mixins.json
[28Mar2025 18:25:43.160] [main/DEBUG] [mixin/]: Adding mixin platform agents for container SecureJarResource(appleskin)
[28Mar2025 18:25:43.161] [main/DEBUG] [mixin/]: Instancing new MixinPlatformAgentMinecraftForge for SecureJarResource(appleskin)
[28Mar2025 18:25:43.161] [main/DEBUG] [mixin/]: MixinPlatformAgentMinecraftForge rejected container SecureJarResource(appleskin)
[28Mar2025 18:25:43.161] [main/DEBUG] [mixin/]: Instancing new MixinPlatformAgentDefault for SecureJarResource(appleskin)
[28Mar2025 18:25:43.161] [main/DEBUG] [mixin/]: MixinPlatformAgentDefault accepted container SecureJarResource(appleskin)
[28Mar2025 18:25:43.161] [main/DEBUG] [mixin/]: Processing prepare() for PlatformAgent[MixinPlatformAgentDefault:SecureJarResource(appleskin)]
[28Mar2025 18:25:43.163] [main/DEBUG] [mixin/]: Adding mixin platform agents for container SecureJarResource(expandability)
[28Mar2025 18:25:43.164] [main/DEBUG] [mixin/]: Instancing new MixinPlatformAgentMinecraftForge for SecureJarResource(expandability)
[28Mar2025 18:25:43.164] [main/DEBUG] [mixin/]: MixinPlatformAgentMinecraftForge rejected container SecureJarResource(expandability)
[28Mar2025 18:25:43.164] [main/DEBUG] [mixin/]: Instancing new MixinPlatformAgentDefault for SecureJarResource(expandability)
[28Mar2025 18:25:43.164] [main/DEBUG] [mixin/]: MixinPlatformAgentDefault accepted container SecureJarResource(expandability)
[28Mar2025 18:25:43.164] [main/DEBUG] [mixin/]: Processing prepare() for PlatformAgent[MixinPlatformAgentDefault:SecureJarResource(expandability)]
[28Mar2025 18:25:43.164] [main/DEBUG] [mixin/]: Registering mixin config: expandability.mixins.json
[28Mar2025 18:25:43.167] [main/DEBUG] [mixin/]: Registering mixin config: expandability-common.mixins.json
[28Mar2025 18:25:43.168] [main/DEBUG] [mixin/]: Adding mixin platform agents for container SecureJarResource(supplementaries)
[28Mar2025 18:25:43.168] [main/DEBUG] [mixin/]: Instancing new MixinPlatformAgentMinecraftForge for SecureJarResource(supplementaries)
[28Mar2025 18:25:43.168] [main/DEBUG] [mixin/]: MixinPlatformAgentMinecraftForge rejected container SecureJarResource(supplementaries)
[28Mar2025 18:25:43.168] [main/DEBUG] [mixin/]: Instancing new MixinPlatformAgentDefault for SecureJarResource(supplementaries)
[28Mar2025 18:25:43.168] [main/DEBUG] [mixin/]: MixinPlatformAgentDefault accepted container SecureJarResource(supplementaries)
[28Mar2025 18:25:43.168] [main/DEBUG] [mixin/]: Processing prepare() for PlatformAgent[MixinPlatformAgentDefault:SecureJarResource(supplementaries)]
[28Mar2025 18:25:43.168] [main/DEBUG] [mixin/]: Registering mixin config: supplementaries-common.mixins.json
[28Mar2025 18:25:43.170] [main/DEBUG] [mixin/]: Registering mixin config: supplementaries.mixins.json
[28Mar2025 18:25:43.172] [main/DEBUG] [mixin/]: Adding mixin platform agents for container SecureJarResource(mclib)
[28Mar2025 18:25:43.172] [main/DEBUG] [mixin/]: Instancing new MixinPlatformAgentMinecraftForge for SecureJarResource(mclib)
[28Mar2025 18:25:43.172] [main/DEBUG] [mixin/]: MixinPlatformAgentMinecraftForge rejected container SecureJarResource(mclib)
[28Mar2025 18:25:43.172] [main/DEBUG] [mixin/]: Instancing new MixinPlatformAgentDefault for SecureJarResource(mclib)
[28Mar2025 18:25:43.172] [main/DEBUG] [mixin/]: MixinPlatformAgentDefault accepted container SecureJarResource(mclib)
[28Mar2025 18:25:43.172] [main/DEBUG] [mixin/]: Processing prepare() for PlatformAgent[MixinPlatformAgentDefault:SecureJarResource(mclib)]
[28Mar2025 18:25:43.172] [main/DEBUG] [mixin/]: Adding mixin platform agents for container SecureJarResource(MixinSquared)
[28Mar2025 18:25:43.172] [main/DEBUG] [mixin/]: Instancing new MixinPlatformAgentMinecraftForge for SecureJarResource(MixinSquared)
[28Mar2025 18:25:43.172] [main/DEBUG] [mixin/]: MixinPlatformAgentMinecraftForge rejected container SecureJarResource(MixinSquared)
[28Mar2025 18:25:43.172] [main/DEBUG] [mixin/]: Instancing new MixinPlatformAgentDefault for SecureJarResource(MixinSquared)
[28Mar2025 18:25:43.172] [main/DEBUG] [mixin/]: MixinPlatformAgentDefault accepted container SecureJarResource(MixinSquared)
[28Mar2025 18:25:43.172] [main/DEBUG] [mixin/]: Processing prepare() for PlatformAgent[MixinPlatformAgentDefault:SecureJarResource(MixinSquared)]
[28Mar2025 18:25:43.172] [main/DEBUG] [mixin/]: Adding mixin platform agents for container SecureJarResource(MixinExtras)
[28Mar2025 18:25:43.172] [main/DEBUG] [mixin/]: Instancing new MixinPlatformAgentMinecraftForge for SecureJarResource(MixinExtras)
[28Mar2025 18:25:43.172] [main/DEBUG] [mixin/]: MixinPlatformAgentMinecraftForge rejected container SecureJarResource(MixinExtras)
[28Mar2025 18:25:43.173] [main/DEBUG] [mixin/]: Instancing new MixinPlatformAgentDefault for SecureJarResource(MixinExtras)
[28Mar2025 18:25:43.173] [main/DEBUG] [mixin/]: MixinPlatformAgentDefault accepted container SecureJarResource(MixinExtras)
[28Mar2025 18:25:43.173] [main/DEBUG] [mixin/]: Processing prepare() for PlatformAgent[MixinPlatformAgentDefault:SecureJarResource(MixinExtras)]
[28Mar2025 18:25:43.173] [main/DEBUG] [mixin/]: inject() running with 49 agents
[28Mar2025 18:25:43.173] [main/DEBUG] [mixin/]: Processing inject() for PlatformAgent[MixinPlatformAgentDefault:ModLauncher Root Container(ModLauncher:4f56a0a2)]
[28Mar2025 18:25:43.173] [main/DEBUG] [mixin/]: Processing inject() for PlatformAgent[MixinPlatformAgentDefault:SecureJarResource(minecraft)]
[28Mar2025 18:25:43.173] [main/DEBUG] [mixin/]: Processing inject() for PlatformAgent[MixinPlatformAgentDefault:SecureJarResource(mcwbridges)]
[28Mar2025 18:25:43.173] [main/DEBUG] [mixin/]: Processing inject() for PlatformAgent[MixinPlatformAgentDefault:SecureJarResource(repurposed_structures)]
[28Mar2025 18:25:43.173] [main/DEBUG] [mixin/]: Processing inject() for PlatformAgent[MixinPlatformAgentDefault:SecureJarResource(terrablender)]
[28Mar2025 18:25:43.173] [main/DEBUG] [mixin/]: Processing inject() for PlatformAgent[MixinPlatformAgentDefault:SecureJarResource(moonlight)]
[28Mar2025 18:25:43.173] [main/DEBUG] [mixin/]: Processing inject() for PlatformAgent[MixinPlatformAgentDefault:SecureJarResource(endertrigon)]
[28Mar2025 18:25:43.173] [main/DEBUG] [mixin/]: Processing inject() for PlatformAgent[MixinPlatformAgentDefault:SecureJarResource(biomesoplenty)]
[28Mar2025 18:25:43.173] [main/DEBUG] [mixin/]: Processing inject() for PlatformAgent[MixinPlatformAgentDefault:SecureJarResource(mixinsquared)]
[28Mar2025 18:25:43.173] [main/DEBUG] [mixin/]: Processing inject() for PlatformAgent[MixinPlatformAgentDefault:SecureJarResource(jade)]
[28Mar2025 18:25:43.173] [main/DEBUG] [mixin/]: Processing inject() for PlatformAgent[MixinPlatformAgentDefault:SecureJarResource(amendments)]
[28Mar2025 18:25:43.173] [main/DEBUG] [mixin/]: Processing inject() for PlatformAgent[MixinPlatformAgentDefault:SecureJarResource(additionalentityattributes)]
[28Mar2025 18:25:43.174] [main/DEBUG] [mixin/]: Processing inject() for PlatformAgent[MixinPlatformAgentDefault:SecureJarResource(geckolib)]
[28Mar2025 18:25:43.174] [main/DEBUG] [mixin/]: Processing inject() for PlatformAgent[MixinPlatformAgentDefault:SecureJarResource(jei)]
[28Mar2025 18:25:43.174] [main/DEBUG] [mixin/]: Processing inject() for PlatformAgent[MixinPlatformAgentDefault:SecureJarResource(libraryferret)]
[28Mar2025 18:25:43.174] [main/DEBUG] [mixin/]: Processing inject() for PlatformAgent[MixinPlatformAgentDefault:SecureJarResource(calio)]
[28Mar2025 18:25:43.174] [main/DEBUG] [mixin/]: Processing inject() for PlatformAgent[MixinPlatformAgentDefault:SecureJarResource(caelus)]
[28Mar2025 18:25:43.174] [main/DEBUG] [mixin/]: Processing inject() for PlatformAgent[MixinPlatformAgentDefault:SecureJarResource(incendium)]
[28Mar2025 18:25:43.174] [main/DEBUG] [mixin/]: Processing inject() for PlatformAgent[MixinPlatformAgentDefault:SecureJarResource(apoli)]
[28Mar2025 18:25:43.174] [main/DEBUG] [mixin/]: Processing inject() for PlatformAgent[MixinPlatformAgentDefault:SecureJarResource(ribbits)]
[28Mar2025 18:25:43.174] [main/DEBUG] [mixin/]: Processing inject() for PlatformAgent[MixinPlatformAgentDefault:SecureJarResource(curios)]
[28Mar2025 18:25:43.174] [main/DEBUG] [mixin/]: Processing inject() for PlatformAgent[MixinPlatformAgentDefault:SecureJarResource(origins)]
[28Mar2025 18:25:43.174] [main/DEBUG] [mixin/]: Processing inject() for PlatformAgent[MixinPlatformAgentDefault:SecureJarResource(journeymap)]
[28Mar2025 18:25:43.174] [main/DEBUG] [mixin/]: Processing inject() for PlatformAgent[MixinPlatformAgentDefault:SecureJarResource(citadel)]
[28Mar2025 18:25:43.174] [main/DEBUG] [mixin/]: Processing inject() for PlatformAgent[MixinPlatformAgentDefault:SecureJarResource(alexsmobs)]
[28Mar2025 18:25:43.174] [main/DEBUG] [mixin/]: Processing inject() for PlatformAgent[MixinPlatformAgentDefault:SecureJarResource(securitycraft)]
[28Mar2025 18:25:43.174] [main/DEBUG] [mixin/]: Processing inject() for PlatformAgent[MixinPlatformAgentDefault:SecureJarResource(travelersbackpack)]
[28Mar2025 18:25:43.174] [main/DEBUG] [mixin/]: Processing inject() for PlatformAgent[MixinPlatformAgentDefault:SecureJarResource(artifacts)]
[28Mar2025 18:25:43.174] [main/DEBUG] [mixin/]: Processing inject() for PlatformAgent[MixinPlatformAgentDefault:SecureJarResource(yungsapi)]
[28Mar2025 18:25:43.174] [main/DEBUG] [mixin/]: Processing inject() for PlatformAgent[MixinPlatformAgentDefault:SecureJarResource(bettervillage)]
[28Mar2025 18:25:43.174] [main/DEBUG] [mixin/]: Processing inject() for PlatformAgent[MixinPlatformAgentDefault:SecureJarResource(crackerslib)]
[28Mar2025 18:25:43.174] [main/DEBUG] [mixin/]: Processing inject() for PlatformAgent[MixinPlatformAgentDefault:SecureJarResource(mixinextras)]
[28Mar2025 18:25:43.174] [main/DEBUG] [mixin/]: Processing inject() for PlatformAgent[MixinPlatformAgentDefault:SecureJarResource(tombstone)]
[28Mar2025 18:25:43.174] [main/DEBUG] [mixin/]: Processing inject() for PlatformAgent[MixinPlatformAgentDefault:SecureJarResource(dungeoncrawl)]
[28Mar2025 18:25:43.175] [main/DEBUG] [mixin/]: Processing inject() for PlatformAgent[MixinPlatformAgentDefault:SecureJarResource(cave_dweller)]
[28Mar2025 18:25:43.175] [main/DEBUG] [mixin/]: Processing inject() for PlatformAgent[MixinPlatformAgentDefault:SecureJarResource(architectury)]
[28Mar2025 18:25:43.175] [main/DEBUG] [mixin/]: Processing inject() for PlatformAgent[MixinPlatformAgentDefault:SecureJarResource(refurbished_furniture)]
[28Mar2025 18:25:43.175] [main/DEBUG] [mixin/]: Processing inject() for PlatformAgent[MixinPlatformAgentDefault:SecureJarResource(framework)]
[28Mar2025 18:25:43.175] [main/DEBUG] [mixin/]: Processing inject() for PlatformAgent[MixinPlatformAgentDefault:SecureJarResource(paraglider)]
[28Mar2025 18:25:43.175] [main/DEBUG] [mixin/]: Processing inject() for PlatformAgent[MixinPlatformAgentDefault:SecureJarResource(dungeons_arise_seven_seas)]
[28Mar2025 18:25:43.175] [main/DEBUG] [mixin/]: Processing inject() for PlatformAgent[MixinPlatformAgentDefault:SecureJarResource(cloth_config)]
[28Mar2025 18:25:43.175] [main/DEBUG] [mixin/]: Processing inject() for PlatformAgent[MixinPlatformAgentDefault:SecureJarResource(forge)]
[28Mar2025 18:25:43.175] [main/DEBUG] [mixin/]: Processing inject() for PlatformAgent[MixinPlatformAgentDefault:SecureJarResource(zeta)]
[28Mar2025 18:25:43.175] [main/DEBUG] [mixin/]: Processing inject() for PlatformAgent[MixinPlatformAgentDefault:SecureJarResource(appleskin)]
[28Mar2025 18:25:43.175] [main/DEBUG] [mixin/]: Processing inject() for PlatformAgent[MixinPlatformAgentDefault:SecureJarResource(expandability)]
[28Mar2025 18:25:43.175] [main/DEBUG] [mixin/]: Processing inject() for PlatformAgent[MixinPlatformAgentDefault:SecureJarResource(supplementaries)]
[28Mar2025 18:25:43.175] [main/DEBUG] [mixin/]: Processing inject() for PlatformAgent[MixinPlatformAgentDefault:SecureJarResource(mclib)]
[28Mar2025 18:25:43.175] [main/DEBUG] [mixin/]: Processing inject() for PlatformAgent[MixinPlatformAgentDefault:SecureJarResource(MixinSquared)]
[28Mar2025 18:25:43.175] [main/DEBUG] [mixin/]: Processing inject() for PlatformAgent[MixinPlatformAgentDefault:SecureJarResource(MixinExtras)]
[28Mar2025 18:25:43.177] [main/INFO] [cpw.mods.modlauncher.LaunchServiceHandler/MODLAUNCHER]: Launching target 'forgeserver' with arguments [nogui]
[28Mar2025 18:25:43.293] [main/DEBUG] [mixin/]: Error cleaning class output directory: .mixin.out
[28Mar2025 18:25:43.300] [main/DEBUG] [mixin/]: Preparing mixins for MixinEnvironment[DEFAULT]
[28Mar2025 18:25:43.301] [main/DEBUG] [mixin/]: Selecting config repurposed_structures-common.mixins.json
[28Mar2025 18:25:43.326] [main/DEBUG] [mixin/]: Selecting config repurposed_structures-forge.mixins.json
[28Mar2025 18:25:43.327] [main/DEBUG] [mixin/]: Selecting config terrablender.mixins.json
[28Mar2025 18:25:43.333] [main/DEBUG] [mixin/]: Selecting config terrablender_forge.mixins.json
[28Mar2025 18:25:43.336] [main/DEBUG] [mixin/]: Selecting config moonlight-common.mixins.json
[28Mar2025 18:25:43.375] [main/DEBUG] [mixin/]: Selecting config moonlight.mixins.json
[28Mar2025 18:25:43.381] [main/DEBUG] [mixin/]: Selecting config endertrigon.mixins.json
[28Mar2025 18:25:43.382] [main/DEBUG] [mixin/]: Selecting config mixinsquared.init.mixins.json
[28Mar2025 18:25:43.554] [main/DEBUG] [mixin/]: Registering new target selector for @mixinsquared:handler with com.bawnorton.mixinsquared.selector.DynamicSelectorHandler
[28Mar2025 18:25:43.581] [main/DEBUG] [mixin/]: Selecting config jade.mixins.json
[28Mar2025 18:25:43.589] [main/DEBUG] [mixin/]: Selecting config amendments.mixins.json
[28Mar2025 18:25:43.592] [main/DEBUG] [mixin/]: Selecting config amendments-common.mixins.json
[28Mar2025 18:25:43.599] [main/DEBUG] [mixin/]: Selecting config additionalentityattributes.mixins.json
[28Mar2025 18:25:43.606] [main/DEBUG] [mixin/]: Selecting config geckolib.mixins.json
[28Mar2025 18:25:43.612] [main/DEBUG] [mixin/]: Selecting config calio.mixins.json
[28Mar2025 18:25:43.618] [main/DEBUG] [mixin/]: Selecting config caelus.mixins.json
[28Mar2025 18:25:43.622] [main/DEBUG] [mixin/]: Selecting config apoli.mixins.json
[28Mar2025 18:25:43.637] [main/DEBUG] [mixin/]: Selecting config ribbits.mixins.json
[28Mar2025 18:25:43.641] [main/DEBUG] [mixin/]: Selecting config ribbits_forge.mixins.json
[28Mar2025 18:25:43.644] [main/DEBUG] [mixin/]: Selecting config curios.mixins.json
[28Mar2025 18:25:43.646] [main/DEBUG] [mixin/]: Selecting config origins.mixins.json
[28Mar2025 18:25:43.648] [main/DEBUG] [mixin/]: Selecting config journeymap.mixins.json
[28Mar2025 18:25:43.650] [main/DEBUG] [mixin/]: Selecting config citadel.mixins.json
[28Mar2025 18:25:43.652] [main/DEBUG] [mixin/]: Selecting config securitycraft.mixins.json
[28Mar2025 18:25:43.660] [main/DEBUG] [mixin/]: Selecting config mixins.artifacts.common.json
[28Mar2025 18:25:43.664] [main/DEBUG] [mixin/]: Selecting config mixins.artifacts.forge.json
[28Mar2025 18:25:43.667] [main/DEBUG] [mixin/]: Selecting config yungsapi.mixins.json
[28Mar2025 18:25:43.673] [main/DEBUG] [mixin/]: Selecting config yungsapi_forge.mixins.json
[28Mar2025 18:25:43.675] [main/DEBUG] [mixin/]: Selecting config crackerslib.mixins.json
[28Mar2025 18:25:43.679] [main/DEBUG] [mixin/]: Selecting config mixinextras.init.mixins.json
[28Mar2025 18:25:43.783] [main/DEBUG] [MixinExtras|Service/]: com.llamalad7.mixinextras.service.MixinExtrasServiceImpl(version=0.4.1) is taking over from null
[28Mar2025 18:25:43.891] [main/DEBUG] [mixin/]: Registering new injector for @Inject with org.spongepowered.asm.mixin.injection.struct.CallbackInjectionInfo
[28Mar2025 18:25:43.894] [main/DEBUG] [mixin/]: Registering new injector for @ModifyArg with org.spongepowered.asm.mixin.injection.struct.ModifyArgInjectionInfo
[28Mar2025 18:25:43.897] [main/DEBUG] [mixin/]: Registering new injector for @ModifyArgs with org.spongepowered.asm.mixin.injection.struct.ModifyArgsInjectionInfo
[28Mar2025 18:25:43.901] [main/DEBUG] [mixin/]: Registering new injector for @Redirect with org.spongepowered.asm.mixin.injection.struct.RedirectInjectionInfo
[28Mar2025 18:25:43.903] [main/DEBUG] [mixin/]: Registering new injector for @ModifyVariable with org.spongepowered.asm.mixin.injection.struct.ModifyVariableInjectionInfo
[28Mar2025 18:25:43.906] [main/DEBUG] [mixin/]: Registering new injector for @ModifyConstant with org.spongepowered.asm.mixin.injection.struct.ModifyConstantInjectionInfo
[28Mar2025 18:25:43.949] [main/DEBUG] [mixin/]: Selecting config tombstone.mixins.json
[28Mar2025 18:25:43.952] [main/DEBUG] [mixin/]: Selecting config cave_dweller.mixins.json
[28Mar2025 18:25:43.958] [main/DEBUG] [mixin/]: Selecting config architectury.mixins.json
[28Mar2025 18:25:43.965] [main/DEBUG] [mixin/]: Selecting config architectury-common.mixins.json
[28Mar2025 18:25:43.966] [main/DEBUG] [mixin/]: Selecting config refurbished_furniture.common.mixins.json
[28Mar2025 18:25:43.967] [main/DEBUG] [mixin/]: Selecting config paraglider.mixins.json
[28Mar2025 18:25:43.971] [main/DEBUG] [mixin/]: Selecting config zeta.mixins.json
[28Mar2025 18:25:43.972] [main/DEBUG] [mixin/]: Selecting config zeta_forge.mixins.json
[28Mar2025 18:25:43.983] [main/DEBUG] [mixin/]: Selecting config expandability.mixins.json
[28Mar2025 18:25:43.985] [main/DEBUG] [mixin/]: Selecting config expandability-common.mixins.json
[28Mar2025 18:25:43.988] [main/DEBUG] [mixin/]: Selecting config supplementaries-common.mixins.json
[28Mar2025 18:25:43.996] [main/DEBUG] [mixin/]: Selecting config supplementaries.mixins.json
[28Mar2025 18:25:44.001] [main/DEBUG] [mixin/]: Preparing repurposed_structures-common.mixins.json (29)
[28Mar2025 18:25:44.194] [main/DEBUG] [net.minecraftforge.coremod.transformer.CoreModBaseTransformer/COREMOD]: Transforming net/minecraft/world/level/levelgen/structure/templatesystem/StructureTemplate
[28Mar2025 18:25:45.127] [main/DEBUG] [mixin/]: Preparing repurposed_structures-forge.mixins.json (1)
[28Mar2025 18:25:45.133] [main/DEBUG] [mixin/]: Preparing terrablender.mixins.json (7)
[28Mar2025 18:25:45.230] [main/DEBUG] [mixin/]: Preparing terrablender_forge.mixins.json (0)
[28Mar2025 18:25:45.235] [main/DEBUG] [mixin/]: Preparing moonlight-common.mixins.json (35)
[28Mar2025 18:25:45.399] [main/DEBUG] [net.minecraftforge.coremod.transformer.CoreModBaseTransformer/COREMOD]: Transforming net/minecraft/world/entity/npc/Villager
[28Mar2025 18:25:45.777] [main/DEBUG] [mixin/]: Preparing moonlight.mixins.json (11)
[28Mar2025 18:25:45.823] [main/DEBUG] [mixin/]: Preparing endertrigon.mixins.json (12)
[28Mar2025 18:25:45.897] [main/DEBUG] [mixin/]: Preparing mixinsquared.init.mixins.json (0)
[28Mar2025 18:25:45.898] [main/DEBUG] [mixin/]: Preparing jade.mixins.json (3)
[28Mar2025 18:25:45.898] [main/DEBUG] [mixin/]: Preparing amendments.mixins.json (3)
[28Mar2025 18:25:45.911] [main/DEBUG] [mixin/]: Preparing amendments-common.mixins.json (34)
[28Mar2025 18:25:46.136] [main/DEBUG] [mixin/]: @Mixin target net/minecraft/world/level/block/WallHangingSignBlock is public in amendments-common.mixins.json:CeilingHangingSignBlockMixin and should be specified in value
[28Mar2025 18:25:46.139] [main/DEBUG] [mixin/]: @Mixin target net/minecraft/world/level/block/CeilingHangingSignBlock is public in amendments-common.mixins.json:CeilingHangingSignBlockMixin and should be specified in value
[28Mar2025 18:25:46.144] [main/DEBUG] [net.minecraftforge.coremod.transformer.CoreModBaseTransformer/COREMOD]: Transforming net/minecraft/world/level/block/FlowerPotBlock
[28Mar2025 18:25:46.226] [main/DEBUG] [mixin/]: @Mixin target net/minecraft/world/level/block/SkullBlock is public in amendments-common.mixins.json:SkullBlockMixin and should be specified in value
[28Mar2025 18:25:46.239] [main/DEBUG] [mixin/]: @Mixin target net/minecraft/world/level/block/WallSkullBlock is public in amendments-common.mixins.json:SkullBlockMixin and should be specified in value
[28Mar2025 18:25:46.248] [main/DEBUG] [mixin/]: Preparing additionalentityattributes.mixins.json (9)
[28Mar2025 18:25:46.310] [main/DEBUG] [net.minecraftforge.coremod.transformer.CoreModBaseTransformer/COREMOD]: Transforming net/minecraft/world/entity/Entity
[28Mar2025 18:25:46.550] [main/DEBUG] [net.minecraftforge.coremod.transformer.CoreModBaseTransformer/COREMOD]: Transforming jumpInFluid with desc (Lnet/minecraftforge/fluids/FluidType;)V
[28Mar2025 18:25:46.660] [main/DEBUG] [net.minecraftforge.coremod.transformer.CoreModBaseTransformer/COREMOD]: Transforming sinkInFluid with desc (Lnet/minecraftforge/fluids/FluidType;)V
[28Mar2025 18:25:46.736] [main/DEBUG] [mixin/]: Preparing geckolib.mixins.json (1)
[28Mar2025 18:25:46.736] [main/DEBUG] [mixin/]: Preparing calio.mixins.json (1)
[28Mar2025 18:25:46.752] [main/DEBUG] [mixin/]: Preparing caelus.mixins.json (4)
[28Mar2025 18:25:46.756] [main/DEBUG] [mixin/]: Preparing apoli.mixins.json (54)
[28Mar2025 18:25:46.819] [main/DEBUG] [net.minecraftforge.coremod.transformer.CoreModBaseTransformer/COREMOD]: Transforming net/minecraft/world/level/biome/Biome
[28Mar2025 18:25:46.905] [main/DEBUG] [net.minecraftforge.coremod.transformer.CoreModBaseTransformer/COREMOD]: Transforming m_41787_ with desc ()V
[28Mar2025 18:25:46.947] [main/DEBUG] [net.minecraftforge.coremod.transformer.CoreModBaseTransformer/COREMOD]: Transforming net/minecraft/world/item/ItemStack
[28Mar2025 18:25:46.972] [main/DEBUG] [net.minecraftforge.coremod.transformer.CoreModBaseTransformer/COREMOD]: Transforming canEquip with desc (Lnet/minecraft/world/entity/EquipmentSlot;Lnet/minecraft/world/entity/Entity;)Z
[28Mar2025 18:25:47.007] [main/DEBUG] [net.minecraftforge.coremod.transformer.CoreModBaseTransformer/COREMOD]: Transforming getHighlightTip with desc (Lnet/minecraft/network/chat/Component;)Lnet/minecraft/network/chat/Component;
[28Mar2025 18:25:47.030] [main/DEBUG] [net.minecraftforge.coremod.transformer.CoreModBaseTransformer/COREMOD]: Transforming getFoodProperties with desc (Lnet/minecraft/world/entity/LivingEntity;)Lnet/minecraft/world/food/FoodProperties;
[28Mar2025 18:25:47.080] [main/DEBUG] [net.minecraftforge.coremod.transformer.CoreModBaseTransformer/COREMOD]: Transforming net/minecraft/world/level/levelgen/PhantomSpawner
[28Mar2025 18:25:47.133] [main/DEBUG] [net.minecraftforge.coremod.transformer.CoreModBaseTransformer/COREMOD]: Transforming net/minecraft/world/effect/MobEffectInstance
[28Mar2025 18:25:47.190] [main/DEBUG] [mixin/]: Preparing ribbits.mixins.json (12)
[28Mar2025 18:25:47.202] [main/DEBUG] [mixin/]: Preparing ribbits_forge.mixins.json (1)
[28Mar2025 18:25:47.204] [main/DEBUG] [mixin/]: Preparing curios.mixins.json (13)
[28Mar2025 18:25:47.254] [main/DEBUG] [mixin/]: Preparing origins.mixins.json (10)
[28Mar2025 18:25:47.278] [main/DEBUG] [mixin/]: Preparing journeymap.mixins.json (3)
[28Mar2025 18:25:47.278] [main/DEBUG] [mixin/]: Preparing citadel.mixins.json (15)
[28Mar2025 18:25:47.387] [main/DEBUG] [mixin/]: Preparing securitycraft.mixins.json (19)
[28Mar2025 18:25:47.468] [main/DEBUG] [mixin/]: Preparing mixins.artifacts.common.json (20)
[28Mar2025 18:25:47.493] [main/DEBUG] [net.minecraftforge.coremod.transformer.CoreModBaseTransformer/COREMOD]: Transforming net/minecraft/world/level/NaturalSpawner
[28Mar2025 18:25:47.690] [main/DEBUG] [mixin/]: Preparing mixins.artifacts.forge.json (3)
[28Mar2025 18:25:47.699] [main/DEBUG] [mixin/]: Preparing yungsapi.mixins.json (11)
[28Mar2025 18:25:47.711] [main/DEBUG] [yungsapi/]: Loaded com.yungnickyoung.minecraft.yungsapi.services.ForgePlatformHelper@7ae590f6 for service interface com.yungnickyoung.minecraft.yungsapi.services.IPlatformHelper
[28Mar2025 18:25:47.717] [main/DEBUG] [yungsapi/]: Loaded com.yungnickyoung.minecraft.yungsapi.services.ForgeAutoRegisterHelper@a056b26 for service interface com.yungnickyoung.minecraft.yungsapi.services.IAutoRegisterHelper
[28Mar2025 18:25:47.723] [main/DEBUG] [yungsapi/]: Loaded com.yungnickyoung.minecraft.yungsapi.services.ForgeBlockEntityTypeHelper@3f6c2763 for service interface com.yungnickyoung.minecraft.yungsapi.services.IBlockEntityTypeHelper
[28Mar2025 18:25:47.723] [main/DEBUG] [yungsapi/]: Loaded com.yungnickyoung.minecraft.yungsapi.services.ForgeParticleTypeHelper@424f02b8 for service interface com.yungnickyoung.minecraft.yungsapi.services.IParticleTypeHelper
[28Mar2025 18:25:47.743] [main/DEBUG] [mixin/]: Preparing yungsapi_forge.mixins.json (1)
[28Mar2025 18:25:47.744] [main/DEBUG] [mixin/]: Preparing crackerslib.mixins.json (2)
[28Mar2025 18:25:47.747] [main/DEBUG] [mixin/]: Preparing mixinextras.init.mixins.json (0)
[28Mar2025 18:25:47.747] [main/DEBUG] [mixin/]: Preparing tombstone.mixins.json (26)
[28Mar2025 18:25:47.819] [main/DEBUG] [mixin/]: Preparing cave_dweller.mixins.json (3)
[28Mar2025 18:25:47.826] [main/DEBUG] [mixin/]: Preparing architectury.mixins.json (9)
[28Mar2025 18:25:47.859] [main/DEBUG] [mixin/]: Preparing architectury-common.mixins.json (10)
[28Mar2025 18:25:47.870] [main/DEBUG] [net.minecraftforge.coremod.transformer.CoreModBaseTransformer/COREMOD]: Transforming net/minecraft/world/item/BucketItem
[28Mar2025 18:25:47.891] [main/DEBUG] [net.minecraftforge.coremod.transformer.CoreModBaseTransformer/COREMOD]: Transforming net/minecraft/world/entity/EntityType
[28Mar2025 18:25:48.054] [main/DEBUG] [net.minecraftforge.coremod.transformer.CoreModBaseTransformer/COREMOD]: Transforming net/minecraft/world/level/block/LiquidBlock
[28Mar2025 18:25:48.065] [main/DEBUG] [mixin/]: Preparing refurbished_furniture.common.mixins.json (12)
[28Mar2025 18:25:48.086] [main/DEBUG] [mixin/]: Preparing paraglider.mixins.json (4)
[28Mar2025 18:25:48.107] [main/DEBUG] [net.minecraftforge.coremod.transformer.CoreModBaseTransformer/COREMOD]: Transforming net/minecraft/world/entity/raid/Raid
[28Mar2025 18:25:48.375] [main/DEBUG] [mixin/]: Preparing zeta.mixins.json (7)
[28Mar2025 18:25:48.402] [main/DEBUG] [mixin/]: Preparing zeta_forge.mixins.json (9)
[28Mar2025 18:25:48.498] [main/DEBUG] [mixin/]: Preparing expandability.mixins.json (4)
[28Mar2025 18:25:48.501] [main/DEBUG] [mixin/]: Preparing expandability-common.mixins.json (9)
[28Mar2025 18:25:48.511] [main/DEBUG] [mixin/]: Preparing supplementaries-common.mixins.json (78)
[28Mar2025 18:25:48.887] [main/DEBUG] [mixin/]: Preparing supplementaries.mixins.json (28)
[28Mar2025 18:25:49.031] [main/WARN] [mixin/]: Error loading class: vectorwing/farmersdelight/common/block/TomatoVineBlock (java.lang.ClassNotFoundException: vectorwing.farmersdelight.common.block.TomatoVineBlock)
[28Mar2025 18:25:49.032] [main/DEBUG] [mixin/]: Skipping virtual target vectorwing.farmersdelight.common.block.TomatoVineBlock for supplementaries.mixins.json:CompatFarmersDelightTomatoMixin
[28Mar2025 18:25:49.166] [main/DEBUG] [mixin/]: @Mixin target net/minecraft/world/entity/npc/VillagerTrades$TreasureMapForEmeralds is public in supplementaries.mixins.json:TreasureMapForEmeraldsMixin and should be specified in value
[28Mar2025 18:25:50.156] [main/DEBUG] [mixin/]: Inner class net/mehvahdjukaar/supplementaries/mixins/forge/self/SelfFlammableFluidBlockMixin$1 in net/mehvahdjukaar/supplementaries/mixins/forge/self/SelfFlammableFluidBlockMixin on net/mehvahdjukaar/supplementaries/common/fluids/FlammableLiquidBlock gets unique name net/mehvahdjukaar/supplementaries/common/fluids/FlammableLiquidBlock$Anonymous$3514a98597e24ccdb8864f50e14363c6
[28Mar2025 18:25:50.167] [main/DEBUG] [mixin/]: Prepared 361 mixins in 6.865 sec (19.0ms avg) (0ms load, 0ms transform, 0ms plugin)
[28Mar2025 18:25:50.184] [main/INFO] [MixinExtras|Service/]: Initializing MixinExtras via com.llamalad7.mixinextras.service.MixinExtrasServiceImpl(version=0.4.1).
[28Mar2025 18:25:50.186] [main/DEBUG] [mixin/]: Registering new injector for @SugarWrapper with com.llamalad7.mixinextras.sugar.impl.SugarWrapperInjectionInfo
[28Mar2025 18:25:50.187] [main/DEBUG] [mixin/]: Registering new injector for @FactoryRedirectWrapper with com.llamalad7.mixinextras.wrapper.factory.FactoryRedirectWrapperInjectionInfo
[28Mar2025 18:25:50.196] [main/DEBUG] [mixin/]: Mixing MinecraftServerMixin from citadel.mixins.json into net.minecraft.server.MinecraftServer
[28Mar2025 18:25:50.410] [main/DEBUG] [mixin/]: Mixing DedicatedServerMixin from tombstone.mixins.json into net.minecraft.server.dedicated.DedicatedServer
[28Mar2025 18:25:50.515] [main/DEBUG] [io.netty.util.internal.logging.InternalLoggerFactory/]: Using SLF4J as the default logging framework
[28Mar2025 18:25:50.523] [main/DEBUG] [io.netty.util.ResourceLeakDetector/]: -Dio.netty.leakDetection.level: simple
[28Mar2025 18:25:50.525] [main/DEBUG] [io.netty.util.ResourceLeakDetector/]: -Dio.netty.leakDetection.targetRecords: 4
[28Mar2025 18:25:51.223] [main/DEBUG] [oshi.util.FileUtil/]: No oshi.properties file found from ClassLoader cpw.mods.modlauncher.TransformingClassLoader@6975fb1c
[28Mar2025 18:25:51.224] [main/DEBUG] [oshi.util.FileUtil/]: No oshi.properties file found from ClassLoader jdk.internal.loader.ClassLoaders$AppClassLoader@76ed5528
[28Mar2025 18:25:51.647] [main/DEBUG] [oshi.util.FileUtil/]: Reading file /proc/self/auxv
[28Mar2025 18:25:51.651] [main/DEBUG] [oshi.util.FileUtil/]: Reading file /proc/self/auxv
[28Mar2025 18:25:51.660] [main/DEBUG] [oshi.util.FileUtil/]: Reading file /proc/stat
[28Mar2025 18:25:51.676] [main/DEBUG] [oshi.util.FileUtil/]: Reading file /sys/devices/system/cpu/cpu0/topology/core_id
[28Mar2025 18:25:51.676] [main/DEBUG] [oshi.util.FileUtil/]: Reading file /sys/devices/system/cpu/cpu0/topology/core_id
[28Mar2025 18:25:51.676] [main/DEBUG] [oshi.util.FileUtil/]: Reading file /sys/devices/system/cpu/cpu0/topology/physical_package_id
[28Mar2025 18:25:51.676] [main/DEBUG] [oshi.util.FileUtil/]: Reading file /sys/devices/system/cpu/cpu0/topology/physical_package_id
[28Mar2025 18:25:51.677] [main/DEBUG] [oshi.util.FileUtil/]: Reading file /sys/devices/system/cpu/cpu0/cpu_capacity
[28Mar2025 18:25:51.679] [main/DEBUG] [oshi.util.FileUtil/]: Reading file /sys/devices/system/cpu/cpu1/topology/core_id
[28Mar2025 18:25:51.680] [main/DEBUG] [oshi.util.FileUtil/]: Reading file /sys/devices/system/cpu/cpu1/topology/core_id
[28Mar2025 18:25:51.680] [main/DEBUG] [oshi.util.FileUtil/]: Reading file /sys/devices/system/cpu/cpu1/topology/physical_package_id
[28Mar2025 18:25:51.680] [main/DEBUG] [oshi.util.FileUtil/]: Reading file /sys/devices/system/cpu/cpu1/topology/physical_package_id
[28Mar2025 18:25:51.680] [main/DEBUG] [oshi.util.FileUtil/]: Reading file /sys/devices/system/cpu/cpu1/cpu_capacity
[28Mar2025 18:25:51.685] [main/DEBUG] [oshi.util.FileUtil/]: Reading file /proc/cpuinfo
[28Mar2025 18:25:51.803] [main/DEBUG] [oshi.util.FileUtil/]: Reading file /proc/self/auxv
[28Mar2025 18:25:51.814] [main/DEBUG] [oshi.util.FileUtil/]: No oshi.architecture.properties file found from ClassLoader cpw.mods.modlauncher.TransformingClassLoader@6975fb1c
[28Mar2025 18:25:51.816] [main/DEBUG] [oshi.util.FileUtil/]: No oshi.architecture.properties file found from ClassLoader jdk.internal.loader.ClassLoaders$AppClassLoader@76ed5528
[28Mar2025 18:25:51.859] [main/DEBUG] [oshi.util.FileUtil/]: Reading file /proc/meminfo
[28Mar2025 18:25:51.862] [main/DEBUG] [oshi.util.FileUtil/]: Reading file /proc/meminfo
[28Mar2025 18:25:51.984] [main/DEBUG] [mixin/]: Mixing MixinBuiltInRegistries from terrablender.mixins.json into net.minecraft.core.registries.BuiltInRegistries
[28Mar2025 18:25:51.985] [main/DEBUG] [mixin/]: Renaming synthetic method lambda$registerSimple$0(Lnet/minecraft/core/registries/BuiltInRegistries$RegistryBootstrap;Lnet/minecraft/core/Registry;)Ljava/lang/Object; to md536553$lambda$registerSimple$0$0 in terrablender.mixins.json:MixinBuiltInRegistries
[28Mar2025 18:25:52.065] [main/DEBUG] [mixin/]: Mixing MappedRegistryMixin from calio.mixins.json into net.minecraft.core.MappedRegistry
[28Mar2025 18:25:52.770] [main/DEBUG] [mixin/]: Mixing inject.MixinGameEvent from architectury-common.mixins.json into net.minecraft.world.level.gameevent.GameEvent
[28Mar2025 18:25:52.908] [main/DEBUG] [mixin/]: Mixing common.BlockMixin from additionalentityattributes.mixins.json into net.minecraft.world.level.block.Block
[28Mar2025 18:25:52.911] [main/DEBUG] [mixin/]: Mixing inject.MixinBlock from architectury-common.mixins.json into net.minecraft.world.level.block.Block
[28Mar2025 18:25:52.955] [main/DEBUG] [mixin/]: Mixing forge.BlockBehaviourMixin from apoli.mixins.json into net.minecraft.world.level.block.state.BlockBehaviour
[28Mar2025 18:25:52.956] [main/DEBUG] [mixin/]: Renaming synthetic method lambda$allowUnbreakableBreaking$1(Lnet/minecraft/world/entity/player/Player;Lnet/minecraft/core/BlockPos;Lnet/minecraft/world/level/block/state/BlockState;Lnet/minecraft/core/Holder;)Z to md536553$lambda$allowUnbreakableBreaking$1$0 in apoli.mixins.json:forge.BlockBehaviourMixin
[28Mar2025 18:25:52.957] [main/DEBUG] [mixin/]: Renaming synthetic method lambda$allowUnbreakableBreaking$0(Lnet/minecraft/world/level/block/state/BlockState;)Lnet/minecraft/world/level/block/state/BlockState; to md536553$lambda$allowUnbreakableBreaking$0$1 in apoli.mixins.json:forge.BlockBehaviourMixin
[28Mar2025 18:25:53.093] [main/DEBUG] [net.minecraftforge.coremod.transformer.CoreModBaseTransformer/COREMOD]: Transforming net/minecraft/world/entity/Entity
[28Mar2025 18:25:53.106] [main/DEBUG] [mixin/]: Mixing common.EntityMixin from additionalentityattributes.mixins.json into net.minecraft.world.entity.Entity
[28Mar2025 18:25:53.142] [main/DEBUG] [mixin/]: Mixing EntityAccessor from apoli.mixins.json into net.minecraft.world.entity.Entity
[28Mar2025 18:25:53.150] [main/DEBUG] [mixin/]: Mixing EntityMixin from apoli.mixins.json into net.minecraft.world.entity.Entity
[28Mar2025 18:25:53.154] [main/DEBUG] [mixin/]: Renaming synthetic method lambda$modifyMovementVelocityXZ$2(Lnet/minecraft/core/Holder;)Z to md536553$lambda$modifyMovementVelocityXZ$2$0 in apoli.mixins.json:EntityMixin
[28Mar2025 18:25:53.155] [main/DEBUG] [mixin/]: Renaming synthetic method lambda$modifyMovementVelocityXZ$1(Lnet/minecraft/core/Holder;)Z to md536553$lambda$modifyMovementVelocityXZ$1$1 in apoli.mixins.json:EntityMixin
[28Mar2025 18:25:53.155] [main/DEBUG] [mixin/]: Renaming synthetic method lambda$modifyMovementVelocityXZ$0(Lnet/minecraft/core/Holder;)Z to md536553$lambda$modifyMovementVelocityXZ$0$2 in apoli.mixins.json:EntityMixin
[28Mar2025 18:25:53.341] [main/DEBUG] [mixin/]: Mixing AccessorEntity from curios.mixins.json into net.minecraft.world.entity.Entity
[28Mar2025 18:25:53.346] [main/DEBUG] [mixin/]: Mixing SelectionInvulnerabilityMixin from origins.mixins.json into net.minecraft.world.entity.Entity
[28Mar2025 18:25:53.350] [main/DEBUG] [mixin/]: Renaming synthetic method lambda$makeOriginInvulnerable$3(Lorg/spongepowered/asm/mixin/injection/callback/CallbackInfoReturnable;Lnet/minecraft/world/entity/Entity;Lio/github/edwinmindcraft/origins/api/capabilities/IOriginContainer;)V to md536553$lambda$makeOriginInvulnerable$3$3 in origins.mixins.json:SelectionInvulnerabilityMixin
[28Mar2025 18:25:53.351] [main/DEBUG] [mixin/]: Renaming synthetic method lambda$makeOriginInvulnerable$2(Lnet/minecraft/world/entity/Entity;Lnet/minecraft/core/Holder$Reference;)Ljava/lang/String; to md536553$lambda$makeOriginInvulnerable$2$4 in origins.mixins.json:SelectionInvulnerabilityMixin
[28Mar2025 18:25:53.351] [main/DEBUG] [mixin/]: Renaming synthetic method lambda$makeOriginInvulnerable$1(Ljava/util/Optional;)Ljava/util/stream/Stream; to md536553$lambda$makeOriginInvulnerable$1$5 in origins.mixins.json:SelectionInvulnerabilityMixin
[28Mar2025 18:25:53.351] [main/DEBUG] [mixin/]: Renaming synthetic method lambda$makeOriginInvulnerable$0(Lio/github/edwinmindcraft/origins/api/capabilities/IOriginContainer;Lnet/minecraft/world/entity/Entity;Lnet/minecraft/core/Holder$Reference;)Z to md536553$lambda$makeOriginInvulnerable$0$6 in origins.mixins.json:SelectionInvulnerabilityMixin
[28Mar2025 18:25:53.458] [main/DEBUG] [mixin/]: Mixing item.umbrella.EntityMixin from mixins.artifacts.common.json into net.minecraft.world.entity.Entity
[28Mar2025 18:25:53.466] [main/DEBUG] [mixin/]: Mixing item.wearable.aquadashers.EntityMixin from mixins.artifacts.common.json into net.minecraft.world.entity.Entity
[28Mar2025 18:25:53.512] [main/DEBUG] [mixin/]: Mixing EntityMixin from tombstone.mixins.json into net.minecraft.world.entity.Entity
[28Mar2025 18:25:53.526] [main/DEBUG] [mixin/]: Mixing EntityAccessor from refurbished_furniture.common.mixins.json into net.minecraft.world.entity.Entity
[28Mar2025 18:25:53.527] [main/DEBUG] [mixin/]: Mixing EntityMixin from refurbished_furniture.common.mixins.json into net.minecraft.world.entity.Entity
[28Mar2025 18:25:53.601] [main/DEBUG] [mixin/]: Mixing swimming.EntityMixin from expandability.mixins.json into net.minecraft.world.entity.Entity
[28Mar2025 18:25:53.612] [main/DEBUG] [mixin/]: Mixing swimming.EntityMixin from expandability-common.mixins.json into net.minecraft.world.entity.Entity
[28Mar2025 18:25:53.619] [main/DEBUG] [mixin/]: Mixing EntityMixin from supplementaries-common.mixins.json into net.minecraft.world.entity.Entity
[28Mar2025 18:25:53.854] [main/DEBUG] [net.minecraftforge.coremod.transformer.CoreModBaseTransformer/COREMOD]: Transforming getFriction with desc (Lnet/minecraft/world/level/LevelReader;Lnet/minecraft/core/BlockPos;Lnet/minecraft/world/entity/Entity;)F
[28Mar2025 18:25:53.871] [main/DEBUG] [net.minecraftforge.coremod.transformer.CoreModBaseTransformer/COREMOD]: Transforming canHarvestBlock with desc (Lnet/minecraft/world/level/BlockGetter;Lnet/minecraft/core/BlockPos;Lnet/minecraft/world/entity/player/Player;)Z
[28Mar2025 18:25:54.453] [main/DEBUG] [mixin/]: Mixing MixinPlayer from endertrigon.mixins.json into net.minecraft.world.entity.player.Player
[28Mar2025 18:25:54.481] [main/DEBUG] [mixin/]: Mixing common.DigSpeedMixin from additionalentityattributes.mixins.json into net.minecraft.world.entity.player.Player
[28Mar2025 18:25:54.500] [main/DEBUG] [mixin/]: Mixing common.PlayerEntityMixin from additionalentityattributes.mixins.json into net.minecraft.world.entity.player.Player
[28Mar2025 18:25:54.511] [main/DEBUG] [mixin/]: Mixing PlayerEntityMixin from apoli.mixins.json into net.minecraft.world.entity.player.Player
[28Mar2025 18:25:54.518] [main/DEBUG] [net.minecraftforge.coremod.transformer.CoreModBaseTransformer/COREMOD]: Transforming jumpInFluid with desc (Lnet/minecraftforge/fluids/FluidType;)V
[28Mar2025 18:25:54.519] [main/DEBUG] [net.minecraftforge.coremod.transformer.CoreModBaseTransformer/COREMOD]: Transforming sinkInFluid with desc (Lnet/minecraftforge/fluids/FluidType;)V
[28Mar2025 18:25:54.565] [main/DEBUG] [mixin/]: Mixing forge.PlayerMixin from apoli.mixins.json into net.minecraft.world.entity.player.Player
[28Mar2025 18:25:54.571] [main/DEBUG] [mixin/]: Mixing NoCobwebSlowdownMixin from origins.mixins.json into net.minecraft.world.entity.player.Player
[28Mar2025 18:25:54.574] [main/DEBUG] [mixin/]: Mixing WaterBreathingMixin$UpdateAir from origins.mixins.json into net.minecraft.world.entity.player.Player
[28Mar2025 18:25:54.587] [main/DEBUG] [mixin/]: Mixing MixinPlayer from paraglider.mixins.json into net.minecraft.world.entity.player.Player
[28Mar2025 18:25:54.756] [main/DEBUG] [mixin/]: Mixing swimming.PlayerMixin from expandability-common.mixins.json into net.minecraft.world.entity.player.Player
[28Mar2025 18:25:54.761] [main/DEBUG] [mixin/]: Mixing PlayerMixin from supplementaries-common.mixins.json into net.minecraft.world.entity.player.Player
[28Mar2025 18:25:54.770] [main/DEBUG] [mixin/]: Mixing PlayerProjectileMixin from supplementaries.mixins.json into net.minecraft.world.entity.player.Player
[28Mar2025 18:25:54.951] [main/DEBUG] [mixin/]: Mixing common.LivingEntityMixin from additionalentityattributes.mixins.json into net.minecraft.world.entity.LivingEntity
[28Mar2025 18:25:54.961] [main/DEBUG] [mixin/]: Mixing MixinLivingEntity from caelus.mixins.json into net.minecraft.world.entity.LivingEntity
[28Mar2025 18:25:54.962] [main/DEBUG] [mixin/]: Mixing LivingEntityMixin from apoli.mixins.json into net.minecraft.world.entity.LivingEntity
[28Mar2025 18:25:54.966] [main/DEBUG] [mixin/]: Renaming synthetic method lambda$preventApplyingFoodEffects$13(Lio/github/edwinmindcraft/apoli/api/power/configuration/ConfiguredPower;)Z to md536553$lambda$preventApplyingFoodEffects$13$0 in apoli.mixins.json:LivingEntityMixin
[28Mar2025 18:25:54.967] [main/DEBUG] [mixin/]: Renaming synthetic method lambda$callActionOnUseFinishBefore$12(Lnet/minecraft/core/Holder;)Z to md536553$lambda$callActionOnUseFinishBefore$12$1 in apoli.mixins.json:LivingEntityMixin
[28Mar2025 18:25:54.967] [main/DEBUG] [mixin/]: Renaming synthetic method lambda$callActionOnUseDuringBefore$11(Lnet/minecraft/world/item/ItemStack;Lnet/minecraft/core/Holder;)Z to md536553$lambda$callActionOnUseDuringBefore$11$2 in apoli.mixins.json:LivingEntityMixin
[28Mar2025 18:25:54.967] [main/DEBUG] [mixin/]: Renaming synthetic method lambda$callActionOnUseStopBefore$10(Lnet/minecraft/core/Holder;)Z to md536553$lambda$callActionOnUseStopBefore$10$3 in apoli.mixins.json:LivingEntityMixin
[28Mar2025 18:25:54.968] [main/DEBUG] [mixin/]: Renaming synthetic method lambda$modifyAttributeValue$9(Lnet/minecraft/world/entity/ai/attributes/Attribute;Lnet/minecraft/core/Holder;)Z to md536553$lambda$modifyAttributeValue$9$4 in apoli.mixins.json:LivingEntityMixin
[28Mar2025 18:25:54.968] [main/DEBUG] [mixin/]: Renaming synthetic method lambda$sendPlayerDismountPacket$8(Lnet/minecraft/server/level/ServerPlayer;)Lnet/minecraft/server/level/ServerPlayer; to md536553$lambda$sendPlayerDismountPacket$8$5 in apoli.mixins.json:LivingEntityMixin
[28Mar2025 18:25:54.969] [main/DEBUG] [mixin/]: Renaming synthetic method lambda$modifyWalkableFluids$7(Lnet/minecraft/world/level/material/FluidState;Lnet/minecraft/core/Holder;)Z to md536553$lambda$modifyWalkableFluids$7$6 in apoli.mixins.json:LivingEntityMixin
[28Mar2025 18:25:54.970] [main/DEBUG] [mixin/]: Renaming synthetic method lambda$addEquipmentPowers$6(Ljava/util/List;Lnet/minecraft/resources/ResourceLocation;Lio/github/edwinmindcraft/apoli/api/component/IPowerContainer;)V to md536553$lambda$addEquipmentPowers$6$7 in apoli.mixins.json:LivingEntityMixin
[28Mar2025 18:25:54.970] [main/DEBUG] [mixin/]: Renaming synthetic method lambda$addEquipmentPowers$5(Lio/github/edwinmindcraft/apoli/api/component/IPowerContainer;Lnet/minecraft/resources/ResourceLocation;Lio/github/apace100/apoli/util/StackPowerUtil$StackPower;)V to md536553$lambda$addEquipmentPowers$5$8 in apoli.mixins.json:LivingEntityMixin
[28Mar2025 18:25:54.970] [main/DEBUG] [mixin/]: Renaming synthetic method lambda$removeEquipmentPowers$4(Ljava/util/List;Lnet/minecraft/resources/ResourceLocation;Lio/github/edwinmindcraft/apoli/api/component/IPowerContainer;)V to md536553$lambda$removeEquipmentPowers$4$9 in apoli.mixins.json:LivingEntityMixin
[28Mar2025 18:25:54.970] [main/DEBUG] [mixin/]: Renaming synthetic method lambda$removeEquipmentPowers$3(Lio/github/edwinmindcraft/apoli/api/component/IPowerContainer;Lnet/minecraft/resources/ResourceLocation;Lio/github/apace100/apoli/util/StackPowerUtil$StackPower;)V to md536553$lambda$removeEquipmentPowers$3$a in apoli.mixins.json:LivingEntityMixin
[28Mar2025 18:25:54.970] [main/DEBUG] [mixin/]: Renaming synthetic method lambda$syncAttacker$2()Lnet/minecraft/world/entity/Entity; to md536553$lambda$syncAttacker$2$b in apoli.mixins.json:LivingEntityMixin
[28Mar2025 18:25:54.974] [main/DEBUG] [mixin/]: Renaming synthetic method lambda$modifyStatusEffect$1(Lnet/minecraft/world/effect/MobEffect;Lnet/minecraft/core/Holder;)Z to md536553$lambda$modifyStatusEffect$1$c in apoli.mixins.json:LivingEntityMixin
[28Mar2025 18:25:54.975] [main/DEBUG] [mixin/]: Renaming synthetic method lambda$modifyStatusEffect$0(Lnet/minecraft/world/effect/MobEffect;Lnet/minecraft/core/Holder;)Z to md536553$lambda$modifyStatusEffect$0$d in apoli.mixins.json:LivingEntityMixin
[28Mar2025 18:25:55.093] [main/DEBUG] [net.minecraftforge.coremod.transformer.CoreModBaseTransformer/COREMOD]: Transforming canEquip with desc (Lnet/minecraft/world/entity/EquipmentSlot;Lnet/minecraft/world/entity/Entity;)Z
[28Mar2025 18:25:55.095] [main/DEBUG] [net.minecraftforge.coremod.transformer.CoreModBaseTransformer/COREMOD]: Transforming getHighlightTip with desc (Lnet/minecraft/network/chat/Component;)Lnet/minecraft/network/chat/Component;
[28Mar2025 18:25:55.096] [main/DEBUG] [net.minecraftforge.coremod.transformer.CoreModBaseTransformer/COREMOD]: Transforming getFoodProperties with desc (Lnet/minecraft/world/entity/LivingEntity;)Lnet/minecraft/world/food/FoodProperties;
[28Mar2025 18:25:55.130] [main/DEBUG] [mixin/]: Mixing MixinLivingEntity from curios.mixins.json into net.minecraft.world.entity.LivingEntity
[28Mar2025 18:25:55.136] [main/DEBUG] [mixin/]: Mixing LikeWaterMixin from origins.mixins.json into net.minecraft.world.entity.LivingEntity
[28Mar2025 18:25:55.146] [main/DEBUG] [mixin/]: Mixing WaterBreathingMixin$CanBreatheInWater from origins.mixins.json into net.minecraft.world.entity.LivingEntity
[28Mar2025 18:25:55.151] [main/DEBUG] [mixin/]: Mixing LivingEntityMixin from citadel.mixins.json into net.minecraft.world.entity.LivingEntity
[28Mar2025 18:25:55.171] [main/DEBUG] [mixin/]: Mixing accessors.LivingEntityAccessor from mixins.artifacts.common.json into net.minecraft.world.entity.LivingEntity
[28Mar2025 18:25:55.174] [main/DEBUG] [mixin/]: Mixing item.hurtsound.LivingEntityMixin from mixins.artifacts.common.json into net.minecraft.world.entity.LivingEntity
[28Mar2025 18:25:55.187] [main/DEBUG] [mixin/]: Mixing item.wearable.chorustotem.LivingEntityMixin from mixins.artifacts.common.json into net.minecraft.world.entity.LivingEntity
[28Mar2025 18:25:55.270] [main/DEBUG] [mixin/]: Mixing item.wearable.snowshoes.LivingEntityMixin from mixins.artifacts.forge.json into net.minecraft.world.entity.LivingEntity
[28Mar2025 18:25:55.274] [main/DEBUG] [mixin/]: Mixing LivingEntityMixin from tombstone.mixins.json into net.minecraft.world.entity.LivingEntity
[28Mar2025 18:25:55.278] [main/DEBUG] [mixin/]: Mixing MixinLivingEntity from cave_dweller.mixins.json into net.minecraft.world.entity.LivingEntity
[28Mar2025 18:25:55.291] [main/DEBUG] [mixin/]: Mixing LivingEntityMixin from refurbished_furniture.common.mixins.json into net.minecraft.world.entity.LivingEntity
[28Mar2025 18:25:55.297] [main/DEBUG] [mixin/]: Mixing swimming.LivingEntityMixin from expandability.mixins.json into net.minecraft.world.entity.LivingEntity
[28Mar2025 18:25:55.302] [main/DEBUG] [mixin/]: Mixing swimming.LivingEntityMixin from expandability-common.mixins.json into net.minecraft.world.entity.LivingEntity
[28Mar2025 18:25:55.310] [main/DEBUG] [mixin/]: Mixing LivingEntityAccessor from supplementaries-common.mixins.json into net.minecraft.world.entity.LivingEntity
[28Mar2025 18:25:55.313] [main/DEBUG] [mixin/]: Mixing LivingEntityMixin from supplementaries-common.mixins.json into net.minecraft.world.entity.LivingEntity
[28Mar2025 18:25:55.356] [main/DEBUG] [mixin/]: Mixing LivingEntityMixin from supplementaries.mixins.json into net.minecraft.world.entity.LivingEntity
[28Mar2025 18:25:55.877] [main/DEBUG] [net.minecraftforge.coremod.transformer.CoreModBaseTransformer/COREMOD]: Transforming jumpInFluid with desc (Lnet/minecraftforge/fluids/FluidType;)V
[28Mar2025 18:25:55.880] [main/DEBUG] [net.minecraftforge.coremod.transformer.CoreModBaseTransformer/COREMOD]: Transforming sinkInFluid with desc (Lnet/minecraftforge/fluids/FluidType;)V
[28Mar2025 18:25:55.898] [main/DEBUG] [mixin/]: Mixing AbstractBlockStateMixin from apoli.mixins.json into net.minecraft.world.level.block.state.BlockBehaviour$BlockStateBase
[28Mar2025 18:25:55.911] [main/DEBUG] [mixin/]: Mixing fluidcollision.BlockStateBaseMixin from expandability-common.mixins.json into net.minecraft.world.level.block.state.BlockBehaviour$BlockStateBase
[28Mar2025 18:25:55.955] [main/DEBUG] [net.minecraftforge.coremod.transformer.CoreModBaseTransformer/COREMOD]: Transforming getFriction with desc (Lnet/minecraft/world/level/LevelReader;Lnet/minecraft/core/BlockPos;Lnet/minecraft/world/entity/Entity;)F
[28Mar2025 18:25:55.956] [main/DEBUG] [net.minecraftforge.coremod.transformer.CoreModBaseTransformer/COREMOD]: Transforming canHarvestBlock with desc (Lnet/minecraft/world/level/BlockGetter;Lnet/minecraft/core/BlockPos;Lnet/minecraft/world/entity/player/Player;)Z
[28Mar2025 18:25:55.987] [main/DEBUG] [mixin/]: Mixing LevelMixin from citadel.mixins.json into net.minecraft.world.level.Level
[28Mar2025 18:25:55.995] [main/DEBUG] [mixin/]: Mixing LevelMixin from refurbished_furniture.common.mixins.json into net.minecraft.world.level.Level
[28Mar2025 18:25:56.064] [main/DEBUG] [mixin/]: Mixing ServerLevelMixin from moonlight-common.mixins.json into net.minecraft.server.level.ServerLevel
[28Mar2025 18:25:56.075] [main/DEBUG] [mixin/]: Mixing ServerLevelMixin from citadel.mixins.json into net.minecraft.server.level.ServerLevel
[28Mar2025 18:25:56.078] [main/DEBUG] [mixin/]: Mixing ServerLevelMixin from refurbished_furniture.common.mixins.json into net.minecraft.server.level.ServerLevel
[28Mar2025 18:25:56.084] [main/DEBUG] [mixin/]: Mixing ServerLevelMixin from supplementaries-common.mixins.json into net.minecraft.server.level.ServerLevel
[28Mar2025 18:25:56.085] [main/DEBUG] [mixin/]: Discarding sythetic bridge method synthetic in m_6325_ because existing method in supplementaries-common.mixins.json:ServerLevelMixin is compatible
[28Mar2025 18:25:56.086] [main/DEBUG] [mixin/]: Renaming synthetic method lambda$unluckyLightning$0(Lnet/minecraft/world/entity/LivingEntity;)Z to md536553$lambda$unluckyLightning$0$0 in supplementaries-common.mixins.json:ServerLevelMixin
[28Mar2025 18:25:56.288] [main/DEBUG] [mixin/]: Mixing inject.MixinFluid from architectury-common.mixins.json into net.minecraft.world.level.material.Fluid
[28Mar2025 18:25:56.298] [main/DEBUG] [mixin/]: Mixing ItemMixin from moonlight-common.mixins.json into net.minecraft.world.item.Item
[28Mar2025 18:25:56.304] [main/DEBUG] [mixin/]: Mixing ItemMixin from apoli.mixins.json into net.minecraft.world.item.Item
[28Mar2025 18:25:56.306] [main/DEBUG] [mixin/]: Mixing ItemMixin from tombstone.mixins.json into net.minecraft.world.item.Item
[28Mar2025 18:25:56.306] [main/DEBUG] [mixin/]: Renaming synthetic method lambda$methodIsFoil$1(Lnet/minecraft/world/item/ItemStack;Lovh/corail/tombstone/api/capability/ISoulConsumer;)Ljava/lang/Boolean; to md536553$lambda$methodIsFoil$1$0 in tombstone.mixins.json:ItemMixin
[28Mar2025 18:25:56.307] [main/DEBUG] [mixin/]: Renaming synthetic method lambda$methodGetName$0(Lnet/minecraft/world/item/ItemStack;Lovh/corail/tombstone/api/capability/ISoulConsumer;)Ljava/lang/Boolean; to md536553$lambda$methodGetName$0$1 in tombstone.mixins.json:ItemMixin
[28Mar2025 18:25:56.351] [main/DEBUG] [mixin/]: Mixing inject.MixinItem from architectury-common.mixins.json into net.minecraft.world.item.Item
[28Mar2025 18:25:56.422] [main/DEBUG] [net.minecraftforge.coremod.transformer.CoreModBaseTransformer/COREMOD]: Transforming net/minecraft/world/entity/EntityType
[28Mar2025 18:25:56.594] [main/DEBUG] [mixin/]: Mixing inject.MixinEntityType from architectury-common.mixins.json into net.minecraft.world.entity.EntityType
[28Mar2025 18:25:56.639] [main/DEBUG] [mixin/]: Mixing MixinBlockEntityType from crackerslib.mixins.json into net.minecraft.world.level.block.entity.BlockEntityType
[28Mar2025 18:25:56.796] [main/DEBUG] [mixin/]: Mixing FireBlockMixin from moonlight.mixins.json into net.minecraft.world.level.block.FireBlock
[28Mar2025 18:25:56.802] [main/DEBUG] [mixin/]: Mixing FireBlockMixin from supplementaries-common.mixins.json into net.minecraft.world.level.block.FireBlock
[28Mar2025 18:25:56.810] [main/DEBUG] [mixin/]: Mixing FireBlockAccessor from supplementaries.mixins.json into net.minecraft.world.level.block.FireBlock
[28Mar2025 18:25:57.296] [main/DEBUG] [mixin/]: Mixing BlocksMixin from amendments-common.mixins.json into net.minecraft.world.level.block.Blocks
[28Mar2025 18:25:57.361] [main/DEBUG] [net.minecraftforge.coremod.transformer.CoreModBaseTransformer/COREMOD]: Transforming net/minecraft/world/level/block/LiquidBlock
[28Mar2025 18:25:57.363] [main/DEBUG] [mixin/]: Mixing inject.MixinLiquidBlock from architectury-common.mixins.json into net.minecraft.world.level.block.LiquidBlock
[28Mar2025 18:25:57.400] [main/DEBUG] [mixin/]: Mixing accessor.DispenserBlockAccessor from moonlight-common.mixins.json into net.minecraft.world.level.block.DispenserBlock
[28Mar2025 18:25:57.402] [main/DEBUG] [mixin/]: Renaming @Accessor method getDispenserRegistry()Ljava/util/Map; to getDispenserRegistry_$md$536553$0 in moonlight-common.mixins.json:accessor.DispenserBlockAccessor
[28Mar2025 18:25:57.418] [main/DEBUG] [mixin/]: Mixing PistonBaseBlockMixin from zeta.mixins.json into net.minecraft.world.level.block.piston.PistonBaseBlock
[28Mar2025 18:25:57.498] [main/DEBUG] [net.minecraftforge.coremod.transformer.CoreModBaseTransformer/COREMOD]: Transforming net/minecraft/world/level/block/StairBlock
[28Mar2025 18:25:57.512] [main/DEBUG] [mixin/]: Mixing ChestBlockMixin from tombstone.mixins.json into net.minecraft.world.level.block.ChestBlock
[28Mar2025 18:25:57.562] [main/DEBUG] [mixin/]: Mixing accessor.DoorBlockAccessor from ribbits.mixins.json into net.minecraft.world.level.block.DoorBlock
[28Mar2025 18:25:57.562] [main/DEBUG] [mixin/]: Renaming @Invoker method createDoorBlock(Lnet/minecraft/world/level/block/state/BlockBehaviour$Properties;Lnet/minecraft/world/level/block/state/properties/BlockSetType;)Lnet/minecraft/world/level/block/DoorBlock; to createDoorBlock_$md$536553$0 in ribbits.mixins.json:accessor.DoorBlockAccessor
[28Mar2025 18:25:57.576] [main/DEBUG] [mixin/]: Mixing CeilingHangingSignBlockMixin from amendments-common.mixins.json into net.minecraft.world.level.block.CeilingHangingSignBlock
[28Mar2025 18:25:57.577] [main/DEBUG] [mixin/]: Renaming synthetic method lambda$amendments$swingSign$0(Lnet/minecraft/world/level/block/entity/BlockEntityTicker;Lnet/minecraft/world/level/Level;Lnet/minecraft/core/BlockPos;Lnet/minecraft/world/level/block/state/BlockState;Lnet/minecraft/world/level/block/entity/BlockEntity;)V to md536553$lambda$amendments$swingSign$0$0 in amendments-common.mixins.json:CeilingHangingSignBlockMixin
[28Mar2025 18:25:57.824] [main/DEBUG] [mixin/]: Mixing CeilingHangingSignBlockMixin from amendments-common.mixins.json into net.minecraft.world.level.block.WallHangingSignBlock
[28Mar2025 18:25:57.842] [main/DEBUG] [mixin/]: Mixing WallHangingSignBlockMixin from amendments-common.mixins.json into net.minecraft.world.level.block.WallHangingSignBlock
[28Mar2025 18:25:57.894] [main/DEBUG] [mixin/]: Mixing JukeboxBlockMixin from amendments-common.mixins.json into net.minecraft.world.level.block.JukeboxBlock
[28Mar2025 18:25:57.909] [main/DEBUG] [mixin/]: Mixing FenceBlockMixin from amendments-common.mixins.json into net.minecraft.world.level.block.FenceBlock
[28Mar2025 18:25:57.971] [main/DEBUG] [mixin/]: Mixing IronBarsBlockMixin from supplementaries-common.mixins.json into net.minecraft.world.level.block.IronBarsBlock
[28Mar2025 18:25:58.015] [main/DEBUG] [mixin/]: Mixing VineMixin from amendments-common.mixins.json into net.minecraft.world.level.block.VineBlock
[28Mar2025 18:25:58.039] [main/DEBUG] [mixin/]: Mixing WaterLilyMixin from amendments-common.mixins.json into net.minecraft.world.level.block.WaterlilyBlock
[28Mar2025 18:25:58.115] [main/DEBUG] [mixin/]: Mixing CauldronBlockMixin from amendments-common.mixins.json into net.minecraft.world.level.block.CauldronBlock
[28Mar2025 18:25:58.124] [main/DEBUG] [mixin/]: Mixing AbstractCauldronBlockMixin from amendments-common.mixins.json into net.minecraft.world.level.block.AbstractCauldronBlock
[28Mar2025 18:25:58.152] [main/DEBUG] [mixin/]: Mixing LavaCauldronMixin from amendments-common.mixins.json into net.minecraft.world.level.block.LavaCauldronBlock
[28Mar2025 18:25:58.194] [main/DEBUG] [net.minecraftforge.coremod.transformer.CoreModBaseTransformer/COREMOD]: Transforming net/minecraft/world/level/block/FlowerPotBlock
[28Mar2025 18:25:58.199] [main/DEBUG] [mixin/]: Mixing FlowerPotBlockMixin from amendments-common.mixins.json into net.minecraft.world.level.block.FlowerPotBlock
[28Mar2025 18:25:58.214] [main/DEBUG] [mixin/]: Mixing SkullBlockMixin from amendments-common.mixins.json into net.minecraft.world.level.block.SkullBlock
[28Mar2025 18:25:58.267] [main/DEBUG] [mixin/]: Mixing AbstractSkullBlockMixin from amendments-common.mixins.json into net.minecraft.world.level.block.AbstractSkullBlock
[28Mar2025 18:25:58.274] [main/DEBUG] [mixin/]: Mixing SkullBlockMixin from amendments-common.mixins.json into net.minecraft.world.level.block.WallSkullBlock
[28Mar2025 18:25:58.344] [main/DEBUG] [mixin/]: Mixing ComparatorBlockMixin from supplementaries-common.mixins.json into net.minecraft.world.level.block.ComparatorBlock
[28Mar2025 18:25:58.437] [main/DEBUG] [mixin/]: Mixing ObserverBlockMixin from supplementaries-common.mixins.json into net.minecraft.world.level.block.ObserverBlock
[28Mar2025 18:25:58.513] [main/DEBUG] [mixin/]: Mixing reinforced.BubbleColumnBlockMixin from securitycraft.mixins.json into net.minecraft.world.level.block.BubbleColumnBlock
[28Mar2025 18:25:58.734] [main/DEBUG] [mixin/]: Mixing swimming.BubbleColumnBlockMixin from expandability-common.mixins.json into net.minecraft.world.level.block.BubbleColumnBlock
[28Mar2025 18:25:58.791] [main/DEBUG] [mixin/]: Mixing LecternBlockMixin from amendments-common.mixins.json into net.minecraft.world.level.block.LecternBlock
[28Mar2025 18:25:58.803] [main/DEBUG] [mixin/]: Mixing BellMixin from amendments-common.mixins.json into net.minecraft.world.level.block.BellBlock
[28Mar2025 18:25:58.823] [main/DEBUG] [mixin/]: Mixing LanternBlockPlacementMixin from amendments-common.mixins.json into net.minecraft.world.level.block.LanternBlock
[28Mar2025 18:25:58.829] [main/DEBUG] [mixin/]: Mixing CampfireBlockMixin from supplementaries-common.mixins.json into net.minecraft.world.level.block.CampfireBlock
[28Mar2025 18:25:58.861] [main/DEBUG] [mixin/]: Mixing MixinPowderSnowBlock from curios.mixins.json into net.minecraft.world.level.block.PowderSnowBlock
[28Mar2025 18:25:58.884] [main/DEBUG] [mixin/]: Mixing WeatheringCopperMixin from zeta_forge.mixins.json into net.minecraft.world.level.block.WeatheringCopper
[28Mar2025 18:25:59.263] [main/DEBUG] [mixin/]: Mixing MixinFallingBlockEntity from architectury.mixins.json into net.minecraft.world.entity.item.FallingBlockEntity
[28Mar2025 18:25:59.272] [main/DEBUG] [mixin/]: Mixing FallingBlockEntityMixin from supplementaries-common.mixins.json into net.minecraft.world.entity.item.FallingBlockEntity
[28Mar2025 18:25:59.300] [main/DEBUG] [mixin/]: Mixing BlockEntityMixin from refurbished_furniture.common.mixins.json into net.minecraft.world.level.block.entity.BlockEntity
[28Mar2025 18:25:59.312] [main/DEBUG] [mixin/]: Mixing BrushableBlockEntityMixin from tombstone.mixins.json into net.minecraft.world.level.block.entity.BrushableBlockEntity
[28Mar2025 18:25:59.517] [main/DEBUG] [mixin/]: Mixing accessor.DispenserBlockEntityAccessor from moonlight-common.mixins.json into net.minecraft.world.level.block.entity.DispenserBlockEntity
[28Mar2025 18:26:00.271] [main/DEBUG] [mixin/]: Mixing AccessorPistonStructureResolver from zeta.mixins.json into net.minecraft.world.level.block.piston.PistonStructureResolver
[28Mar2025 18:26:00.375] [main/DEBUG] [mixin/]: Mixing PistonBlockEntityMixin from moonlight-common.mixins.json into net.minecraft.world.level.block.piston.PistonMovingBlockEntity
[28Mar2025 18:26:01.050] [main/DEBUG] [mixin/]: Mixing forge.AbstractContainerMenuMixin from apoli.mixins.json into net.minecraft.world.inventory.AbstractContainerMenu
[28Mar2025 18:26:01.051] [main/DEBUG] [mixin/]: Renaming synthetic method lambda$checkForSameTagsWithNewContextGrow$9(Lnet/minecraft/world/inventory/Slot;)Z to md536553$lambda$checkForSameTagsWithNewContextGrow$9$0 in apoli.mixins.json:forge.AbstractContainerMenuMixin
[28Mar2025 18:26:01.052] [main/DEBUG] [mixin/]: Renaming synthetic method lambda$checkForSameTagsWithNewContextGrow$8(Lnet/minecraft/world/inventory/Slot;)Z to md536553$lambda$checkForSameTagsWithNewContextGrow$8$1 in apoli.mixins.json:forge.AbstractContainerMenuMixin
[28Mar2025 18:26:01.052] [main/DEBUG] [mixin/]: Renaming synthetic method lambda$checkForSameTagsWithNewContextInsert$7(Lnet/minecraft/world/inventory/Slot;)Z to md536553$lambda$checkForSameTagsWithNewContextInsert$7$2 in apoli.mixins.json:forge.AbstractContainerMenuMixin
[28Mar2025 18:26:01.052] [main/DEBUG] [mixin/]: Renaming synthetic method lambda$checkForSameTagsWithNewContextInsert$6(Lnet/minecraft/world/inventory/Slot;)Z to md536553$lambda$checkForSameTagsWithNewContextInsert$6$3 in apoli.mixins.json:forge.AbstractContainerMenuMixin
[28Mar2025 18:26:01.053] [main/DEBUG] [mixin/]: Renaming synthetic method lambda$handleGrindstoneLateActionsSwap$5(Lnet/minecraft/world/inventory/Slot;)Z to md536553$lambda$handleGrindstoneLateActionsSwap$5$4 in apoli.mixins.json:forge.AbstractContainerMenuMixin
[28Mar2025 18:26:01.055] [main/DEBUG] [mixin/]: Renaming synthetic method lambda$handleGrindstoneLateActionsSwap$4(Lnet/minecraft/world/inventory/Slot;)Z to md536553$lambda$handleGrindstoneLateActionsSwap$4$5 in apoli.mixins.json:forge.AbstractContainerMenuMixin
[28Mar2025 18:26:01.055] [main/DEBUG] [mixin/]: Renaming synthetic method lambda$handleGrindstoneLateActionsGrow$3(Lnet/minecraft/world/inventory/Slot;)Z to md536553$lambda$handleGrindstoneLateActionsGrow$3$6 in apoli.mixins.json:forge.AbstractContainerMenuMixin
[28Mar2025 18:26:01.055] [main/DEBUG] [mixin/]: Renaming synthetic method lambda$handleGrindstoneLateActionsGrow$2(Lnet/minecraft/world/inventory/Slot;)Z to md536553$lambda$handleGrindstoneLateActionsGrow$2$7 in apoli.mixins.json:forge.AbstractContainerMenuMixin
[28Mar2025 18:26:01.055] [main/DEBUG] [mixin/]: Renaming synthetic method lambda$handleGrindstoneLateActionsSet$1(Lnet/minecraft/world/inventory/Slot;)Z to md536553$lambda$handleGrindstoneLateActionsSet$1$8 in apoli.mixins.json:forge.AbstractContainerMenuMixin
[28Mar2025 18:26:01.055] [main/DEBUG] [mixin/]: Renaming synthetic method lambda$handleGrindstoneLateActionsSet$0(Lnet/minecraft/world/inventory/Slot;)Z to md536553$lambda$handleGrindstoneLateActionsSet$0$9 in apoli.mixins.json:forge.AbstractContainerMenuMixin
[28Mar2025 18:26:01.363] [main/DEBUG] [mixin/]: Mixing CraftingScreenHandlerMixin from apoli.mixins.json into net.minecraft.world.inventory.CraftingMenu
[28Mar2025 18:26:01.367] [main/DEBUG] [mixin/]: Renaming synthetic method lambda$allowUsingViaPower$0(Lnet/minecraft/world/entity/player/Player;Lnet/minecraft/world/level/Level;Lnet/minecraft/core/BlockPos;)Ljava/lang/Boolean; to md536553$lambda$allowUsingViaPower$0$0 in apoli.mixins.json:CraftingScreenHandlerMixin
[28Mar2025 18:26:01.438] [main/DEBUG] [mixin/]: Mixing SignBlockEntityMixin from amendments-common.mixins.json into net.minecraft.world.level.block.entity.SignBlockEntity
[28Mar2025 18:26:01.535] [main/DEBUG] [net.minecraftforge.coremod.transformer.CoreModBaseTransformer/COREMOD]: Transforming m_41787_ with desc ()V
[28Mar2025 18:26:01.535] [main/DEBUG] [net.minecraftforge.coremod.transformer.CoreModBaseTransformer/COREMOD]: Transforming net/minecraft/world/item/ItemStack
[28Mar2025 18:26:01.538] [main/DEBUG] [mixin/]: Mixing ItemStackMixin from apoli.mixins.json into net.minecraft.world.item.ItemStack
[28Mar2025 18:26:01.538] [main/DEBUG] [mixin/]: Renaming synthetic method lambda$callActionOnUseInstantAfter$2(Lnet/minecraft/world/entity/player/Player;Lnet/minecraft/core/Holder;)Z to md536553$lambda$callActionOnUseInstantAfter$2$0 in apoli.mixins.json:ItemStackMixin
[28Mar2025 18:26:01.539] [main/DEBUG] [mixin/]: Renaming synthetic method lambda$copyNewParams$1(Lio/github/apace100/apoli/access/EntityLinkedItemStack;)V to md536553$lambda$copyNewParams$1$1 in apoli.mixins.json:ItemStackMixin
[28Mar2025 18:26:01.539] [main/DEBUG] [mixin/]: Renaming synthetic method lambda$callActionOnUseInstantBefore$0(Lnet/minecraft/world/entity/player/Player;Lnet/minecraft/core/Holder;)Z to md536553$lambda$callActionOnUseInstantBefore$0$2 in apoli.mixins.json:ItemStackMixin
[28Mar2025 18:26:01.563] [main/DEBUG] [mixin/]: Mixing ItemStackMixin from tombstone.mixins.json into net.minecraft.world.item.ItemStack
[28Mar2025 18:26:01.603] [main/DEBUG] [net.minecraftforge.coremod.transformer.CoreModBaseTransformer/COREMOD]: Transforming canEquip with desc (Lnet/minecraft/world/entity/EquipmentSlot;Lnet/minecraft/world/entity/Entity;)Z
[28Mar2025 18:26:01.605] [main/DEBUG] [net.minecraftforge.coremod.transformer.CoreModBaseTransformer/COREMOD]: Transforming getHighlightTip with desc (Lnet/minecraft/network/chat/Component;)Lnet/minecraft/network/chat/Component;
[28Mar2025 18:26:01.605] [main/DEBUG] [net.minecraftforge.coremod.transformer.CoreModBaseTransformer/COREMOD]: Transforming getFoodProperties with desc (Lnet/minecraft/world/entity/LivingEntity;)Lnet/minecraft/world/food/FoodProperties;
[28Mar2025 18:26:01.611] [main/DEBUG] [mixin/]: Mixing HangingSignBlockEntityMixin from amendments-common.mixins.json into net.minecraft.world.level.block.entity.HangingSignBlockEntity
[28Mar2025 18:26:01.787] [main/DEBUG] [mixin/]: Mixing AbstractArrowMixin from supplementaries-common.mixins.json into net.minecraft.world.entity.projectile.AbstractArrow
[28Mar2025 18:26:01.840] [main/DEBUG] [mixin/]: Mixing JukeboxBlockEntityMixin from amendments-common.mixins.json into net.minecraft.world.level.block.entity.JukeboxBlockEntity
[28Mar2025 18:26:01.953] [main/DEBUG] [mixin/]: Mixing EntityMixin from moonlight-common.mixins.json into net.minecraft.world.entity.Mob
[28Mar2025 18:26:01.955] [main/DEBUG] [mixin/]: Mixing MobMixinForge from ribbits_forge.mixins.json into net.minecraft.world.entity.Mob
[28Mar2025 18:26:01.984] [main/DEBUG] [mixin/]: Mixing accessors.MobAccessor from mixins.artifacts.common.json into net.minecraft.world.entity.Mob
[28Mar2025 18:26:01.986] [main/DEBUG] [mixin/]: Mixing MobMixin from tombstone.mixins.json into net.minecraft.world.entity.Mob
[28Mar2025 18:26:01.988] [main/DEBUG] [mixin/]: Renaming synthetic method lambda$methodSetTarget$2(Lnet/minecraft/world/entity/LivingEntity;Ljava/util/UUID;)Ljava/lang/Boolean; to md536553$lambda$methodSetTarget$2$0 in tombstone.mixins.json:MobMixin
[28Mar2025 18:26:01.989] [main/DEBUG] [mixin/]: Renaming synthetic method lambda$methodCanBeLeashed$1(Lnet/minecraft/world/entity/player/Player;Ljava/util/UUID;)Ljava/lang/Boolean; to md536553$lambda$methodCanBeLeashed$1$1 in tombstone.mixins.json:MobMixin
[28Mar2025 18:26:01.990] [main/DEBUG] [mixin/]: Renaming synthetic method lambda$methodTick$0(Lnet/minecraft/world/entity/Mob;Lovh/corail/tombstone/api/capability/ISpellCaster;)V to md536553$lambda$methodTick$0$2 in tombstone.mixins.json:MobMixin
[28Mar2025 18:26:02.235] [main/DEBUG] [mixin/]: Mixing MonsterMixin from tombstone.mixins.json into net.minecraft.world.entity.monster.Monster
[28Mar2025 18:26:02.499] [main/DEBUG] [mixin/]: Mixing BrewingStandMixin from amendments-common.mixins.json into net.minecraft.world.level.block.entity.BrewingStandBlockEntity
[28Mar2025 18:26:02.872] [main/DEBUG] [mixin/]: Mixing SkullBlockEntityMixin from amendments-common.mixins.json into net.minecraft.world.level.block.entity.SkullBlockEntity
[28Mar2025 18:26:03.331] [main/DEBUG] [mixin/]: Mixing ShulkerBoxBlockEntityMixin from supplementaries-common.mixins.json into net.minecraft.world.level.block.entity.ShulkerBoxBlockEntity
[28Mar2025 18:26:03.372] [main/DEBUG] [mixin/]: Mixing ConduitOnLandMixin from origins.mixins.json into net.minecraft.world.level.block.entity.ConduitBlockEntity
[28Mar2025 18:26:04.045] [main/DEBUG] [mixin/]: Mixing LoomMenuMixin from supplementaries-common.mixins.json into net.minecraft.world.inventory.LoomMenu
[28Mar2025 18:26:04.060] [main/DEBUG] [mixin/]: Mixing CartographyTableMixin from supplementaries-common.mixins.json into net.minecraft.world.inventory.CartographyTableMenu
[28Mar2025 18:26:04.071] [main/DEBUG] [mixin/]: Mixing GrindstoneScreenHandlerMixin from apoli.mixins.json into net.minecraft.world.inventory.GrindstoneMenu
[28Mar2025 18:26:04.072] [main/DEBUG] [mixin/]: Renaming synthetic method lambda$cachePlayer$0(Lnet/minecraft/world/level/Level;Lnet/minecraft/core/BlockPos;)Lnet/minecraft/core/BlockPos; to md536553$lambda$cachePlayer$0$0 in apoli.mixins.json:GrindstoneScreenHandlerMixin
[28Mar2025 18:26:04.075] [main/DEBUG] [mixin/]: Mixing GrindstoneMenuMixin from supplementaries-common.mixins.json into net.minecraft.world.inventory.GrindstoneMenu
[28Mar2025 18:26:04.095] [main/DEBUG] [mixin/]: Mixing LecternBlockEntityMixin from amendments-common.mixins.json into net.minecraft.world.level.block.entity.LecternBlockEntity
[28Mar2025 18:26:04.102] [main/DEBUG] [mixin/]: Mixing LecternBlockEntityUpdateMixin from amendments-common.mixins.json into net.minecraft.world.level.block.entity.LecternBlockEntity
[28Mar2025 18:26:04.114] [main/DEBUG] [mixin/]: Mixing SmithingMenuMixin from citadel.mixins.json into net.minecraft.world.inventory.SmithingMenu
[28Mar2025 18:26:04.125] [main/DEBUG] [mixin/]: Mixing BellTileEntityMixin from amendments-common.mixins.json into net.minecraft.world.level.block.entity.BellBlockEntity
[28Mar2025 18:26:04.137] [main/DEBUG] [mixin/]: Mixing CampfireBlockEntityMixin from amendments-common.mixins.json into net.minecraft.world.level.block.entity.CampfireBlockEntity
[28Mar2025 18:26:04.390] [main/DEBUG] [mixin/]: Mixing LightningEntityMixin from moonlight-common.mixins.json into net.minecraft.world.entity.LightningBolt
[28Mar2025 18:26:04.391] [main/DEBUG] [mixin/]: Mixing MixinLightningBolt from architectury-common.mixins.json into net.minecraft.world.entity.LightningBolt
[28Mar2025 18:26:04.561] [main/DEBUG] [net.minecraftforge.coremod.transformer.CoreModBaseTransformer/COREMOD]: Transforming net/minecraft/world/entity/animal/frog/Tadpole
[28Mar2025 18:26:04.603] [main/DEBUG] [mixin/]: Mixing BlockItemMixin from moonlight-common.mixins.json into net.minecraft.world.item.BlockItem
[28Mar2025 18:26:04.604] [main/DEBUG] [mixin/]: Mixing BlockItemMixin from apoli.mixins.json into net.minecraft.world.item.BlockItem
[28Mar2025 18:26:04.626] [main/DEBUG] [mixin/]: Mixing boat.BoatItemMixin from securitycraft.mixins.json into net.minecraft.world.item.BoatItem
[28Mar2025 18:26:04.637] [main/DEBUG] [mixin/]: Mixing BowMixin from supplementaries-common.mixins.json into net.minecraft.world.item.BowItem
[28Mar2025 18:26:04.638] [main/DEBUG] [mixin/]: Renaming synthetic method lambda$getAllSupportedProjectiles$0(Ljava/util/function/Predicate;Lnet/minecraft/world/item/ItemStack;)Z to md536553$lambda$getAllSupportedProjectiles$0$0 in supplementaries-common.mixins.json:BowMixin
[28Mar2025 18:26:04.642] [main/DEBUG] [mixin/]: Mixing ProjectileWeaponItemMixin from supplementaries-common.mixins.json into net.minecraft.world.item.ProjectileWeaponItem
[28Mar2025 18:26:04.673] [main/DEBUG] [mixin/]: Mixing PaintingItemMixin from supplementaries-common.mixins.json into net.minecraft.world.item.HangingEntityItem
[28Mar2025 18:26:04.687] [main/DEBUG] [net.minecraftforge.coremod.transformer.CoreModBaseTransformer/COREMOD]: Transforming net/minecraft/world/item/BucketItem
[28Mar2025 18:26:04.689] [main/DEBUG] [mixin/]: Mixing inject.MixinBucketItem from architectury-common.mixins.json into net.minecraft.world.item.BucketItem
[28Mar2025 18:26:04.698] [main/DEBUG] [mixin/]: Mixing MobBucketItemAccessor from supplementaries.mixins.json into net.minecraft.world.item.MobBucketItem
[28Mar2025 18:26:04.703] [main/DEBUG] [mixin/]: Mixing BundleItemMixin from tombstone.mixins.json into net.minecraft.world.item.BundleItem
[28Mar2025 18:26:04.704] [main/DEBUG] [mixin/]: Renaming synthetic method lambda$getEnchantmentLevel$0(Lnet/minecraft/world/item/ItemStack;Lovh/corail/tombstone/api/capability/ISoulConsumer;)Ljava/lang/Boolean; to md536553$lambda$getEnchantmentLevel$0$0 in tombstone.mixins.json:BundleItemMixin
[28Mar2025 18:26:04.717] [main/DEBUG] [mixin/]: Mixing item.wearable.anglershat.FishingRodItemMixin from mixins.artifacts.common.json into net.minecraft.world.item.FishingRodItem
[28Mar2025 18:26:04.726] [main/DEBUG] [mixin/]: Mixing InkSackMixin from supplementaries-common.mixins.json into net.minecraft.world.item.InkSacItem
[28Mar2025 18:26:04.738] [main/DEBUG] [mixin/]: Mixing items.MapItemAccessor from repurposed_structures-common.mixins.json into net.minecraft.world.item.MapItem
[28Mar2025 18:26:04.739] [main/DEBUG] [mixin/]: Renaming @Invoker method callCreateAndStoreSavedData(Lnet/minecraft/world/item/ItemStack;Lnet/minecraft/world/level/Level;IIIZZLnet/minecraft/resources/ResourceKey;)V to callCreateAndStoreSavedData_$md$536553$0 in repurposed_structures-common.mixins.json:items.MapItemAccessor
[28Mar2025 18:26:04.740] [main/DEBUG] [mixin/]: Mixing MapItemMixin from moonlight-common.mixins.json into net.minecraft.world.item.MapItem
[28Mar2025 18:26:04.747] [main/DEBUG] [mixin/]: Renaming synthetic method lambda$update$1(Lnet/minecraft/world/level/saveddata/maps/MapItemSavedData;Lnet/minecraft/world/entity/Entity;Ljava/util/concurrent/atomic/AtomicBoolean;Lnet/minecraft/resources/ResourceLocation;Lnet/mehvahdjukaar/moonlight/api/map/CustomMapData;)V to md536553$lambda$update$1$1 in moonlight-common.mixins.json:MapItemMixin
[28Mar2025 18:26:04.748] [main/DEBUG] [mixin/]: Renaming synthetic method lambda$appendHoverText$0(Lnet/minecraft/world/level/saveddata/maps/MapItemSavedData;Lnet/minecraft/world/item/ItemStack;Ljava/util/List;Lnet/minecraft/resources/ResourceLocation;Lnet/mehvahdjukaar/moonlight/api/map/CustomMapData;)V to md536553$lambda$appendHoverText$0$2 in moonlight-common.mixins.json:MapItemMixin
[28Mar2025 18:26:04.750] [main/DEBUG] [mixin/]: Mixing MapItemMixin from supplementaries-common.mixins.json into net.minecraft.world.item.MapItem
[28Mar2025 18:26:04.762] [main/DEBUG] [mixin/]: Renaming synthetic method lambda$updateCustomColor$3(Lorg/joml/Vector2i;)D to md536553$lambda$updateCustomColor$3$3 in supplementaries-common.mixins.json:MapItemMixin
[28Mar2025 18:26:04.765] [main/DEBUG] [mixin/]: Renaming synthetic method lambda$updateCustomColor$2(Lorg/joml/Vector2i;)D to md536553$lambda$updateCustomColor$2$4 in supplementaries-common.mixins.json:MapItemMixin
[28Mar2025 18:26:04.769] [main/DEBUG] [mixin/]: Renaming synthetic method lambda$removeXrayAndAddAccurateColor$1(Lnet/minecraft/core/BlockPos;Lorg/joml/Vector2i;)Lcom/mojang/datafixers/util/Pair; to md536553$lambda$removeXrayAndAddAccurateColor$1$5 in supplementaries-common.mixins.json:MapItemMixin
[28Mar2025 18:26:04.770] [main/DEBUG] [mixin/]: Renaming synthetic method lambda$removeXrayAndAddAccurateColor$0(Lorg/joml/Vector2i;)Ljava/util/List; to md536553$lambda$removeXrayAndAddAccurateColor$0$6 in supplementaries-common.mixins.json:MapItemMixin
[28Mar2025 18:26:04.831] [main/DEBUG] [mixin/]: Mixing ShearItemMixin from moonlight-common.mixins.json into net.minecraft.world.item.ShearsItem
[28Mar2025 18:26:04.832] [main/DEBUG] [mixin/]: Mixing MixinShearsItem from curios.mixins.json into net.minecraft.world.item.ShearsItem
[28Mar2025 18:26:04.837] [main/DEBUG] [mixin/]: Mixing PotionItemMixin from tombstone.mixins.json into net.minecraft.world.item.PotionItem
[28Mar2025 18:26:04.838] [main/DEBUG] [mixin/]: Renaming synthetic method lambda$methodFinishUsingItemReturn$1(Lnet/minecraft/world/entity/LivingEntity;Lovh/corail/tombstone/api/capability/ITBCapability;)V to md536553$lambda$methodFinishUsingItemReturn$1$0 in tombstone.mixins.json:PotionItemMixin
[28Mar2025 18:26:04.839] [main/DEBUG] [mixin/]: Renaming synthetic method lambda$effectList$0(Lnet/minecraft/world/effect/MobEffectInstance;)Ljava/lang/Integer; to md536553$lambda$effectList$0$1 in tombstone.mixins.json:PotionItemMixin
[28Mar2025 18:26:04.842] [main/DEBUG] [mixin/]: Mixing PotionTooltipMixin from amendments-common.mixins.json into net.minecraft.world.item.PotionItem
[28Mar2025 18:26:04.866] [main/DEBUG] [mixin/]: Mixing reinforced.WritableAndWrittenBookItemMixin from securitycraft.mixins.json into net.minecraft.world.item.WritableBookItem
[28Mar2025 18:26:04.871] [main/DEBUG] [mixin/]: Mixing reinforced.WritableAndWrittenBookItemMixin from securitycraft.mixins.json into net.minecraft.world.item.WrittenBookItem
[28Mar2025 18:26:04.913] [main/DEBUG] [mixin/]: Mixing CrossbowItemRopeMixin from supplementaries-common.mixins.json into net.minecraft.world.item.CrossbowItem
[28Mar2025 18:26:04.921] [main/DEBUG] [mixin/]: Mixing BannerPatternItemMixin from supplementaries-common.mixins.json into net.minecraft.world.item.BannerPatternItem
[28Mar2025 18:26:04.928] [main/DEBUG] [mixin/]: Mixing suspiciousmines.BrushItemMixin from securitycraft.mixins.json into net.minecraft.world.item.BrushItem
[28Mar2025 18:26:04.928] [main/DEBUG] [mixin/]: Renaming synthetic method lambda$securitycraft$checkForSuspiciousMine$1(Lnet/minecraft/world/entity/player/Player;)V to md536553$lambda$securitycraft$checkForSuspiciousMine$1$0 in securitycraft.mixins.json:suspiciousmines.BrushItemMixin
[28Mar2025 18:26:04.928] [main/DEBUG] [mixin/]: Renaming synthetic method lambda$securitycraft$makeSuspiciousMinesBrushablePartTwo$0(Lnet/minecraft/world/entity/Entity;)Z to md536553$lambda$securitycraft$makeSuspiciousMinesBrushablePartTwo$0$1 in securitycraft.mixins.json:suspiciousmines.BrushItemMixin
[28Mar2025 18:26:04.933] [main/DEBUG] [mixin/]: Mixing BrushItemMixin from supplementaries-common.mixins.json into net.minecraft.world.item.BrushItem
[28Mar2025 18:26:04.959] [main/DEBUG] [mixin/]: Mixing inject.MixinItemProperties from architectury-common.mixins.json into net.minecraft.world.item.Item$Properties
[28Mar2025 18:26:05.033] [main/DEBUG] [mixin/]: Mixing ServerPlayerMixin from moonlight-common.mixins.json into net.minecraft.server.level.ServerPlayer
[28Mar2025 18:26:05.034] [main/DEBUG] [mixin/]: Mixing ServerPlayerEntityTickMixin from yungsapi.mixins.json into net.minecraft.server.level.ServerPlayer
[28Mar2025 18:26:05.039] [main/DEBUG] [mixin/]: Mixing ServerPlayerMixin from tombstone.mixins.json into net.minecraft.server.level.ServerPlayer
[28Mar2025 18:26:05.042] [main/DEBUG] [mixin/]: Mixing camera.ServerPlayerMixin from securitycraft.mixins.json into net.minecraft.server.level.ServerPlayer
[28Mar2025 18:26:05.073] [main/DEBUG] [mixin/]: Mixing MixinPathNavigation from cave_dweller.mixins.json into net.minecraft.world.entity.ai.navigation.PathNavigation
[28Mar2025 18:26:05.080] [main/DEBUG] [mixin/]: Mixing MixinGroundPathNavigation from cave_dweller.mixins.json into net.minecraft.world.entity.ai.navigation.GroundPathNavigation
[28Mar2025 18:26:05.092] [main/DEBUG] [mixin/]: Mixing entities.HangingEntityMixin from repurposed_structures-common.mixins.json into net.minecraft.world.entity.decoration.HangingEntity
[28Mar2025 18:26:07.367] [main/DEBUG] [mixin/]: Mixing ExperienceOrbEntityMixin from apoli.mixins.json into net.minecraft.world.entity.ExperienceOrb
[28Mar2025 18:26:07.402] [main/DEBUG] [mixin/]: Mixing BeeGoalMixin from moonlight-common.mixins.json into net.minecraft.world.entity.animal.Bee$BeeGrowCropGoal
[28Mar2025 18:26:07.422] [main/DEBUG] [mixin/]: Mixing HurtByTargetGoalMixin from tombstone.mixins.json into net.minecraft.world.entity.ai.goal.target.HurtByTargetGoal
[28Mar2025 18:26:07.426] [main/DEBUG] [mixin/]: Mixing accessor.TargetGoalAccessor from tombstone.mixins.json into net.minecraft.world.entity.ai.goal.target.TargetGoal
[28Mar2025 18:26:07.448] [main/DEBUG] [mixin/]: Mixing boat.BoatMixin from securitycraft.mixins.json into net.minecraft.world.entity.vehicle.Boat
[28Mar2025 18:26:07.472] [main/DEBUG] [mixin/]: Mixing AbstractHorseMixin from supplementaries-common.mixins.json into net.minecraft.world.entity.animal.horse.AbstractHorse
[28Mar2025 18:26:07.516] [main/DEBUG] [mixin/]: Mixing CatSitOnBlockGoalMixin from supplementaries-common.mixins.json into net.minecraft.world.entity.ai.goal.CatSitOnBlockGoal
[28Mar2025 18:26:07.537] [main/DEBUG] [net.minecraftforge.coremod.transformer.CoreModBaseTransformer/COREMOD]: Transforming net/minecraft/world/entity/monster/Spider
[28Mar2025 18:26:07.571] [main/DEBUG] [mixin/]: Mixing SkeletonMixin from supplementaries-common.mixins.json into net.minecraft.world.entity.monster.Skeleton
[28Mar2025 18:26:07.584] [main/DEBUG] [mixin/]: Mixing AbstractSkeletonMixin from supplementaries-common.mixins.json into net.minecraft.world.entity.monster.AbstractSkeleton
[28Mar2025 18:26:07.641] [main/DEBUG] [mixin/]: Mixing ScareCreepersMixin from origins.mixins.json into net.minecraft.world.entity.monster.Creeper
[28Mar2025 18:26:07.642] [main/DEBUG] [mixin/]: Renaming synthetic method lambda$redirectTargetGoal$1(Lnet/minecraft/world/entity/LivingEntity;)Z to md536553$lambda$redirectTargetGoal$1$0 in origins.mixins.json:ScareCreepersMixin
[28Mar2025 18:26:07.642] [main/DEBUG] [mixin/]: Renaming synthetic method lambda$addGoals$0(Lnet/minecraft/world/entity/LivingEntity;)Z to md536553$lambda$addGoals$0$1 in origins.mixins.json:ScareCreepersMixin
[28Mar2025 18:26:07.647] [main/DEBUG] [mixin/]: Mixing CreeperMixin from supplementaries-common.mixins.json into net.minecraft.world.entity.monster.Creeper
[28Mar2025 18:26:07.684] [main/DEBUG] [mixin/]: Mixing MixinDragonFireball from endertrigon.mixins.json into net.minecraft.world.entity.projectile.DragonFireball
[28Mar2025 18:26:07.695] [main/DEBUG] [net.minecraftforge.coremod.transformer.CoreModBaseTransformer/COREMOD]: Transforming net/minecraft/world/entity/monster/Zombie
[28Mar2025 18:26:07.820] [main/DEBUG] [net.minecraftforge.coremod.transformer.CoreModBaseTransformer/COREMOD]: Transforming net/minecraft/world/entity/monster/ZombieVillager
[28Mar2025 18:26:07.932] [main/DEBUG] [mixin/]: Mixing MixinEnderDragon from endertrigon.mixins.json into net.minecraft.world.entity.boss.enderdragon.EnderDragon
[28Mar2025 18:26:07.934] [main/DEBUG] [mixin/]: Renaming synthetic method lambda$static$0(Lnet/minecraft/world/entity/Entity;)Z to md536553$lambda$static$0$0 in endertrigon.mixins.json:MixinEnderDragon
[28Mar2025 18:26:07.952] [main/DEBUG] [mixin/]: Mixing IMixinEnderDragon from endertrigon.mixins.json into net.minecraft.world.entity.boss.enderdragon.EnderDragon
[28Mar2025 18:26:08.009] [main/DEBUG] [mixin/]: Mixing MixinEnderDragonPart from endertrigon.mixins.json into net.minecraft.world.entity.boss.EnderDragonPart
[28Mar2025 18:26:08.028] [main/DEBUG] [mixin/]: Mixing EndermanMixin from supplementaries-common.mixins.json into net.minecraft.world.entity.monster.EnderMan
[28Mar2025 18:26:08.040] [main/DEBUG] [mixin/]: Mixing EvokerMixin from supplementaries-common.mixins.json into net.minecraft.world.entity.monster.Evoker
[28Mar2025 18:26:08.058] [main/DEBUG] [net.minecraftforge.coremod.transformer.CoreModBaseTransformer/COREMOD]: Transforming net/minecraft/world/entity/monster/Evoker$EvokerSummonSpellGoal
[28Mar2025 18:26:08.095] [main/DEBUG] [mixin/]: Mixing FixBlockPlaceContextMixin from moonlight-common.mixins.json into net.minecraft.world.item.context.BlockPlaceContext
[28Mar2025 18:26:08.415] [main/DEBUG] [mixin/]: Mixing SlimeMixin from supplementaries-common.mixins.json into net.minecraft.world.entity.monster.Slime
[28Mar2025 18:26:08.510] [main/DEBUG] [mixin/]: Mixing ThrownPotionMixin from moonlight-common.mixins.json into net.minecraft.world.entity.projectile.ThrownPotion
[28Mar2025 18:26:08.547] [main/DEBUG] [mixin/]: Mixing entities.ShulkerEntityInvoker from repurposed_structures-common.mixins.json into net.minecraft.world.entity.monster.Shulker
[28Mar2025 18:26:08.565] [main/DEBUG] [mixin/]: Mixing SkellyHorseMixin from supplementaries-common.mixins.json into net.minecraft.world.entity.animal.horse.SkeletonHorse
[28Mar2025 18:26:08.567] [main/DEBUG] [mixin/]: Renaming synthetic method lambda$tick$0(Ljava/lang/Integer;)V to md536553$lambda$tick$0$0 in supplementaries-common.mixins.json:SkellyHorseMixin
[28Mar2025 18:26:08.593] [main/DEBUG] [net.minecraftforge.coremod.transformer.CoreModBaseTransformer/COREMOD]: Transforming net/minecraft/world/entity/animal/horse/SkeletonTrapGoal
[28Mar2025 18:26:08.639] [main/DEBUG] [mixin/]: Mixing StrayMixin from supplementaries-common.mixins.json into net.minecraft.world.entity.monster.Stray
[28Mar2025 18:26:08.655] [main/DEBUG] [net.minecraftforge.coremod.transformer.CoreModBaseTransformer/COREMOD]: Transforming net/minecraft/world/entity/monster/Strider
[28Mar2025 18:26:08.866] [main/DEBUG] [mixin/]: Mixing FriendlyByteBufMixin from supplementaries.mixins.json into net.minecraft.network.FriendlyByteBuf
[28Mar2025 18:26:09.094] [main/DEBUG] [mixin/]: Mixing LevelChunkMixin from moonlight-common.mixins.json into net.minecraft.world.level.chunk.LevelChunk
[28Mar2025 18:26:09.095] [main/DEBUG] [mixin/]: Mixing LevelChunkMixin from refurbished_furniture.common.mixins.json into net.minecraft.world.level.chunk.LevelChunk
[28Mar2025 18:26:09.104] [main/WARN] [mixin/]: @Inject(@At("INVOKE_ASSIGN")) Shift.BY=2 on refurbished_furniture.common.mixins.json:LevelChunkMixin::handler$zlc000$refurbishedFurniture$AfterRemoveBlockEntity exceeds the maximum allowed value: 0. Increase the value of maxShiftBy to suppress this warning.
[28Mar2025 18:26:09.368] [main/DEBUG] [net.minecraftforge.coremod.transformer.CoreModBaseTransformer/COREMOD]: Transforming net/minecraft/world/entity/npc/Villager
[28Mar2025 18:26:09.475] [main/DEBUG] [mixin/]: Mixing VillagerMixin from moonlight-common.mixins.json into net.minecraft.world.entity.npc.Villager
[28Mar2025 18:26:09.479] [main/DEBUG] [mixin/]: Mixing item.wearable.villagerhat.VillagerMixin from mixins.artifacts.common.json into net.minecraft.world.entity.npc.Villager
[28Mar2025 18:26:09.479] [main/DEBUG] [mixin/]: Mixing accessor.VillagerAccessor from tombstone.mixins.json into net.minecraft.world.entity.npc.Villager
[28Mar2025 18:26:09.517] [main/DEBUG] [mixin/]: Mixing WanderingTraderMixin from supplementaries-common.mixins.json into net.minecraft.world.entity.npc.WanderingTrader
[28Mar2025 18:26:09.545] [main/DEBUG] [mixin/]: Mixing ZombieHorseMixin from supplementaries-common.mixins.json into net.minecraft.world.entity.animal.horse.ZombieHorse
[28Mar2025 18:26:09.597] [main/DEBUG] [mixin/]: Mixing IngredientMixin from zeta_forge.mixins.json into net.minecraft.world.item.crafting.Ingredient
[28Mar2025 18:26:09.612] [main/DEBUG] [mixin/]: Mixing inject.MixinFoodPropertiesBuilder from architectury-common.mixins.json into net.minecraft.world.food.FoodProperties$Builder
[28Mar2025 18:26:09.617] [main/DEBUG] [net.minecraftforge.coremod.transformer.CoreModBaseTransformer/COREMOD]: Transforming net/minecraft/world/effect/MobEffectInstance
[28Mar2025 18:26:09.619] [main/DEBUG] [mixin/]: Mixing StatusEffectInstanceMixin from apoli.mixins.json into net.minecraft.world.effect.MobEffectInstance
[28Mar2025 18:26:09.675] [main/DEBUG] [mixin/]: Mixing ServerPlayNetworkHandlerMixin from apoli.mixins.json into net.minecraft.server.network.ServerGamePacketListenerImpl
[28Mar2025 18:26:09.677] [main/DEBUG] [mixin/]: Mixing item.umbrella.server.ServerGamePacketListenerImplMixin from mixins.artifacts.common.json into net.minecraft.server.network.ServerGamePacketListenerImpl
[28Mar2025 18:26:09.677] [main/DEBUG] [mixin/]: Mixing swimming.server.ServerGamePacketListenerImplMixin from expandability-common.mixins.json into net.minecraft.server.network.ServerGamePacketListenerImpl
[28Mar2025 18:26:09.678] [main/DEBUG] [mixin/]: Mixing ServerGamePacketListenerMixin from supplementaries-common.mixins.json into net.minecraft.server.network.ServerGamePacketListenerImpl
[28Mar2025 18:26:09.678] [main/DEBUG] [mixin/]: Renaming synthetic method lambda$addAntiqueInk$0(Ljava/util/function/UnaryOperator;Ljava/lang/String;)Ljava/lang/String; to md536553$lambda$addAntiqueInk$0$0 in supplementaries-common.mixins.json:ServerGamePacketListenerMixin
[28Mar2025 18:26:09.717] [main/DEBUG] [mixin/]: Mixing BrewingMixin from amendments-common.mixins.json into net.minecraft.world.item.alchemy.PotionBrewing
[28Mar2025 18:26:09.719] [main/DEBUG] [mixin/]: Mixing accessor.PotionBrewingAccessor from yungsapi.mixins.json into net.minecraft.world.item.alchemy.PotionBrewing
[28Mar2025 18:26:09.719] [main/DEBUG] [mixin/]: Renaming @Invoker method callAddMix(Lnet/minecraft/world/item/alchemy/Potion;Lnet/minecraft/world/item/Item;Lnet/minecraft/world/item/alchemy/Potion;)V to callAddMix_$md$536553$0 in yungsapi.mixins.json:accessor.PotionBrewingAccessor
[28Mar2025 18:26:09.720] [main/DEBUG] [mixin/]: Mixing AccessorPotionBrewing from zeta_forge.mixins.json into net.minecraft.world.item.alchemy.PotionBrewing
[28Mar2025 18:26:09.720] [main/DEBUG] [mixin/]: Renaming @Accessor method zeta$getPotionMixes()Ljava/util/List; to zeta$getPotionMixes_$md$536553$1 in zeta_forge.mixins.json:AccessorPotionBrewing
[28Mar2025 18:26:09.754] [main/DEBUG] [mixin/]: Mixing AbstractProjectileBehaviorAccessor from supplementaries-common.mixins.json into net.minecraft.core.dispenser.AbstractProjectileDispenseBehavior
[28Mar2025 18:26:09.839] [main/DEBUG] [mixin/]: Mixing potion.BrewingStandMenuMixin from securitycraft.mixins.json into net.minecraft.world.inventory.BrewingStandMenu
[28Mar2025 18:26:09.856] [main/DEBUG] [mixin/]: Mixing structures.StructureProcessorAccessor from repurposed_structures-common.mixins.json into net.minecraft.world.level.levelgen.structure.templatesystem.StructureProcessor
[28Mar2025 18:26:09.919] [main/DEBUG] [mixin/]: Mixing structures.StructureTemplateManagerAccessor from repurposed_structures-common.mixins.json into net.minecraft.world.level.levelgen.structure.templatesystem.StructureTemplateManager
[28Mar2025 18:26:09.931] [main/DEBUG] [mixin/]: Mixing ChunkGeneratorMixin from citadel.mixins.json into net.minecraft.world.level.chunk.ChunkGenerator
[28Mar2025 18:26:10.017] [main/DEBUG] [mixin/]: Mixing InventoryMixin from moonlight-common.mixins.json into net.minecraft.world.entity.player.Inventory
[28Mar2025 18:26:10.021] [main/DEBUG] [mixin/]: Mixing MixinInventory from curios.mixins.json into net.minecraft.world.entity.player.Inventory
[28Mar2025 18:26:10.062] [main/DEBUG] [mixin/]: Mixing forge.ResultSlotAccessor from apoli.mixins.json into net.minecraft.world.inventory.ResultSlot
[28Mar2025 18:26:10.067] [main/DEBUG] [mixin/]: Mixing GrindstoneInputSlotMixin from supplementaries-common.mixins.json into net.minecraft.world.inventory.GrindstoneMenu$2
[28Mar2025 18:26:10.070] [main/DEBUG] [mixin/]: Mixing GrindstoneMenuSlotMixin from moonlight-common.mixins.json into net.minecraft.world.inventory.GrindstoneMenu$4
[28Mar2025 18:26:10.070] [main/DEBUG] [mixin/]: Mixing forge.GrindstoneMenuResultSlotAccessor from apoli.mixins.json into net.minecraft.world.inventory.GrindstoneMenu$4
[28Mar2025 18:26:10.071] [main/DEBUG] [mixin/]: Mixing GrindstoneTestSlotMixin from supplementaries-common.mixins.json into net.minecraft.world.inventory.GrindstoneMenu$4
[28Mar2025 18:26:10.077] [main/DEBUG] [mixin/]: Mixing LoomInputSlotMixin from supplementaries-common.mixins.json into net.minecraft.world.inventory.LoomMenu$3
[28Mar2025 18:26:10.091] [main/DEBUG] [mixin/]: Mixing CartographyTableInputSlotMixin from supplementaries-common.mixins.json into net.minecraft.world.inventory.CartographyTableMenu$4
[28Mar2025 18:26:10.140] [main/DEBUG] [mixin/]: Mixing MapExtendingRecipeMixin from moonlight-common.mixins.json into net.minecraft.world.item.crafting.MapExtendingRecipe
[28Mar2025 18:26:10.155] [main/DEBUG] [mixin/]: Mixing accessor.ShapedRecipeAccessor from tombstone.mixins.json into net.minecraft.world.item.crafting.ShapedRecipe
[28Mar2025 18:26:10.245] [main/DEBUG] [mixin/]: Mixing ItemSlotArgumentTypeAccessor from apoli.mixins.json into net.minecraft.commands.arguments.SlotArgument
[28Mar2025 18:26:10.356] [main/DEBUG] [mixin/]: Mixing resources.LootContextAccessor from repurposed_structures-common.mixins.json into net.minecraft.world.level.storage.loot.LootContext
[28Mar2025 18:26:10.356] [main/DEBUG] [mixin/]: Mixing LootContextMixin from apoli.mixins.json into net.minecraft.world.level.storage.loot.LootContext
[28Mar2025 18:26:10.379] [main/DEBUG] [mixin/]: Mixing ExplorationMapSerializerMixin from supplementaries-common.mixins.json into net.minecraft.world.level.storage.loot.functions.ExplorationMapFunction$Serializer
[28Mar2025 18:26:10.390] [main/DEBUG] [mixin/]: Mixing ExplorationMapFunctionMixin from supplementaries-common.mixins.json into net.minecraft.world.level.storage.loot.functions.ExplorationMapFunction
[28Mar2025 18:26:10.421] [main/DEBUG] [mixin/]: Mixing common.ApplyBonusLootFunctionMixin from additionalentityattributes.mixins.json into net.minecraft.world.level.storage.loot.functions.ApplyBonusCount
[28Mar2025 18:26:10.424] [main/DEBUG] [mixin/]: Mixing MixinApplyBonusCount from curios.mixins.json into net.minecraft.world.level.storage.loot.functions.ApplyBonusCount
[28Mar2025 18:26:10.667] [main/DEBUG] [mixin/]: Mixing features.LessJungleBushInStructuresMixin from repurposed_structures-common.mixins.json into net.minecraft.world.level.levelgen.feature.TreeFeature
[28Mar2025 18:26:10.695] [main/DEBUG] [mixin/]: Mixing features.NoFallsInStructuresMixin from repurposed_structures-common.mixins.json into net.minecraft.world.level.levelgen.feature.SpringFeature
[28Mar2025 18:26:10.735] [main/DEBUG] [mixin/]: Mixing features.SmarterSnowPlacingInStructuresMixin from repurposed_structures-common.mixins.json into net.minecraft.world.level.levelgen.feature.SnowAndFreezeFeature
[28Mar2025 18:26:10.743] [main/DEBUG] [mixin/]: Mixing features.NoVinesInStructuresMixin from repurposed_structures-common.mixins.json into net.minecraft.world.level.levelgen.feature.VinesFeature
[28Mar2025 18:26:10.751] [main/DEBUG] [mixin/]: Mixing features.DungeonFeatureAccessor from repurposed_structures-common.mixins.json into net.minecraft.world.level.levelgen.feature.MonsterRoomFeature
[28Mar2025 18:26:10.751] [main/DEBUG] [mixin/]: Renaming @Accessor method getMOBS()[Lnet/minecraft/world/entity/EntityType; to getMOBS_$md$536553$0 in repurposed_structures-common.mixins.json:features.DungeonFeatureAccessor
[28Mar2025 18:26:10.756] [main/DEBUG] [mixin/]: Mixing features.NoLakesInStructuresMixin from repurposed_structures-common.mixins.json into net.minecraft.world.level.levelgen.feature.LakeFeature
[28Mar2025 18:26:10.789] [main/DEBUG] [mixin/]: Mixing features.LessBambooInStructuresMixin from repurposed_structures-common.mixins.json into net.minecraft.world.level.levelgen.feature.BambooFeature
[28Mar2025 18:26:10.790] [main/DEBUG] [mixin/]: Mixing features.FixBambooPlacementMixin from repurposed_structures-common.mixins.json into net.minecraft.world.level.levelgen.feature.BambooFeature
[28Mar2025 18:26:10.812] [main/DEBUG] [mixin/]: Mixing features.NoBasaltColumnsInStructuresMixin from repurposed_structures-common.mixins.json into net.minecraft.world.level.levelgen.feature.BasaltColumnsFeature
[28Mar2025 18:26:10.818] [main/DEBUG] [mixin/]: Mixing features.NoDeltasInStructuresMixin from repurposed_structures-common.mixins.json into net.minecraft.world.level.levelgen.feature.DeltaFeature
[28Mar2025 18:26:11.026] [main/DEBUG] [net.minecraftforge.coremod.transformer.CoreModBaseTransformer/COREMOD]: Transforming net/minecraft/world/level/levelgen/structure/Structure
[28Mar2025 18:26:11.047] [main/DEBUG] [mixin/]: Mixing structures.StructurePieceAccessor from repurposed_structures-common.mixins.json into net.minecraft.world.level.levelgen.structure.StructurePiece
[28Mar2025 18:26:11.048] [main/DEBUG] [mixin/]: Mixing StructurePieceMixin from zeta.mixins.json into net.minecraft.world.level.levelgen.structure.StructurePiece
[28Mar2025 18:26:11.054] [main/DEBUG] [mixin/]: Mixing MineshaftCorridorMixin from supplementaries-common.mixins.json into net.minecraft.world.level.levelgen.structure.structures.MineshaftPieces$MineShaftCorridor
[28Mar2025 18:26:11.094] [main/DEBUG] [mixin/]: Mixing StrongholdCrossingSconceMixin from supplementaries-common.mixins.json into net.minecraft.world.level.levelgen.structure.structures.StrongholdPieces$FiveCrossing
[28Mar2025 18:26:11.111] [main/DEBUG] [mixin/]: Mixing StrongholdRoomSconceMixin from supplementaries-common.mixins.json into net.minecraft.world.level.levelgen.structure.structures.StrongholdPieces$RoomCrossing
[28Mar2025 18:26:11.124] [main/DEBUG] [net.minecraftforge.coremod.transformer.CoreModBaseTransformer/COREMOD]: Transforming net/minecraft/world/level/levelgen/structure/structures/OceanRuinPieces$OceanRuinPiece
[28Mar2025 18:26:11.167] [main/DEBUG] [net.minecraftforge.coremod.transformer.CoreModBaseTransformer/COREMOD]: Transforming net/minecraft/world/level/levelgen/structure/structures/SwampHutPiece
[28Mar2025 18:26:11.198] [main/DEBUG] [net.minecraftforge.coremod.transformer.CoreModBaseTransformer/COREMOD]: Transforming net/minecraft/world/level/levelgen/structure/structures/OceanMonumentPieces$OceanMonumentPiece
[28Mar2025 18:26:11.275] [main/DEBUG] [net.minecraftforge.coremod.transformer.CoreModBaseTransformer/COREMOD]: Transforming net/minecraft/world/level/levelgen/structure/structures/WoodlandMansionPieces$WoodlandMansionPiece
[28Mar2025 18:26:11.314] [main/DEBUG] [mixin/]: Mixing structures.PoolElementStructurePieceAccessor from repurposed_structures-common.mixins.json into net.minecraft.world.level.levelgen.structure.PoolElementStructurePiece
[28Mar2025 18:26:11.341] [main/DEBUG] [mixin/]: Mixing structures.StructurePoolAccessor from repurposed_structures-common.mixins.json into net.minecraft.world.level.levelgen.structure.pools.StructureTemplatePool
[28Mar2025 18:26:11.341] [main/DEBUG] [mixin/]: Renaming @Accessor method getCODEC_REFERENCE()Lorg/apache/commons/lang3/mutable/MutableObject; to getCODEC_REFERENCE_$md$536553$0 in repurposed_structures-common.mixins.json:structures.StructurePoolAccessor
[28Mar2025 18:26:11.341] [main/DEBUG] [mixin/]: Mixing accessor.StructureTemplatePoolAccessor from yungsapi.mixins.json into net.minecraft.world.level.levelgen.structure.pools.StructureTemplatePool
[28Mar2025 18:26:11.342] [main/DEBUG] [mixin/]: Mixing IncreaseStructureWeightLimitMixinForge from yungsapi_forge.mixins.json into net.minecraft.world.level.levelgen.structure.pools.StructureTemplatePool
[28Mar2025 18:26:11.342] [main/DEBUG] [mixin/]: Mixing structures.StructurePoolMixin from repurposed_structures-forge.mixins.json into net.minecraft.world.level.levelgen.structure.pools.StructureTemplatePool
[28Mar2025 18:26:11.492] [main/DEBUG] [mixin/]: Mixing MixinBiomeSource from terrablender.mixins.json into net.minecraft.world.level.biome.BiomeSource
[28Mar2025 18:26:11.493] [main/DEBUG] [mixin/]: Renaming synthetic method lambda$appendDeferredBiomesList$0(Lcom/google/common/collect/ImmutableList;)Ljava/util/Set; to md536553$lambda$appendDeferredBiomesList$0$0 in terrablender.mixins.json:MixinBiomeSource
[28Mar2025 18:26:11.507] [main/DEBUG] [net.minecraftforge.coremod.transformer.CoreModBaseTransformer/COREMOD]: Transforming net/minecraft/world/level/biome/Biome
[28Mar2025 18:26:11.508] [main/DEBUG] [mixin/]: Mixing BiomeMixin from apoli.mixins.json into net.minecraft.world.level.biome.Biome
[28Mar2025 18:26:11.575] [main/DEBUG] [mixin/]: Mixing MixinMultiNoiseBiomeSource from terrablender.mixins.json into net.minecraft.world.level.biome.MultiNoiseBiomeSource
[28Mar2025 18:26:11.578] [main/DEBUG] [mixin/]: Mixing MixinParameterList from terrablender.mixins.json into net.minecraft.world.level.biome.Climate$ParameterList
[28Mar2025 18:26:11.578] [main/DEBUG] [mixin/]: Renaming synthetic method lambda$initializeForTerraBlender$0(Lnet/minecraft/core/Registry;Lcom/google/common/collect/ImmutableList$Builder;Lcom/mojang/datafixers/util/Pair;)V to md536553$lambda$initializeForTerraBlender$0$0 in terrablender.mixins.json:MixinParameterList
[28Mar2025 18:26:11.619] [main/DEBUG] [mixin/]: Mixing NoiseBasedChunkGeneratorMixin from citadel.mixins.json into net.minecraft.world.level.levelgen.NoiseBasedChunkGenerator
[28Mar2025 18:26:11.649] [main/DEBUG] [mixin/]: Mixing MixinNoiseGeneratorSettings from terrablender.mixins.json into net.minecraft.world.level.levelgen.NoiseGeneratorSettings
[28Mar2025 18:26:12.105] [main/DEBUG] [mixin/]: Mixing structures.SinglePoolElementAccessor from repurposed_structures-common.mixins.json into net.minecraft.world.level.levelgen.structure.pools.SinglePoolElement
[28Mar2025 18:26:12.107] [main/DEBUG] [mixin/]: Mixing accessor.SinglePoolElementAccessor from yungsapi.mixins.json into net.minecraft.world.level.levelgen.structure.pools.SinglePoolElement
[28Mar2025 18:26:12.108] [main/DEBUG] [mixin/]: Unexpected: Registered method callGetTemplate(Lnet/minecraft/world/level/levelgen/structure/templatesystem/StructureTemplateManager;)Lnet/minecraft/world/level/levelgen/structure/templatesystem/StructureTemplate; in net.minecraft.world.level.levelgen.structure.pools.SinglePoolElement was not merged
[28Mar2025 18:26:12.115] [main/DEBUG] [mixin/]: Mixing structures.ListPoolElementAccessor from repurposed_structures-common.mixins.json into net.minecraft.world.level.levelgen.structure.pools.ListPoolElement
[28Mar2025 18:26:12.115] [main/DEBUG] [mixin/]: Mixing accessor.ListPoolElementAccessor from yungsapi.mixins.json into net.minecraft.world.level.levelgen.structure.pools.ListPoolElement
[28Mar2025 18:26:12.119] [main/DEBUG] [mixin/]: Mixing accessor.FeaturePoolElementAccessor from yungsapi.mixins.json into net.minecraft.world.level.levelgen.structure.pools.FeaturePoolElement
[28Mar2025 18:26:12.298] [main/DEBUG] [net.minecraftforge.common.ForgeI18n/CORE]: Loading I18N data entries: 6430
[28Mar2025 18:26:12.320] [main/DEBUG] [net.minecraftforge.fml.ModWorkManager/LOADING]: Using 2 threads for parallel mod-loading
[28Mar2025 18:26:12.330] [main/DEBUG] [net.minecraftforge.fml.javafmlmod.FMLJavaModLanguageProvider/LOADING]: Loading FMLModContainer from classloader cpw.mods.modlauncher.TransformingClassLoader@6975fb1c - got cpw.mods.cl.ModuleClassLoader@6d4a65c6
[28Mar2025 18:26:12.330] [main/DEBUG] [net.minecraftforge.fml.javafmlmod.FMLModContainer/LOADING]: Creating FMLModContainer instance for com.mcwbridges.kikoz.MacawsBridges
[28Mar2025 18:26:12.335] [main/DEBUG] [net.minecraftforge.fml.javafmlmod.FMLJavaModLanguageProvider/LOADING]: Loading FMLModContainer from classloader cpw.mods.modlauncher.TransformingClassLoader@6975fb1c - got cpw.mods.cl.ModuleClassLoader@6d4a65c6
[28Mar2025 18:26:12.336] [main/DEBUG] [net.minecraftforge.fml.javafmlmod.FMLModContainer/LOADING]: Creating FMLModContainer instance for com.telepathicgrunt.repurposedstructures.forge.RepurposedStructuresForge
[28Mar2025 18:26:12.336] [main/DEBUG] [net.minecraftforge.fml.javafmlmod.FMLJavaModLanguageProvider/LOADING]: Loading FMLModContainer from classloader cpw.mods.modlauncher.TransformingClassLoader@6975fb1c - got cpw.mods.cl.ModuleClassLoader@6d4a65c6
[28Mar2025 18:26:12.336] [main/DEBUG] [net.minecraftforge.fml.javafmlmod.FMLModContainer/LOADING]: Creating FMLModContainer instance for terrablender.core.TerraBlenderForge
[28Mar2025 18:26:12.337] [main/DEBUG] [net.minecraftforge.fml.javafmlmod.FMLJavaModLanguageProvider/LOADING]: Loading FMLModContainer from classloader cpw.mods.modlauncher.TransformingClassLoader@6975fb1c - got cpw.mods.cl.ModuleClassLoader@6d4a65c6
[28Mar2025 18:26:12.337] [main/DEBUG] [net.minecraftforge.fml.javafmlmod.FMLModContainer/LOADING]: Creating FMLModContainer instance for net.mehvahdjukaar.moonlight.forge.MoonlightForge
[28Mar2025 18:26:12.339] [main/DEBUG] [net.minecraftforge.fml.javafmlmod.FMLJavaModLanguageProvider/LOADING]: Loading FMLModContainer from classloader cpw.mods.modlauncher.TransformingClassLoader@6975fb1c - got cpw.mods.cl.ModuleClassLoader@6d4a65c6
[28Mar2025 18:26:12.339] [main/DEBUG] [net.minecraftforge.fml.javafmlmod.FMLModContainer/LOADING]: Creating FMLModContainer instance for nonamecrackers2.endertrigon.EnderTrigonMod
[28Mar2025 18:26:12.339] [main/DEBUG] [net.minecraftforge.fml.javafmlmod.FMLJavaModLanguageProvider/LOADING]: Loading FMLModContainer from classloader cpw.mods.modlauncher.TransformingClassLoader@6975fb1c - got cpw.mods.cl.ModuleClassLoader@6d4a65c6
[28Mar2025 18:26:12.340] [main/DEBUG] [net.minecraftforge.fml.javafmlmod.FMLModContainer/LOADING]: Creating FMLModContainer instance for biomesoplenty.core.BiomesOPlenty
[28Mar2025 18:26:12.340] [main/DEBUG] [net.minecraftforge.fml.javafmlmod.FMLJavaModLanguageProvider/LOADING]: Loading FMLModContainer from classloader cpw.mods.modlauncher.TransformingClassLoader@6975fb1c - got cpw.mods.cl.ModuleClassLoader@6d4a65c6
[28Mar2025 18:26:12.341] [main/DEBUG] [net.minecraftforge.fml.javafmlmod.FMLModContainer/LOADING]: Creating FMLModContainer instance for com.bawnorton.mixinsquared.platform.forge.MixinSquaredMod
[28Mar2025 18:26:12.341] [main/DEBUG] [net.minecraftforge.fml.javafmlmod.FMLJavaModLanguageProvider/LOADING]: Loading FMLModContainer from classloader cpw.mods.modlauncher.TransformingClassLoader@6975fb1c - got cpw.mods.cl.ModuleClassLoader@6d4a65c6
[28Mar2025 18:26:12.341] [main/DEBUG] [net.minecraftforge.fml.javafmlmod.FMLModContainer/LOADING]: Creating FMLModContainer instance for snownee.jade.util.CommonProxy
[28Mar2025 18:26:12.343] [main/DEBUG] [net.minecraftforge.fml.javafmlmod.FMLJavaModLanguageProvider/LOADING]: Loading FMLModContainer from classloader cpw.mods.modlauncher.TransformingClassLoader@6975fb1c - got cpw.mods.cl.ModuleClassLoader@6d4a65c6
[28Mar2025 18:26:12.344] [main/DEBUG] [net.minecraftforge.fml.javafmlmod.FMLModContainer/LOADING]: Creating FMLModContainer instance for net.mehvahdjukaar.amendments.forge.AmendmentsForge
[28Mar2025 18:26:12.344] [main/DEBUG] [net.minecraftforge.fml.javafmlmod.FMLJavaModLanguageProvider/LOADING]: Loading FMLModContainer from classloader cpw.mods.modlauncher.TransformingClassLoader@6975fb1c - got cpw.mods.cl.ModuleClassLoader@6d4a65c6
[28Mar2025 18:26:12.345] [main/DEBUG] [net.minecraftforge.fml.javafmlmod.FMLModContainer/LOADING]: Creating FMLModContainer instance for de.dafuqs.additionalentityattributes.AdditionalEntityAttributesMod
[28Mar2025 18:26:12.345] [main/DEBUG] [net.minecraftforge.fml.javafmlmod.FMLJavaModLanguageProvider/LOADING]: Loading FMLModContainer from classloader cpw.mods.modlauncher.TransformingClassLoader@6975fb1c - got cpw.mods.cl.ModuleClassLoader@6d4a65c6
[28Mar2025 18:26:12.345] [main/DEBUG] [net.minecraftforge.fml.javafmlmod.FMLModContainer/LOADING]: Creating FMLModContainer instance for software.bernie.example.GeckoLibMod
[28Mar2025 18:26:12.346] [main/DEBUG] [net.minecraftforge.fml.javafmlmod.FMLJavaModLanguageProvider/LOADING]: Loading FMLModContainer from classloader cpw.mods.modlauncher.TransformingClassLoader@6975fb1c - got cpw.mods.cl.ModuleClassLoader@6d4a65c6
[28Mar2025 18:26:12.346] [main/DEBUG] [net.minecraftforge.fml.javafmlmod.FMLModContainer/LOADING]: Creating FMLModContainer instance for mezz.jei.forge.JustEnoughItems
[28Mar2025 18:26:12.347] [main/DEBUG] [net.minecraftforge.fml.javafmlmod.FMLJavaModLanguageProvider/LOADING]: Loading FMLModContainer from classloader cpw.mods.modlauncher.TransformingClassLoader@6975fb1c - got cpw.mods.cl.ModuleClassLoader@6d4a65c6
[28Mar2025 18:26:12.347] [main/DEBUG] [net.minecraftforge.fml.javafmlmod.FMLModContainer/LOADING]: Creating FMLModContainer instance for com.jtorleonstudios.libraryferret.LibraryFerret
[28Mar2025 18:26:12.349] [main/DEBUG] [net.minecraftforge.fml.javafmlmod.FMLJavaModLanguageProvider/LOADING]: Loading FMLModContainer from classloader cpw.mods.modlauncher.TransformingClassLoader@6975fb1c - got cpw.mods.cl.ModuleClassLoader@6d4a65c6
[28Mar2025 18:26:12.349] [main/DEBUG] [net.minecraftforge.fml.javafmlmod.FMLModContainer/LOADING]: Creating FMLModContainer instance for io.github.apace100.calio.Calio
[28Mar2025 18:26:12.349] [main/DEBUG] [net.minecraftforge.fml.javafmlmod.FMLJavaModLanguageProvider/LOADING]: Loading FMLModContainer from classloader cpw.mods.modlauncher.TransformingClassLoader@6975fb1c - got cpw.mods.cl.ModuleClassLoader@6d4a65c6
[28Mar2025 18:26:12.350] [main/DEBUG] [net.minecraftforge.fml.javafmlmod.FMLModContainer/LOADING]: Creating FMLModContainer instance for top.theillusivec4.caelus.Caelus
[28Mar2025 18:26:12.351] [main/DEBUG] [net.minecraftforge.fml.lowcodemod.LowCodeModLanguageProvider.LowCodeModTarget/LOADING]: Loading LowCodeModContainer from classloader cpw.mods.modlauncher.TransformingClassLoader@6975fb1c - got cpw.mods.cl.ModuleClassLoader@6d4a65c6
[28Mar2025 18:26:12.351] [main/DEBUG] [net.minecraftforge.fml.lowcodemod.LowCodeModContainer/LOADING]: Creating LowCodeModContainer for incendium
[28Mar2025 18:26:12.351] [main/DEBUG] [net.minecraftforge.fml.javafmlmod.FMLJavaModLanguageProvider/LOADING]: Loading FMLModContainer from classloader cpw.mods.modlauncher.TransformingClassLoader@6975fb1c - got cpw.mods.cl.ModuleClassLoader@6d4a65c6
[28Mar2025 18:26:12.352] [main/DEBUG] [net.minecraftforge.fml.javafmlmod.FMLModContainer/LOADING]: Creating FMLModContainer instance for io.github.apace100.apoli.Apoli
[28Mar2025 18:26:12.353] [main/DEBUG] [net.minecraftforge.fml.javafmlmod.FMLJavaModLanguageProvider/LOADING]: Loading FMLModContainer from classloader cpw.mods.modlauncher.TransformingClassLoader@6975fb1c - got cpw.mods.cl.ModuleClassLoader@6d4a65c6
[28Mar2025 18:26:12.353] [main/DEBUG] [net.minecraftforge.fml.javafmlmod.FMLModContainer/LOADING]: Creating FMLModContainer instance for com.yungnickyoung.minecraft.ribbits.RibbitsForge
[28Mar2025 18:26:12.353] [main/DEBUG] [net.minecraftforge.fml.javafmlmod.FMLJavaModLanguageProvider/LOADING]: Loading FMLModContainer from classloader cpw.mods.modlauncher.TransformingClassLoader@6975fb1c - got cpw.mods.cl.ModuleClassLoader@6d4a65c6
[28Mar2025 18:26:12.353] [main/DEBUG] [net.minecraftforge.fml.javafmlmod.FMLModContainer/LOADING]: Creating FMLModContainer instance for top.theillusivec4.curios.Curios
[28Mar2025 18:26:12.354] [main/DEBUG] [net.minecraftforge.fml.javafmlmod.FMLJavaModLanguageProvider/LOADING]: Loading FMLModContainer from classloader cpw.mods.modlauncher.TransformingClassLoader@6975fb1c - got cpw.mods.cl.ModuleClassLoader@6d4a65c6
[28Mar2025 18:26:12.354] [main/DEBUG] [net.minecraftforge.fml.javafmlmod.FMLModContainer/LOADING]: Creating FMLModContainer instance for io.github.apace100.origins.Origins
[28Mar2025 18:26:12.355] [main/DEBUG] [net.minecraftforge.fml.javafmlmod.FMLJavaModLanguageProvider/LOADING]: Loading FMLModContainer from classloader cpw.mods.modlauncher.TransformingClassLoader@6975fb1c - got cpw.mods.cl.ModuleClassLoader@6d4a65c6
[28Mar2025 18:26:12.355] [main/DEBUG] [net.minecraftforge.fml.javafmlmod.FMLModContainer/LOADING]: Creating FMLModContainer instance for journeymap.common.Journeymap
[28Mar2025 18:26:12.356] [main/DEBUG] [net.minecraftforge.fml.javafmlmod.FMLJavaModLanguageProvider/LOADING]: Loading FMLModContainer from classloader cpw.mods.modlauncher.TransformingClassLoader@6975fb1c - got cpw.mods.cl.ModuleClassLoader@6d4a65c6
[28Mar2025 18:26:12.357] [main/DEBUG] [net.minecraftforge.fml.javafmlmod.FMLModContainer/LOADING]: Creating FMLModContainer instance for com.github.alexthe666.citadel.Citadel
[28Mar2025 18:26:12.357] [main/DEBUG] [net.minecraftforge.fml.javafmlmod.FMLJavaModLanguageProvider/LOADING]: Loading FMLModContainer from classloader cpw.mods.modlauncher.TransformingClassLoader@6975fb1c - got cpw.mods.cl.ModuleClassLoader@6d4a65c6
[28Mar2025 18:26:12.357] [main/DEBUG] [net.minecraftforge.fml.javafmlmod.FMLModContainer/LOADING]: Creating FMLModContainer instance for com.github.alexthe666.alexsmobs.AlexsMobs
[28Mar2025 18:26:12.359] [main/DEBUG] [net.minecraftforge.fml.javafmlmod.FMLJavaModLanguageProvider/LOADING]: Loading FMLModContainer from classloader cpw.mods.modlauncher.TransformingClassLoader@6975fb1c - got cpw.mods.cl.ModuleClassLoader@6d4a65c6
[28Mar2025 18:26:12.359] [main/DEBUG] [net.minecraftforge.fml.javafmlmod.FMLModContainer/LOADING]: Creating FMLModContainer instance for net.geforcemods.securitycraft.SecurityCraft
[28Mar2025 18:26:12.361] [main/DEBUG] [net.minecraftforge.fml.javafmlmod.FMLJavaModLanguageProvider/LOADING]: Loading FMLModContainer from classloader cpw.mods.modlauncher.TransformingClassLoader@6975fb1c - got cpw.mods.cl.ModuleClassLoader@6d4a65c6
[28Mar2025 18:26:12.361] [main/DEBUG] [net.minecraftforge.fml.javafmlmod.FMLModContainer/LOADING]: Creating FMLModContainer instance for com.tiviacz.travelersbackpack.TravelersBackpack
[28Mar2025 18:26:12.362] [main/DEBUG] [net.minecraftforge.fml.javafmlmod.FMLJavaModLanguageProvider/LOADING]: Loading FMLModContainer from classloader cpw.mods.modlauncher.TransformingClassLoader@6975fb1c - got cpw.mods.cl.ModuleClassLoader@6d4a65c6
[28Mar2025 18:26:12.362] [main/DEBUG] [net.minecraftforge.fml.javafmlmod.FMLModContainer/LOADING]: Creating FMLModContainer instance for artifacts.forge.ArtifactsForge
[28Mar2025 18:26:12.363] [main/DEBUG] [net.minecraftforge.fml.javafmlmod.FMLJavaModLanguageProvider/LOADING]: Loading FMLModContainer from classloader cpw.mods.modlauncher.TransformingClassLoader@6975fb1c - got cpw.mods.cl.ModuleClassLoader@6d4a65c6
[28Mar2025 18:26:12.363] [main/DEBUG] [net.minecraftforge.fml.javafmlmod.FMLModContainer/LOADING]: Creating FMLModContainer instance for com.yungnickyoung.minecraft.yungsapi.YungsApiForge
[28Mar2025 18:26:12.364] [main/DEBUG] [net.minecraftforge.fml.javafmlmod.FMLJavaModLanguageProvider/LOADING]: Loading FMLModContainer from classloader cpw.mods.modlauncher.TransformingClassLoader@6975fb1c - got cpw.mods.cl.ModuleClassLoader@6d4a65c6
[28Mar2025 18:26:12.364] [main/DEBUG] [net.minecraftforge.fml.javafmlmod.FMLModContainer/LOADING]: Creating FMLModContainer instance for com.jtorleonstudios.bettervillage.Main
[28Mar2025 18:26:12.365] [main/DEBUG] [net.minecraftforge.fml.javafmlmod.FMLJavaModLanguageProvider/LOADING]: Loading FMLModContainer from classloader cpw.mods.modlauncher.TransformingClassLoader@6975fb1c - got cpw.mods.cl.ModuleClassLoader@6d4a65c6
[28Mar2025 18:26:12.365] [main/DEBUG] [net.minecraftforge.fml.javafmlmod.FMLModContainer/LOADING]: Creating FMLModContainer instance for nonamecrackers2.crackerslib.CrackersLib
[28Mar2025 18:26:12.366] [main/DEBUG] [net.minecraftforge.fml.javafmlmod.FMLJavaModLanguageProvider/LOADING]: Loading FMLModContainer from classloader cpw.mods.modlauncher.TransformingClassLoader@6975fb1c - got cpw.mods.cl.ModuleClassLoader@6d4a65c6
[28Mar2025 18:26:12.366] [main/DEBUG] [net.minecraftforge.fml.javafmlmod.FMLModContainer/LOADING]: Creating FMLModContainer instance for com.llamalad7.mixinextras.platform.forge.MixinExtrasMod
[28Mar2025 18:26:12.366] [main/DEBUG] [net.minecraftforge.fml.javafmlmod.FMLJavaModLanguageProvider/LOADING]: Loading FMLModContainer from classloader cpw.mods.modlauncher.TransformingClassLoader@6975fb1c - got cpw.mods.cl.ModuleClassLoader@6d4a65c6
[28Mar2025 18:26:12.366] [main/DEBUG] [net.minecraftforge.fml.javafmlmod.FMLModContainer/LOADING]: Creating FMLModContainer instance for ovh.corail.tombstone.ModTombstone
[28Mar2025 18:26:12.367] [main/DEBUG] [net.minecraftforge.fml.javafmlmod.FMLJavaModLanguageProvider/LOADING]: Loading FMLModContainer from classloader cpw.mods.modlauncher.TransformingClassLoader@6975fb1c - got cpw.mods.cl.ModuleClassLoader@6d4a65c6
[28Mar2025 18:26:12.367] [main/DEBUG] [net.minecraftforge.fml.javafmlmod.FMLModContainer/LOADING]: Creating FMLModContainer instance for xiroc.dungeoncrawl.DungeonCrawl
[28Mar2025 18:26:12.368] [main/DEBUG] [net.minecraftforge.fml.javafmlmod.FMLJavaModLanguageProvider/LOADING]: Loading FMLModContainer from classloader cpw.mods.modlauncher.TransformingClassLoader@6975fb1c - got cpw.mods.cl.ModuleClassLoader@6d4a65c6
[28Mar2025 18:26:12.368] [main/DEBUG] [net.minecraftforge.fml.javafmlmod.FMLModContainer/LOADING]: Creating FMLModContainer instance for de.cadentem.cave_dweller.CaveDweller
[28Mar2025 18:26:12.369] [main/DEBUG] [net.minecraftforge.fml.javafmlmod.FMLJavaModLanguageProvider/LOADING]: Loading FMLModContainer from classloader cpw.mods.modlauncher.TransformingClassLoader@6975fb1c - got cpw.mods.cl.ModuleClassLoader@6d4a65c6
[28Mar2025 18:26:12.369] [main/DEBUG] [net.minecraftforge.fml.javafmlmod.FMLModContainer/LOADING]: Creating FMLModContainer instance for dev.architectury.forge.ArchitecturyForge
[28Mar2025 18:26:12.370] [main/DEBUG] [net.minecraftforge.fml.javafmlmod.FMLJavaModLanguageProvider/LOADING]: Loading FMLModContainer from classloader cpw.mods.modlauncher.TransformingClassLoader@6975fb1c - got cpw.mods.cl.ModuleClassLoader@6d4a65c6
[28Mar2025 18:26:12.370] [main/DEBUG] [net.minecraftforge.fml.javafmlmod.FMLModContainer/LOADING]: Creating FMLModContainer instance for com.mrcrayfish.furniture.refurbished.FurnitureMod
[28Mar2025 18:26:12.371] [main/DEBUG] [net.minecraftforge.fml.javafmlmod.FMLJavaModLanguageProvider/LOADING]: Loading FMLModContainer from classloader cpw.mods.modlauncher.TransformingClassLoader@6975fb1c - got cpw.mods.cl.ModuleClassLoader@6d4a65c6
[28Mar2025 18:26:12.371] [main/DEBUG] [net.minecraftforge.fml.javafmlmod.FMLModContainer/LOADING]: Creating FMLModContainer instance for com.mrcrayfish.framework.FrameworkForge
[28Mar2025 18:26:12.372] [main/DEBUG] [net.minecraftforge.fml.javafmlmod.FMLJavaModLanguageProvider/LOADING]: Loading FMLModContainer from classloader cpw.mods.modlauncher.TransformingClassLoader@6975fb1c - got cpw.mods.cl.ModuleClassLoader@6d4a65c6
[28Mar2025 18:26:12.372] [main/DEBUG] [net.minecraftforge.fml.javafmlmod.FMLModContainer/LOADING]: Creating FMLModContainer instance for tictim.paraglider.forge.ForgeParagliderMod
[28Mar2025 18:26:12.373] [main/DEBUG] [net.minecraftforge.fml.javafmlmod.FMLJavaModLanguageProvider/LOADING]: Loading FMLModContainer from classloader cpw.mods.modlauncher.TransformingClassLoader@6975fb1c - got cpw.mods.cl.ModuleClassLoader@6d4a65c6
[28Mar2025 18:26:12.374] [main/DEBUG] [net.minecraftforge.fml.javafmlmod.FMLModContainer/LOADING]: Creating FMLModContainer instance for net.aurelj.dungeons_arise_seven_seas.DungeonsAriseSevenSeasMain
[28Mar2025 18:26:12.374] [main/DEBUG] [net.minecraftforge.fml.javafmlmod.FMLJavaModLanguageProvider/LOADING]: Loading FMLModContainer from classloader cpw.mods.modlauncher.TransformingClassLoader@6975fb1c - got cpw.mods.cl.ModuleClassLoader@6d4a65c6
[28Mar2025 18:26:12.374] [main/DEBUG] [net.minecraftforge.fml.javafmlmod.FMLModContainer/LOADING]: Creating FMLModContainer instance for me.shedaniel.clothconfig.ClothConfigForge
[28Mar2025 18:26:12.375] [main/DEBUG] [net.minecraftforge.fml.javafmlmod.FMLJavaModLanguageProvider/LOADING]: Loading FMLModContainer from classloader cpw.mods.modlauncher.TransformingClassLoader@6975fb1c - got cpw.mods.cl.ModuleClassLoader@6d4a65c6
[28Mar2025 18:26:12.375] [main/DEBUG] [net.minecraftforge.fml.javafmlmod.FMLModContainer/LOADING]: Creating FMLModContainer instance for net.minecraftforge.common.ForgeMod
[28Mar2025 18:26:12.378] [main/DEBUG] [net.minecraftforge.fml.javafmlmod.FMLJavaModLanguageProvider/LOADING]: Loading FMLModContainer from classloader cpw.mods.modlauncher.TransformingClassLoader@6975fb1c - got cpw.mods.cl.ModuleClassLoader@6d4a65c6
[28Mar2025 18:26:12.378] [main/DEBUG] [net.minecraftforge.fml.javafmlmod.FMLModContainer/LOADING]: Creating FMLModContainer instance for org.violetmoon.zetaimplforge.mod.ZetaModForge
[28Mar2025 18:26:12.379] [main/DEBUG] [net.minecraftforge.fml.javafmlmod.FMLJavaModLanguageProvider/LOADING]: Loading FMLModContainer from classloader cpw.mods.modlauncher.TransformingClassLoader@6975fb1c - got cpw.mods.cl.ModuleClassLoader@6d4a65c6
[28Mar2025 18:26:12.379] [main/DEBUG] [net.minecraftforge.fml.javafmlmod.FMLModContainer/LOADING]: Creating FMLModContainer instance for squeek.appleskin.AppleSkin
[28Mar2025 18:26:12.379] [main/DEBUG] [net.minecraftforge.fml.javafmlmod.FMLJavaModLanguageProvider/LOADING]: Loading FMLModContainer from classloader cpw.mods.modlauncher.TransformingClassLoader@6975fb1c - got cpw.mods.cl.ModuleClassLoader@6d4a65c6
[28Mar2025 18:26:12.380] [main/DEBUG] [net.minecraftforge.fml.javafmlmod.FMLModContainer/LOADING]: Creating FMLModContainer instance for be.florens.expandability.forge.ExpandAbilityForge
[28Mar2025 18:26:12.380] [main/DEBUG] [net.minecraftforge.fml.javafmlmod.FMLJavaModLanguageProvider/LOADING]: Loading FMLModContainer from classloader cpw.mods.modlauncher.TransformingClassLoader@6975fb1c - got cpw.mods.cl.ModuleClassLoader@6d4a65c6
[28Mar2025 18:26:12.380] [main/DEBUG] [net.minecraftforge.fml.javafmlmod.FMLModContainer/LOADING]: Creating FMLModContainer instance for net.mehvahdjukaar.supplementaries.forge.SupplementariesForge
[28Mar2025 18:26:12.458] [modloading-worker-0/DEBUG] [net.minecraftforge.fml.config.ConfigTracker/CONFIG]: Config file repurposed_structures-forge/modded_loot.toml for repurposed_structures tracking
[28Mar2025 18:26:12.592] [modloading-worker-0/DEBUG] [net.minecraftforge.fml.javafmlmod.AutomaticEventSubscriber/LOADING]: Attempting to inject @EventBusSubscriber classes into the eventbus for mcwbridges
[28Mar2025 18:26:12.602] [modloading-worker-0/DEBUG] [net.minecraftforge.fml.javafmlmod.AutomaticEventSubscriber/LOADING]: Auto-subscribing com.mcwbridges.kikoz.MacawsBridges to MOD
[28Mar2025 18:26:12.686] [modloading-worker-0/DEBUG] [net.minecraftforge.fml.javafmlmod.AutomaticEventSubscriber/LOADING]: Attempting to inject @EventBusSubscriber classes into the eventbus for terrablender
[28Mar2025 18:26:12.686] [modloading-worker-0/DEBUG] [net.minecraftforge.fml.javafmlmod.AutomaticEventSubscriber/LOADING]: Auto-subscribing terrablender.handler.InitializationHandler to FORGE
[28Mar2025 18:26:12.698] [modloading-worker-0/DEBUG] [net.minecraftforge.fml.javafmlmod.AutomaticEventSubscriber/LOADING]: Attempting to inject @EventBusSubscriber classes into the eventbus for repurposed_structures
[28Mar2025 18:26:12.698] [modloading-worker-0/DEBUG] [net.minecraftforge.fml.javafmlmod.AutomaticEventSubscriber/LOADING]: Auto-subscribing com.telepathicgrunt.repurposedstructures.datagen.StructureNbtUpdaterDatagen to MOD
[28Mar2025 18:26:12.745] [modloading-worker-0/DEBUG] [net.minecraftforge.fml.config.ConfigTracker/CONFIG]: Config file endertrigon-common.toml for endertrigon tracking
[28Mar2025 18:26:12.745] [modloading-worker-0/DEBUG] [net.minecraftforge.fml.javafmlmod.AutomaticEventSubscriber/LOADING]: Attempting to inject @EventBusSubscriber classes into the eventbus for endertrigon
[28Mar2025 18:26:12.760] [modloading-worker-0/DEBUG] [net.minecraftforge.fml.config.ConfigTracker/CONFIG]: Config file biomesoplenty/generation.toml for biomesoplenty tracking
[28Mar2025 18:26:13.312] [modloading-worker-0/DEBUG] [mixin/]: Mixing MixinLevelEvent from architectury.mixins.json into net.minecraftforge.event.level.LevelEvent
[28Mar2025 18:26:13.313] [modloading-worker-0/DEBUG] [net.minecraftforge.fml.javafmlmod.AutomaticEventSubscriber/LOADING]: Attempting to inject @EventBusSubscriber classes into the eventbus for biomesoplenty
[28Mar2025 18:26:13.314] [modloading-worker-0/DEBUG] [net.minecraftforge.fml.javafmlmod.AutomaticEventSubscriber/LOADING]: Auto-subscribing biomesoplenty.init.ModVillagerTrades to FORGE
[28Mar2025 18:26:13.328] [modloading-worker-0/DEBUG] [net.minecraftforge.fml.javafmlmod.AutomaticEventSubscriber/LOADING]: Auto-subscribing biomesoplenty.common.datagen.DataGenerationHandler to MOD
[28Mar2025 18:26:13.347] [modloading-worker-0/DEBUG] [net.minecraftforge.fml.javafmlmod.AutomaticEventSubscriber/LOADING]: Auto-subscribing biomesoplenty.common.util.biome.BiomeUtil to FORGE
[28Mar2025 18:26:13.355] [modloading-worker-0/DEBUG] [net.minecraftforge.fml.javafmlmod.AutomaticEventSubscriber/LOADING]: Attempting to inject @EventBusSubscriber classes into the eventbus for mixinsquared
[28Mar2025 18:26:13.385] [modloading-worker-0/DEBUG] [mixin/]: Mixing accessor.CriteriaTriggersAccessor from yungsapi.mixins.json into net.minecraft.advancements.CriteriaTriggers
[28Mar2025 18:26:13.389] [modloading-worker-0/DEBUG] [mixin/]: Renaming @Accessor method getValues()Ljava/util/Map; to getValues_$md$536553$0 in yungsapi.mixins.json:accessor.CriteriaTriggersAccessor
[28Mar2025 18:26:13.463] [modloading-worker-0/DEBUG] [net.minecraftforge.fml.javafmlmod.AutomaticEventSubscriber/LOADING]: Attempting to inject @EventBusSubscriber classes into the eventbus for jade
[28Mar2025 18:26:13.521] [modloading-worker-0/DEBUG] [net.minecraftforge.fml.config.ConfigTracker/CONFIG]: Config file amendments-common.toml for amendments tracking
[28Mar2025 18:26:13.602] [modloading-worker-0/DEBUG] [net.minecraftforge.fml.config.ConfigTracker/CONFIG]: Config file moonlight-common.toml for moonlight tracking
[28Mar2025 18:26:13.713] [modloading-worker-0/DEBUG] [mixin/]: Mixing ConditionHackMixin from moonlight.mixins.json into net.minecraft.server.packs.resources.SimplePreparableReloadListener
[28Mar2025 18:26:13.773] [modloading-worker-0/DEBUG] [net.minecraftforge.fml.javafmlmod.AutomaticEventSubscriber/LOADING]: Attempting to inject @EventBusSubscriber classes into the eventbus for amendments
[28Mar2025 18:26:13.774] [modloading-worker-0/DEBUG] [net.minecraftforge.fml.javafmlmod.AutomaticEventSubscriber/LOADING]: Auto-subscribing net.mehvahdjukaar.amendments.forge.RemapHandler to FORGE
[28Mar2025 18:26:13.778] [modloading-worker-0/DEBUG] [mixin/]: Mixing camera.PlayerListMixin from securitycraft.mixins.json into net.minecraft.server.players.PlayerList
[28Mar2025 18:26:13.796] [modloading-worker-0/DEBUG] [net.minecraftforge.fml.javafmlmod.AutomaticEventSubscriber/LOADING]: Attempting to inject @EventBusSubscriber classes into the eventbus for additionalentityattributes
[28Mar2025 18:26:13.826] [modloading-worker-0/DEBUG] [net.minecraftforge.fml.javafmlmod.AutomaticEventSubscriber/LOADING]: Attempting to inject @EventBusSubscriber classes into the eventbus for moonlight
[28Mar2025 18:26:13.831] [modloading-worker-0/DEBUG] [net.minecraftforge.fml.config.ConfigTracker/CONFIG]: Config file jei-server.toml for jei tracking
[28Mar2025 18:26:13.837] [modloading-worker-0/DEBUG] [net.minecraftforge.fml.javafmlmod.AutomaticEventSubscriber/LOADING]: Attempting to inject @EventBusSubscriber classes into the eventbus for geckolib
[28Mar2025 18:26:13.843] [modloading-worker-0/DEBUG] [net.minecraftforge.fml.javafmlmod.AutomaticEventSubscriber/LOADING]: Auto-subscribing software.bernie.example.GeckoLibMod to FORGE
[28Mar2025 18:26:13.843] [modloading-worker-0/DEBUG] [net.minecraftforge.fml.javafmlmod.AutomaticEventSubscriber/LOADING]: Auto-subscribing software.bernie.example.CommonListener to MOD
[28Mar2025 18:26:13.853] [modloading-worker-0/DEBUG] [net.minecraftforge.fml.javafmlmod.AutomaticEventSubscriber/LOADING]: Attempting to inject @EventBusSubscriber classes into the eventbus for jei
[28Mar2025 18:26:13.871] [modloading-worker-0/INFO] [Calio/]: Calio 1.20.1-1.11.0.5 initializing...
[28Mar2025 18:26:13.898] [modloading-worker-0/DEBUG] [net.minecraftforge.fml.config.ConfigTracker/CONFIG]: Config file calio-common.toml for calio tracking
[28Mar2025 18:26:13.898] [modloading-worker-0/INFO] [com.jtorleonstudios.libraryferret.LibraryFerret/]: Initialize mod Library Ferret
[28Mar2025 18:26:13.901] [modloading-worker-0/DEBUG] [net.minecraftforge.fml.javafmlmod.AutomaticEventSubscriber/LOADING]: Attempting to inject @EventBusSubscriber classes into the eventbus for calio
[28Mar2025 18:26:13.901] [modloading-worker-0/DEBUG] [net.minecraftforge.fml.javafmlmod.AutomaticEventSubscriber/LOADING]: Auto-subscribing io.github.edwinmindcraft.calio.common.CalioEventHandler to FORGE
[28Mar2025 18:26:13.930] [modloading-worker-0/INFO] [com.jtorleonstudios.libraryferret.LibraryFerret/]: Initialized mod Library Ferret
[28Mar2025 18:26:13.933] [modloading-worker-0/DEBUG] [net.minecraftforge.fml.javafmlmod.AutomaticEventSubscriber/LOADING]: Attempting to inject @EventBusSubscriber classes into the eventbus for libraryferret
[28Mar2025 18:26:13.933] [modloading-worker-0/DEBUG] [net.minecraftforge.fml.javafmlmod.AutomaticEventSubscriber/LOADING]: Auto-subscribing com.jtorleonstudios.libraryferret.CommonEvent to FORGE
[28Mar2025 18:26:13.937] [modloading-worker-0/DEBUG] [mixin/]: Mixing forge.CaelusMixin from apoli.mixins.json into top.theillusivec4.caelus.common.CaelusApiImpl
[28Mar2025 18:26:13.944] [modloading-worker-0/DEBUG] [mixin/]: Mixing MixinCaelusApi from caelus.mixins.json into top.theillusivec4.caelus.api.CaelusApi
[28Mar2025 18:26:13.954] [modloading-worker-0/DEBUG] [net.minecraftforge.fml.javafmlmod.AutomaticEventSubscriber/LOADING]: Attempting to inject @EventBusSubscriber classes into the eventbus for caelus
[28Mar2025 18:26:13.961] [modloading-worker-0/DEBUG] [net.minecraftforge.fml.config.ConfigTracker/CONFIG]: Config file apoli-common.toml for apoli tracking
[28Mar2025 18:26:13.961] [modloading-worker-0/DEBUG] [net.minecraftforge.fml.config.ConfigTracker/CONFIG]: Config file apoli-client.toml for apoli tracking
[28Mar2025 18:26:13.961] [modloading-worker-0/DEBUG] [net.minecraftforge.fml.config.ConfigTracker/CONFIG]: Config file apoli-server.toml for apoli tracking
[28Mar2025 18:26:13.976] [modloading-worker-0/DEBUG] [ribbits/]: Loaded com.yungnickyoung.minecraft.ribbits.services.ForgePlatformHelper@49d495e1 for service interface com.yungnickyoung.minecraft.ribbits.services.IPlatformHelper
[28Mar2025 18:26:13.977] [modloading-worker-0/DEBUG] [ribbits/]: Loaded com.yungnickyoung.minecraft.ribbits.services.ForgeModulesLoader@4a467852 for service interface com.yungnickyoung.minecraft.ribbits.services.IModulesLoader
[28Mar2025 18:26:13.980] [modloading-worker-0/DEBUG] [ribbits/]: Loaded com.yungnickyoung.minecraft.ribbits.services.ForgeSupporterHelper@2e6541 for service interface com.yungnickyoung.minecraft.ribbits.services.ISupporterHelper
[28Mar2025 18:26:13.984] [modloading-worker-0/DEBUG] [net.minecraftforge.fml.config.ConfigTracker/CONFIG]: Config file ribbits-forge-1_20_1.toml for ribbits tracking
[28Mar2025 18:26:13.993] [modloading-worker-0/DEBUG] [net.minecraftforge.fml.javafmlmod.AutomaticEventSubscriber/LOADING]: Attempting to inject @EventBusSubscriber classes into the eventbus for ribbits
[28Mar2025 18:26:14.015] [modloading-worker-0/DEBUG] [net.minecraftforge.fml.config.ConfigTracker/CONFIG]: Config file curios-client.toml for curios tracking
[28Mar2025 18:26:14.024] [modloading-worker-0/DEBUG] [net.minecraftforge.fml.config.ConfigTracker/CONFIG]: Config file curios-common.toml for curios tracking
[28Mar2025 18:26:14.024] [modloading-worker-0/DEBUG] [net.minecraftforge.fml.config.ConfigTracker/CONFIG]: Config file curios-server.toml for curios tracking
[28Mar2025 18:26:14.026] [modloading-worker-0/DEBUG] [net.minecraftforge.fml.javafmlmod.AutomaticEventSubscriber/LOADING]: Attempting to inject @EventBusSubscriber classes into the eventbus for curios
[28Mar2025 18:26:14.031] [modloading-worker-0/INFO] [io.github.apace100.origins.Origins/]: Origins 1.20.1-1.10.0.9 is initializing. Have fun!
[28Mar2025 18:26:14.040] [modloading-worker-0/DEBUG] [net.minecraftforge.fml.config.ConfigTracker/CONFIG]: Config file origins-common.toml for origins tracking
[28Mar2025 18:26:14.042] [modloading-worker-0/DEBUG] [net.minecraftforge.fml.ModLoadingContext/]: Attempted to register an empty config for type CLIENT on mod origins
[28Mar2025 18:26:14.042] [modloading-worker-0/DEBUG] [net.minecraftforge.fml.ModLoadingContext/]: Attempted to register an empty config for type SERVER on mod origins
[28Mar2025 18:26:14.142] [modloading-worker-0/DEBUG] [mixin/]: Mixing forge.ModifyPlayerSpawnPowerMixin from origins.mixins.json into io.github.edwinmindcraft.apoli.common.power.ModifyPlayerSpawnPower
[28Mar2025 18:26:14.376] [modloading-worker-0/DEBUG] [net.minecraftforge.fml.javafmlmod.AutomaticEventSubscriber/LOADING]: Attempting to inject @EventBusSubscriber classes into the eventbus for origins
[28Mar2025 18:26:14.380] [modloading-worker-0/DEBUG] [net.minecraftforge.fml.javafmlmod.AutomaticEventSubscriber/LOADING]: Auto-subscribing io.github.edwinmindcraft.origins.common.OriginsEventHandler to FORGE
[28Mar2025 18:26:14.393] [modloading-worker-0/DEBUG] [mixin/]: Mixing DamageSourceMixin from apoli.mixins.json into net.minecraft.world.damagesource.DamageSource
[28Mar2025 18:26:14.418] [modloading-worker-0/DEBUG] [mixin/]: Mixing accessor.BrainAccessor from moonlight-common.mixins.json into net.minecraft.world.entity.ai.Brain
[28Mar2025 18:26:14.461] [modloading-worker-0/DEBUG] [mixin/]: Mixing forge.EntityAttributeInstanceMixin from apoli.mixins.json into net.minecraft.world.entity.ai.attributes.AttributeInstance
[28Mar2025 18:26:14.541] [modloading-worker-0/DEBUG] [net.minecraftforge.fml.config.ConfigTracker/CONFIG]: Config file journeymap-server.toml for journeymap tracking
[28Mar2025 18:26:14.548] [modloading-worker-0/DEBUG] [net.minecraftforge.fml.javafmlmod.AutomaticEventSubscriber/LOADING]: Attempting to inject @EventBusSubscriber classes into the eventbus for journeymap
[28Mar2025 18:26:14.557] [modloading-worker-0/DEBUG] [net.minecraftforge.fml.javafmlmod.AutomaticEventSubscriber/LOADING]: Auto-subscribing journeymap.common.config.forge.ForgeConfig to MOD
[28Mar2025 18:26:14.558] [modloading-worker-0/DEBUG] [net.minecraftforge.fml.javafmlmod.AutomaticEventSubscriber/LOADING]: Auto-subscribing journeymap.common.Journeymap to FORGE
[28Mar2025 18:26:14.612] [modloading-worker-0/DEBUG] [net.minecraftforge.fml.config.ConfigTracker/CONFIG]: Config file citadel-common.toml for citadel tracking
[28Mar2025 18:26:14.623] [modloading-worker-0/DEBUG] [net.minecraftforge.fml.javafmlmod.AutomaticEventSubscriber/LOADING]: Attempting to inject @EventBusSubscriber classes into the eventbus for citadel
[28Mar2025 18:26:14.627] [modloading-worker-0/DEBUG] [net.minecraftforge.fml.javafmlmod.AutomaticEventSubscriber/LOADING]: Auto-subscribing com.github.alexthe666.citadel.ServerProxy to MOD
[28Mar2025 18:26:15.253] [modloading-worker-0/INFO] [io.github.apace100.apoli.Apoli/]: Apoli 1.20.1-2.9.0.8 has initialized. Ready to power up your game!
[28Mar2025 18:26:15.255] [modloading-worker-0/DEBUG] [net.minecraftforge.fml.javafmlmod.AutomaticEventSubscriber/LOADING]: Attempting to inject @EventBusSubscriber classes into the eventbus for apoli
[28Mar2025 18:26:15.257] [modloading-worker-0/DEBUG] [net.minecraftforge.fml.javafmlmod.AutomaticEventSubscriber/LOADING]: Auto-subscribing io.github.edwinmindcraft.apoli.common.ApoliPowerEventHandler to FORGE
[28Mar2025 18:26:15.408] [modloading-worker-0/DEBUG] [net.minecraftforge.fml.javafmlmod.AutomaticEventSubscriber/LOADING]: Auto-subscribing io.github.edwinmindcraft.apoli.common.ApoliEventHandler to FORGE
[28Mar2025 18:26:15.473] [modloading-worker-0/DEBUG] [mixin/]: Mixing gamerule.BooleanValueInvoker from mixins.artifacts.common.json into net.minecraft.world.level.GameRules$BooleanValue
[28Mar2025 18:26:15.473] [modloading-worker-0/DEBUG] [mixin/]: Renaming @Invoker method invokeCreate(ZLjava/util/function/BiConsumer;)Lnet/minecraft/world/level/GameRules$Type; to invokeCreate_$md$536553$0 in mixins.artifacts.common.json:gamerule.BooleanValueInvoker
[28Mar2025 18:26:15.500] [modloading-worker-0/DEBUG] [mixin/]: Mixing gamerule.IntegerValueInvoker from mixins.artifacts.common.json into net.minecraft.world.level.GameRules$IntegerValue
[28Mar2025 18:26:15.503] [modloading-worker-0/DEBUG] [mixin/]: Renaming @Invoker method invokeCreate(ILjava/util/function/BiConsumer;)Lnet/minecraft/world/level/GameRules$Type; to invokeCreate_$md$536553$0 in mixins.artifacts.common.json:gamerule.IntegerValueInvoker
[28Mar2025 18:26:15.536] [modloading-worker-0/DEBUG] [net.minecraftforge.fml.config.ConfigTracker/CONFIG]: Config file securitycraft-client.toml for securitycraft tracking
[28Mar2025 18:26:15.536] [modloading-worker-0/DEBUG] [net.minecraftforge.fml.config.ConfigTracker/CONFIG]: Config file securitycraft-server.toml for securitycraft tracking
[28Mar2025 18:26:15.652] [modloading-worker-0/DEBUG] [net.minecraftforge.fml.config.ConfigTracker/CONFIG]: Config file alexsmobs.toml for alexsmobs tracking
[28Mar2025 18:26:15.800] [modloading-worker-0/DEBUG] [net.minecraftforge.fml.javafmlmod.AutomaticEventSubscriber/LOADING]: Attempting to inject @EventBusSubscriber classes into the eventbus for alexsmobs
[28Mar2025 18:26:15.800] [modloading-worker-0/DEBUG] [net.minecraftforge.fml.javafmlmod.AutomaticEventSubscriber/LOADING]: Auto-subscribing com.github.alexthe666.alexsmobs.world.AMWorldRegistry to MOD
[28Mar2025 18:26:15.814] [modloading-worker-0/DEBUG] [net.minecraftforge.fml.javafmlmod.AutomaticEventSubscriber/LOADING]: Auto-subscribing com.github.alexthe666.alexsmobs.tileentity.AMTileEntityRegistry to MOD
[28Mar2025 18:26:15.814] [modloading-worker-0/DEBUG] [net.minecraftforge.fml.javafmlmod.AutomaticEventSubscriber/LOADING]: Auto-subscribing com.github.alexthe666.alexsmobs.event.ServerEvents to FORGE
[28Mar2025 18:26:15.821] [modloading-worker-0/DEBUG] [net.minecraftforge.fml.javafmlmod.AutomaticEventSubscriber/LOADING]: Auto-subscribing com.github.alexthe666.alexsmobs.entity.AMEntityRegistry to MOD
[28Mar2025 18:26:15.826] [modloading-worker-0/DEBUG] [net.minecraftforge.fml.javafmlmod.AutomaticEventSubscriber/LOADING]: Auto-subscribing com.github.alexthe666.alexsmobs.CommonProxy to MOD
[28Mar2025 18:26:15.827] [modloading-worker-0/DEBUG] [net.minecraftforge.fml.javafmlmod.AutomaticEventSubscriber/LOADING]: Auto-subscribing com.github.alexthe666.alexsmobs.AlexsMobs to FORGE
[28Mar2025 18:26:15.902] [modloading-worker-0/DEBUG] [net.minecraftforge.fml.config.ConfigTracker/CONFIG]: Config file travelersbackpack-common.toml for travelersbackpack tracking
[28Mar2025 18:26:15.904] [modloading-worker-0/DEBUG] [net.minecraftforge.fml.config.ConfigTracker/CONFIG]: Config file travelersbackpack-client.toml for travelersbackpack tracking
[28Mar2025 18:26:16.012] [modloading-worker-0/DEBUG] [net.minecraftforge.fml.javafmlmod.AutomaticEventSubscriber/LOADING]: Attempting to inject @EventBusSubscriber classes into the eventbus for travelersbackpack
[28Mar2025 18:26:16.018] [modloading-worker-0/DEBUG] [net.minecraftforge.fml.javafmlmod.AutomaticEventSubscriber/LOADING]: Auto-subscribing com.tiviacz.travelersbackpack.handlers.ModEventHandler to MOD
[28Mar2025 18:26:16.022] [modloading-worker-0/DEBUG] [net.minecraftforge.fml.javafmlmod.AutomaticEventSubscriber/LOADING]: Auto-subscribing com.tiviacz.travelersbackpack.handlers.ForgeEventHandler to FORGE
[28Mar2025 18:26:16.051] [modloading-worker-0/DEBUG] [mixin/]: Mixing ExplosionMixin from supplementaries-common.mixins.json into net.minecraft.world.level.Explosion
[28Mar2025 18:26:16.292] [modloading-worker-0/INFO] [dev.architectury.networking.forge.NetworkManagerImpl/]: Registering C2S receiver with id architectury:sync_ids
[28Mar2025 18:26:16.298] [modloading-worker-0/INFO] [dev.architectury.networking.forge.NetworkManagerImpl/]: Registering C2S receiver with id artifacts:networking_channel/42a7ad70b1cc371599a0eff744096b8a
[28Mar2025 18:26:16.313] [modloading-worker-0/INFO] [dev.architectury.networking.forge.NetworkManagerImpl/]: Registering C2S receiver with id artifacts:networking_channel/74a5e841822a3a87854ae896a33430d6
[28Mar2025 18:26:16.319] [modloading-worker-0/INFO] [dev.architectury.networking.forge.NetworkManagerImpl/]: Registering C2S receiver with id artifacts:networking_channel/eb3d1e2748533430848cadf0f37c7e9c
[28Mar2025 18:26:16.321] [modloading-worker-0/INFO] [dev.architectury.networking.forge.NetworkManagerImpl/]: Registering C2S receiver with id artifacts:networking_channel/91c8520f19f93b3e8b6a727568e194ab
[28Mar2025 18:26:16.336] [modloading-worker-0/INFO] [dev.architectury.networking.forge.NetworkManagerImpl/]: Registering C2S receiver with id artifacts:networking_channel/8c2784d778293fd482ed84b8aa5fedb9
[28Mar2025 18:26:16.340] [modloading-worker-0/INFO] [dev.architectury.networking.forge.NetworkManagerImpl/]: Registering C2S receiver with id artifacts:networking_channel/ea038224ea783d40b2863f52239e2604
[28Mar2025 18:26:16.348] [modloading-worker-0/INFO] [dev.architectury.networking.forge.NetworkManagerImpl/]: Registering C2S receiver with id artifacts:networking_channel/97ad64b7ecaf33209991c4f031501a58
[28Mar2025 18:26:16.402] [modloading-worker-0/DEBUG] [net.minecraftforge.fml.javafmlmod.AutomaticEventSubscriber/LOADING]: Attempting to inject @EventBusSubscriber classes into the eventbus for securitycraft
[28Mar2025 18:26:16.402] [modloading-worker-0/DEBUG] [net.minecraftforge.fml.javafmlmod.AutomaticEventSubscriber/LOADING]: Auto-subscribing net.geforcemods.securitycraft.api.SecurityCraftAPI to MOD
[28Mar2025 18:26:16.405] [modloading-worker-0/DEBUG] [net.minecraftforge.fml.javafmlmod.AutomaticEventSubscriber/LOADING]: Auto-subscribing net.geforcemods.securitycraft.SecurityCraft to MOD
[28Mar2025 18:26:16.406] [modloading-worker-0/DEBUG] [net.minecraftforge.fml.javafmlmod.AutomaticEventSubscriber/LOADING]: Auto-subscribing net.geforcemods.securitycraft.SCEventHandler to FORGE
[28Mar2025 18:26:16.411] [modloading-worker-0/DEBUG] [mixin/]: Mixing item.wearable.WearableArtifactItemMixin from mixins.artifacts.forge.json into artifacts.item.wearable.WearableArtifactItem
[28Mar2025 18:26:16.444] [modloading-worker-0/DEBUG] [mixin/]: Mixing item.umbrella.UmbrellaItemMixin from mixins.artifacts.forge.json into artifacts.item.UmbrellaItem
[28Mar2025 18:26:16.484] [modloading-worker-0/DEBUG] [net.minecraftforge.fml.javafmlmod.AutomaticEventSubscriber/LOADING]: Auto-subscribing net.geforcemods.securitycraft.RegistrationHandler to MOD
[28Mar2025 18:26:16.496] [modloading-worker-0/DEBUG] [net.minecraftforge.fml.javafmlmod.AutomaticEventSubscriber/LOADING]: Auto-subscribing net.geforcemods.securitycraft.ConfigHandler to MOD
[28Mar2025 18:26:16.707] [modloading-worker-0/DEBUG] [net.minecraftforge.fml.javafmlmod.AutomaticEventSubscriber/LOADING]: Attempting to inject @EventBusSubscriber classes into the eventbus for artifacts
[28Mar2025 18:26:16.718] [modloading-worker-0/DEBUG] [net.minecraftforge.fml.javafmlmod.AutomaticEventSubscriber/LOADING]: Attempting to inject @EventBusSubscriber classes into the eventbus for bettervillage
[28Mar2025 18:26:16.727] [modloading-worker-0/DEBUG] [net.minecraftforge.fml.config.ConfigTracker/CONFIG]: Config file crackerslib-client.toml for crackerslib tracking
[28Mar2025 18:26:16.734] [modloading-worker-0/DEBUG] [net.minecraftforge.fml.javafmlmod.AutomaticEventSubscriber/LOADING]: Attempting to inject @EventBusSubscriber classes into the eventbus for crackerslib
[28Mar2025 18:26:16.735] [modloading-worker-0/DEBUG] [net.minecraftforge.fml.javafmlmod.AutomaticEventSubscriber/LOADING]: Attempting to inject @EventBusSubscriber classes into the eventbus for mixinextras
[28Mar2025 18:26:16.794] [modloading-worker-0/DEBUG] [net.minecraftforge.fml.javafmlmod.AutomaticEventSubscriber/LOADING]: Attempting to inject @EventBusSubscriber classes into the eventbus for yungsapi
[28Mar2025 18:26:16.794] [modloading-worker-0/INFO] [Dungeon Crawl/]: Here we go! Launching Dungeon Crawl 2.3.15...
[28Mar2025 18:26:16.797] [modloading-worker-0/DEBUG] [net.minecraftforge.fml.javafmlmod.AutomaticEventSubscriber/LOADING]: Attempting to inject @EventBusSubscriber classes into the eventbus for dungeoncrawl
[28Mar2025 18:26:16.819] [modloading-worker-0/DEBUG] [net.minecraftforge.fml.config.ConfigTracker/CONFIG]: Config file cave_dweller-server.toml for cave_dweller tracking
[28Mar2025 18:26:16.822] [modloading-worker-0/DEBUG] [net.minecraftforge.fml.javafmlmod.AutomaticEventSubscriber/LOADING]: Attempting to inject @EventBusSubscriber classes into the eventbus for cave_dweller
[28Mar2025 18:26:16.822] [modloading-worker-0/DEBUG] [net.minecraftforge.fml.javafmlmod.AutomaticEventSubscriber/LOADING]: Auto-subscribing de.cadentem.cave_dweller.events.ModEvents to MOD
[28Mar2025 18:26:16.826] [modloading-worker-0/DEBUG] [net.minecraftforge.fml.javafmlmod.AutomaticEventSubscriber/LOADING]: Auto-subscribing de.cadentem.cave_dweller.events.ForgeEvents to FORGE
[28Mar2025 18:26:16.836] [modloading-worker-0/DEBUG] [net.minecraftforge.fml.javafmlmod.AutomaticEventSubscriber/LOADING]: Auto-subscribing de.cadentem.cave_dweller.datagen.DataGen to MOD
[28Mar2025 18:26:16.847] [modloading-worker-0/DEBUG] [net.minecraftforge.fml.config.ConfigTracker/CONFIG]: Config file tombstone-client.toml for tombstone tracking
[28Mar2025 18:26:16.849] [modloading-worker-0/DEBUG] [net.minecraftforge.fml.config.ConfigTracker/CONFIG]: Config file tombstone-common.toml for tombstone tracking
[28Mar2025 18:26:16.881] [modloading-worker-0/DEBUG] [net.minecraftforge.fml.config.ConfigTracker/CONFIG]: Config file tombstone-server.toml for tombstone tracking
[28Mar2025 18:26:16.887] [modloading-worker-0/DEBUG] [net.minecraftforge.fml.javafmlmod.AutomaticEventSubscriber/LOADING]: Attempting to inject @EventBusSubscriber classes into the eventbus for tombstone
[28Mar2025 18:26:16.888] [modloading-worker-0/DEBUG] [net.minecraftforge.fml.javafmlmod.AutomaticEventSubscriber/LOADING]: Auto-subscribing ovh.corail.tombstone.registry.Registration to MOD
[28Mar2025 18:26:16.892] [modloading-worker-0/DEBUG] [net.minecraftforge.fml.javafmlmod.AutomaticEventSubscriber/LOADING]: Auto-subscribing ovh.corail.tombstone.perk.PerkRegistry to MOD
[28Mar2025 18:26:16.893] [modloading-worker-0/DEBUG] [net.minecraftforge.fml.javafmlmod.AutomaticEventSubscriber/LOADING]: Auto-subscribing ovh.corail.tombstone.helper.LootHelper to FORGE
[28Mar2025 18:26:16.903] [modloading-worker-0/DEBUG] [mixin/]: Mixing LootTableMixin from apoli.mixins.json into net.minecraft.world.level.storage.loot.LootTable
[28Mar2025 18:26:16.906] [modloading-worker-0/DEBUG] [mixin/]: Renaming synthetic method lambda$modifyLootTable$1(Lnet/minecraft/world/level/storage/loot/LootContext;Lnet/minecraft/world/entity/Entity;Lio/github/edwinmindcraft/apoli/common/power/configuration/ReplaceLootTableConfiguration;)Z to md536553$lambda$modifyLootTable$1$0 in apoli.mixins.json:LootTableMixin
[28Mar2025 18:26:16.906] [modloading-worker-0/DEBUG] [mixin/]: Renaming synthetic method lambda$modifyLootTable$0(Lnet/minecraft/core/Holder;)Lio/github/edwinmindcraft/apoli/common/power/configuration/ReplaceLootTableConfiguration; to md536553$lambda$modifyLootTable$0$1 in apoli.mixins.json:LootTableMixin
[28Mar2025 18:26:16.925] [modloading-worker-0/DEBUG] [mixin/]: Mixing AccessorLootTable from zeta.mixins.json into net.minecraft.world.level.storage.loot.LootTable
[28Mar2025 18:26:16.990] [modloading-worker-0/DEBUG] [net.minecraftforge.fml.javafmlmod.AutomaticEventSubscriber/LOADING]: Attempting to inject @EventBusSubscriber classes into the eventbus for architectury
[28Mar2025 18:26:16.992] [modloading-worker-0/DEBUG] [net.minecraftforge.fml.javafmlmod.AutomaticEventSubscriber/LOADING]: Auto-subscribing dev.architectury.registry.level.entity.trade.forge.TradeRegistryImpl to FORGE
[28Mar2025 18:26:16.996] [modloading-worker-0/DEBUG] [net.minecraftforge.fml.javafmlmod.AutomaticEventSubscriber/LOADING]: Auto-subscribing dev.architectury.registry.forge.ReloadListenerRegistryImpl to FORGE
[28Mar2025 18:26:17.001] [modloading-worker-0/DEBUG] [net.minecraftforge.fml.javafmlmod.AutomaticEventSubscriber/LOADING]: Auto-subscribing dev.architectury.networking.forge.NetworkManagerImpl to FORGE
[28Mar2025 18:26:17.026] [modloading-worker-0/DEBUG] [net.minecraftforge.fml.javafmlmod.AutomaticEventSubscriber/LOADING]: Attempting to inject @EventBusSubscriber classes into the eventbus for refurbished_furniture
[28Mar2025 18:26:17.028] [modloading-worker-0/DEBUG] [net.minecraftforge.fml.javafmlmod.AutomaticEventSubscriber/LOADING]: Auto-subscribing com.mrcrayfish.furniture.refurbished.ForgeEvents to FORGE
[28Mar2025 18:26:17.031] [modloading-worker-0/DEBUG] [net.minecraftforge.fml.javafmlmod.AutomaticEventSubscriber/LOADING]: Auto-subscribing ovh.corail.tombstone.event.EventHandler to FORGE
[28Mar2025 18:26:17.063] [modloading-worker-0/DEBUG] [Framework/]: Loaded com.mrcrayfish.framework.platform.ForgePlatformHelper@478e2699 for service interface com.mrcrayfish.framework.platform.services.IPlatformHelper
[28Mar2025 18:26:17.076] [modloading-worker-0/DEBUG] [Framework/]: Loaded com.mrcrayfish.framework.platform.ForgeNetworkHelper@2cba8997 for service interface com.mrcrayfish.framework.platform.services.INetworkHelper
[28Mar2025 18:26:17.078] [modloading-worker-0/DEBUG] [Framework/]: Loaded com.mrcrayfish.framework.platform.ForgeRegistrationHelper@125274f for service interface com.mrcrayfish.framework.platform.services.IRegistrationHelper
[28Mar2025 18:26:17.084] [modloading-worker-0/DEBUG] [Framework/]: Loaded com.mrcrayfish.framework.platform.ForgeEntityHelper@36f372a for service interface com.mrcrayfish.framework.platform.services.IEntityHelper
[28Mar2025 18:26:17.085] [modloading-worker-0/DEBUG] [Framework/]: Loaded com.mrcrayfish.framework.platform.ForgeItemHelper@39f89758 for service interface com.mrcrayfish.framework.platform.services.IItemHelper
[28Mar2025 18:26:17.090] [modloading-worker-0/DEBUG] [Framework/]: Loaded com.mrcrayfish.framework.platform.ForgeConfigHelper@5b07b178 for service interface com.mrcrayfish.framework.platform.services.IConfigHelper
[28Mar2025 18:26:17.150] [modloading-worker-0/DEBUG] [net.minecraftforge.fml.javafmlmod.AutomaticEventSubscriber/LOADING]: Auto-subscribing ovh.corail.tombstone.config.ConfigTombstone$ConfigEvent to MOD
[28Mar2025 18:26:17.235] [modloading-worker-0/DEBUG] [MrCrayfish's Furniture Mod: Refurbished/]: Loaded com.mrcrayfish.furniture.refurbished.platform.ForgePlatformHelper@4f7c3883 for service interface com.mrcrayfish.furniture.refurbished.platform.services.IPlatformHelper
[28Mar2025 18:26:17.244] [modloading-worker-0/DEBUG] [Paraglider/]: Loaded plugin class tictim.paraglider.plugin.ParagliderDefaultPlugin associated with mod paraglider
[28Mar2025 18:26:17.245] [modloading-worker-0/DEBUG] [Paraglider/]: Loaded 1 plugins total
[28Mar2025 18:26:17.250] [modloading-worker-0/DEBUG] [MrCrayfish's Furniture Mod: Refurbished/]: Loaded com.mrcrayfish.furniture.refurbished.platform.ForgeBlockHelper@6f20b868 for service interface com.mrcrayfish.furniture.refurbished.platform.services.IBlockHelper
[28Mar2025 18:26:17.301] [modloading-worker-0/DEBUG] [MrCrayfish's Furniture Mod: Refurbished/]: Loaded com.mrcrayfish.furniture.refurbished.platform.ForgeBlockEntityHelper@2b8e8ee8 for service interface com.mrcrayfish.furniture.refurbished.platform.services.IBlockEntityHelper
[28Mar2025 18:26:17.302] [modloading-worker-0/DEBUG] [MrCrayfish's Furniture Mod: Refurbished/]: Loaded com.mrcrayfish.furniture.refurbished.platform.ForgeItemHelper@5b51efc3 for service interface com.mrcrayfish.furniture.refurbished.platform.services.IItemHelper
[28Mar2025 18:26:17.303] [modloading-worker-0/DEBUG] [MrCrayfish's Furniture Mod: Refurbished/]: Loaded com.mrcrayfish.furniture.refurbished.platform.ForgeEntityHelper@7232ece0 for service interface com.mrcrayfish.furniture.refurbished.platform.services.IEntityHelper
[28Mar2025 18:26:17.306] [modloading-worker-0/DEBUG] [MrCrayfish's Furniture Mod: Refurbished/]: Loaded com.mrcrayfish.furniture.refurbished.platform.ForgeRecipeHelper@523f9285 for service interface com.mrcrayfish.furniture.refurbished.platform.services.IRecipeHelper
[28Mar2025 18:26:17.312] [modloading-worker-0/DEBUG] [MrCrayfish's Furniture Mod: Refurbished/]: Loaded com.mrcrayfish.furniture.refurbished.platform.ForgeFluidHelper@5fbb43ce for service interface com.mrcrayfish.furniture.refurbished.platform.services.IFluidHelper
[28Mar2025 18:26:17.315] [modloading-worker-0/DEBUG] [MrCrayfish's Furniture Mod: Refurbished/]: Loaded com.mrcrayfish.furniture.refurbished.platform.ForgeTagHelper@51bd66d4 for service interface com.mrcrayfish.furniture.refurbished.platform.services.ITagHelper
[28Mar2025 18:26:17.341] [modloading-worker-0/DEBUG] [MrCrayfish's Furniture Mod: Refurbished/]: Loaded com.mrcrayfish.furniture.refurbished.platform.ForgeMenuHelper@4284ee30 for service interface com.mrcrayfish.furniture.refurbished.platform.services.IMenuHelper
[28Mar2025 18:26:17.374] [modloading-worker-0/DEBUG] [net.minecraftforge.fml.config.ConfigTracker/CONFIG]: Config file paraglider-player-states.toml for paraglider tracking
[28Mar2025 18:26:17.464] [modloading-worker-0/DEBUG] [net.minecraftforge.fml.config.ConfigTracker/CONFIG]: Config file paraglider-common.toml for paraglider tracking
[28Mar2025 18:26:17.548] [modloading-worker-0/DEBUG] [net.minecraftforge.fml.config.ConfigTracker/CONFIG]: Config file paraglider-server.toml for paraglider tracking
[28Mar2025 18:26:17.566] [modloading-worker-0/DEBUG] [net.minecraftforge.fml.javafmlmod.AutomaticEventSubscriber/LOADING]: Attempting to inject @EventBusSubscriber classes into the eventbus for paraglider
[28Mar2025 18:26:17.567] [modloading-worker-0/DEBUG] [net.minecraftforge.fml.javafmlmod.AutomaticEventSubscriber/LOADING]: Auto-subscribing tictim.paraglider.forge.contents.ForgeBargainTypeRegistry to MOD
[28Mar2025 18:26:17.574] [modloading-worker-0/DEBUG] [net.minecraftforge.fml.javafmlmod.AutomaticEventSubscriber/LOADING]: Auto-subscribing tictim.paraglider.forge.event.ParagliderEventHandler to FORGE
[28Mar2025 18:26:17.590] [modloading-worker-0/DEBUG] [net.minecraftforge.fml.javafmlmod.AutomaticEventSubscriber/LOADING]: Auto-subscribing tictim.paraglider.forge.event.WindEventHandler to FORGE
[28Mar2025 18:26:17.608] [modloading-worker-0/DEBUG] [net.minecraftforge.fml.javafmlmod.AutomaticEventSubscriber/LOADING]: Attempting to inject @EventBusSubscriber classes into the eventbus for dungeons_arise_seven_seas
[28Mar2025 18:26:17.610] [modloading-worker-0/DEBUG] [net.minecraftforge.fml.javafmlmod.AutomaticEventSubscriber/LOADING]: Attempting to inject @EventBusSubscriber classes into the eventbus for cloth_config
[28Mar2025 18:26:17.616] [modloading-worker-0/DEBUG] [net.minecraftforge.versions.forge.ForgeVersion/CORE]: Forge Version package package net.minecraftforge.versions.forge, Forge, version 47.3 from cpw.mods.modlauncher.TransformingClassLoader@6975fb1c
[28Mar2025 18:26:17.616] [modloading-worker-0/DEBUG] [net.minecraftforge.versions.forge.ForgeVersion/CORE]: Found Forge version 47.3.7
[28Mar2025 18:26:17.616] [modloading-worker-0/DEBUG] [net.minecraftforge.versions.forge.ForgeVersion/CORE]: Found Forge spec 47.3
[28Mar2025 18:26:17.616] [modloading-worker-0/DEBUG] [net.minecraftforge.versions.forge.ForgeVersion/CORE]: Found Forge group net.minecraftforge
[28Mar2025 18:26:17.617] [modloading-worker-0/DEBUG] [net.minecraftforge.versions.mcp.MCPVersion/CORE]: MCP Version package package net.minecraftforge.versions.mcp, Minecraft, version 1.20.1 from cpw.mods.modlauncher.TransformingClassLoader@6975fb1c
[28Mar2025 18:26:17.617] [modloading-worker-0/DEBUG] [net.minecraftforge.versions.mcp.MCPVersion/CORE]: Found MC version information 1.20.1
[28Mar2025 18:26:17.617] [modloading-worker-0/DEBUG] [net.minecraftforge.versions.mcp.MCPVersion/CORE]: Found MCP version information 20230612.114412
[28Mar2025 18:26:17.617] [modloading-worker-0/INFO] [net.minecraftforge.common.ForgeMod/FORGEMOD]: Forge mod loading, version 47.3.7, for MC 1.20.1 with MCP 20230612.114412
[28Mar2025 18:26:17.617] [modloading-worker-0/INFO] [net.minecraftforge.common.MinecraftForge/FORGE]: MinecraftForge v47.3.7 Initialized
[28Mar2025 18:26:18.076] [modloading-worker-0/DEBUG] [io.netty.util.internal.PlatformDependent0/]: -Dio.netty.noUnsafe: false
[28Mar2025 18:26:18.083] [modloading-worker-0/DEBUG] [io.netty.util.internal.PlatformDependent0/]: Java version: 17
[28Mar2025 18:26:18.083] [modloading-worker-0/DEBUG] [io.netty.util.internal.PlatformDependent0/]: sun.misc.Unsafe.theUnsafe: available
[28Mar2025 18:26:18.084] [modloading-worker-0/DEBUG] [io.netty.util.internal.PlatformDependent0/]: sun.misc.Unsafe.copyMemory: available
[28Mar2025 18:26:18.084] [modloading-worker-0/DEBUG] [io.netty.util.internal.PlatformDependent0/]: sun.misc.Unsafe.storeFence: available
[28Mar2025 18:26:18.085] [modloading-worker-0/DEBUG] [io.netty.util.internal.PlatformDependent0/]: java.nio.Buffer.address: available
[28Mar2025 18:26:18.085] [modloading-worker-0/DEBUG] [io.netty.util.internal.PlatformDependent0/]: direct buffer constructor: unavailable
java.lang.UnsupportedOperationException: Reflective setAccessible(true) disabled
	at io.netty.util.internal.ReflectionUtil.trySetAccessible(ReflectionUtil.java:31) ~[netty-common-4.1.82.Final.jar%2382!/:4.1.82.Final]
	at io.netty.util.internal.PlatformDependent0$5.run(PlatformDependent0.java:288) ~[netty-common-4.1.82.Final.jar%2382!/:4.1.82.Final]
	at java.security.AccessController.doPrivileged(AccessController.java:318) ~[?:?]
	at io.netty.util.internal.PlatformDependent0.<clinit>(PlatformDependent0.java:282) ~[netty-common-4.1.82.Final.jar%2382!/:4.1.82.Final]
	at io.netty.util.internal.PlatformDependent.isAndroid(PlatformDependent.java:333) ~[netty-common-4.1.82.Final.jar%2382!/:4.1.82.Final]
	at io.netty.util.internal.PlatformDependent.<clinit>(PlatformDependent.java:88) ~[netty-common-4.1.82.Final.jar%2382!/:4.1.82.Final]
	at io.netty.util.ConstantPool.<init>(ConstantPool.java:34) ~[netty-common-4.1.82.Final.jar%2382!/:4.1.82.Final]
	at io.netty.util.AttributeKey$1.<init>(AttributeKey.java:27) ~[netty-common-4.1.82.Final.jar%2382!/:4.1.82.Final]
	at io.netty.util.AttributeKey.<clinit>(AttributeKey.java:27) ~[netty-common-4.1.82.Final.jar%2382!/:4.1.82.Final]
	at net.minecraftforge.network.NetworkConstants.<clinit>(NetworkConstants.java:34) ~[forge-1.20.1-47.3.7-universal.jar%23178!/:?]
	at net.minecraftforge.common.ForgeMod.<init>(ForgeMod.java:429) ~[forge-1.20.1-47.3.7-universal.jar%23178!/:?]
	at jdk.internal.reflect.NativeConstructorAccessorImpl.newInstance0(Native Method) ~[?:?]
	at jdk.internal.reflect.NativeConstructorAccessorImpl.newInstance(NativeConstructorAccessorImpl.java:77) ~[?:?]
	at jdk.internal.reflect.DelegatingConstructorAccessorImpl.newInstance(DelegatingConstructorAccessorImpl.java:45) ~[?:?]
	at java.lang.reflect.Constructor.newInstanceWithCaller(Constructor.java:500) ~[?:?]
	at java.lang.reflect.Constructor.newInstance(Constructor.java:481) ~[?:?]
	at net.minecraftforge.fml.javafmlmod.FMLModContainer.constructMod(FMLModContainer.java:70) ~[javafmllanguage-1.20.1-47.3.7.jar%23175!/:?]
	at net.minecraftforge.fml.ModContainer.lambda$buildTransitionHandler$4(ModContainer.java:124) ~[fmlcore-1.20.1-47.3.7.jar%23174!/:?]
	at java.util.concurrent.CompletableFuture$AsyncRun.run(CompletableFuture.java:1804) ~[?:?]
	at java.util.concurrent.CompletableFuture$AsyncRun.exec(CompletableFuture.java:1796) ~[?:?]
	at java.util.concurrent.ForkJoinTask.doExec(ForkJoinTask.java:373) ~[?:?]
	at java.util.concurrent.ForkJoinPool$WorkQueue.topLevelExec(ForkJoinPool.java:1182) ~[?:?]
	at java.util.concurrent.ForkJoinPool.scan(ForkJoinPool.java:1655) ~[?:?]
	at java.util.concurrent.ForkJoinPool.runWorker(ForkJoinPool.java:1622) ~[?:?]
	at java.util.concurrent.ForkJoinWorkerThread.run(ForkJoinWorkerThread.java:165) ~[?:?]
[28Mar2025 18:26:18.090] [modloading-worker-0/DEBUG] [io.netty.util.internal.PlatformDependent0/]: java.nio.Bits.unaligned: available, true
[28Mar2025 18:26:18.099] [modloading-worker-0/DEBUG] [io.netty.util.internal.PlatformDependent0/]: jdk.internal.misc.Unsafe.allocateUninitializedArray(int): unavailable
java.lang.IllegalAccessException: class io.netty.util.internal.PlatformDependent0$7 (in module io.netty.common) cannot access class jdk.internal.misc.Unsafe (in module java.base) because module java.base does not export jdk.internal.misc to module io.netty.common
	at jdk.internal.reflect.Reflection.newIllegalAccessException(Reflection.java:392) ~[?:?]
	at java.lang.reflect.AccessibleObject.checkAccess(AccessibleObject.java:674) ~[?:?]
	at java.lang.reflect.Method.invoke(Method.java:561) ~[?:?]
	at io.netty.util.internal.PlatformDependent0$7.run(PlatformDependent0.java:410) ~[netty-common-4.1.82.Final.jar%2382!/:4.1.82.Final]
	at java.security.AccessController.doPrivileged(AccessController.java:318) ~[?:?]
	at io.netty.util.internal.PlatformDependent0.<clinit>(PlatformDependent0.java:401) ~[netty-common-4.1.82.Final.jar%2382!/:4.1.82.Final]
	at io.netty.util.internal.PlatformDependent.isAndroid(PlatformDependent.java:333) ~[netty-common-4.1.82.Final.jar%2382!/:4.1.82.Final]
	at io.netty.util.internal.PlatformDependent.<clinit>(PlatformDependent.java:88) ~[netty-common-4.1.82.Final.jar%2382!/:4.1.82.Final]
	at io.netty.util.ConstantPool.<init>(ConstantPool.java:34) ~[netty-common-4.1.82.Final.jar%2382!/:4.1.82.Final]
	at io.netty.util.AttributeKey$1.<init>(AttributeKey.java:27) ~[netty-common-4.1.82.Final.jar%2382!/:4.1.82.Final]
	at io.netty.util.AttributeKey.<clinit>(AttributeKey.java:27) ~[netty-common-4.1.82.Final.jar%2382!/:4.1.82.Final]
	at net.minecraftforge.network.NetworkConstants.<clinit>(NetworkConstants.java:34) ~[forge-1.20.1-47.3.7-universal.jar%23178!/:?]
	at net.minecraftforge.common.ForgeMod.<init>(ForgeMod.java:429) ~[forge-1.20.1-47.3.7-universal.jar%23178!/:?]
	at jdk.internal.reflect.NativeConstructorAccessorImpl.newInstance0(Native Method) ~[?:?]
	at jdk.internal.reflect.NativeConstructorAccessorImpl.newInstance(NativeConstructorAccessorImpl.java:77) ~[?:?]
	at jdk.internal.reflect.DelegatingConstructorAccessorImpl.newInstance(DelegatingConstructorAccessorImpl.java:45) ~[?:?]
	at java.lang.reflect.Constructor.newInstanceWithCaller(Constructor.java:500) ~[?:?]
	at java.lang.reflect.Constructor.newInstance(Constructor.java:481) ~[?:?]
	at net.minecraftforge.fml.javafmlmod.FMLModContainer.constructMod(FMLModContainer.java:70) ~[javafmllanguage-1.20.1-47.3.7.jar%23175!/:?]
	at net.minecraftforge.fml.ModContainer.lambda$buildTransitionHandler$4(ModContainer.java:124) ~[fmlcore-1.20.1-47.3.7.jar%23174!/:?]
	at java.util.concurrent.CompletableFuture$AsyncRun.run(CompletableFuture.java:1804) ~[?:?]
	at java.util.concurrent.CompletableFuture$AsyncRun.exec(CompletableFuture.java:1796) ~[?:?]
	at java.util.concurrent.ForkJoinTask.doExec(ForkJoinTask.java:373) ~[?:?]
	at java.util.concurrent.ForkJoinPool$WorkQueue.topLevelExec(ForkJoinPool.java:1182) ~[?:?]
	at java.util.concurrent.ForkJoinPool.scan(ForkJoinPool.java:1655) ~[?:?]
	at java.util.concurrent.ForkJoinPool.runWorker(ForkJoinPool.java:1622) ~[?:?]
	at java.util.concurrent.ForkJoinWorkerThread.run(ForkJoinWorkerThread.java:165) ~[?:?]
[28Mar2025 18:26:18.100] [modloading-worker-0/DEBUG] [io.netty.util.internal.PlatformDependent0/]: java.nio.DirectByteBuffer.<init>(long, int): unavailable
[28Mar2025 18:26:18.100] [modloading-worker-0/DEBUG] [io.netty.util.internal.PlatformDependent/]: sun.misc.Unsafe: available
[28Mar2025 18:26:18.100] [modloading-worker-0/DEBUG] [io.netty.util.internal.PlatformDependent/]: maxDirectMemory: 6442450944 bytes (maybe)
[28Mar2025 18:26:18.101] [modloading-worker-0/DEBUG] [io.netty.util.internal.PlatformDependent/]: -Dio.netty.tmpdir: /tmp (java.io.tmpdir)
[28Mar2025 18:26:18.101] [modloading-worker-0/DEBUG] [io.netty.util.internal.PlatformDependent/]: -Dio.netty.bitMode: 64 (sun.arch.data.model)
[28Mar2025 18:26:18.104] [modloading-worker-0/DEBUG] [net.minecraftforge.fml.javafmlmod.AutomaticEventSubscriber/LOADING]: Attempting to inject @EventBusSubscriber classes into the eventbus for framework
[28Mar2025 18:26:18.104] [modloading-worker-0/DEBUG] [net.minecraftforge.fml.javafmlmod.AutomaticEventSubscriber/LOADING]: Auto-subscribing com.mrcrayfish.framework.entity.sync.ForgeSyncedEntityDataHandler to FORGE
[28Mar2025 18:26:18.107] [modloading-worker-0/DEBUG] [io.netty.util.internal.PlatformDependent/]: -Dio.netty.maxDirectMemory: -1 bytes
[28Mar2025 18:26:18.109] [modloading-worker-0/DEBUG] [io.netty.util.internal.PlatformDependent/]: -Dio.netty.uninitializedArrayAllocationThreshold: -1
[28Mar2025 18:26:18.113] [modloading-worker-0/DEBUG] [io.netty.util.internal.CleanerJava9/]: java.nio.ByteBuffer.cleaner(): available
[28Mar2025 18:26:18.116] [modloading-worker-0/DEBUG] [io.netty.util.internal.PlatformDependent/]: -Dio.netty.noPreferDirect: false
[28Mar2025 18:26:18.163] [modloading-worker-0/DEBUG] [mixin/]: Mixing self.IZetaItemMixin_FAKE from zeta_forge.mixins.json into org.violetmoon.zeta.item.ZetaBlockItem
[28Mar2025 18:26:18.213] [modloading-worker-0/DEBUG] [net.minecraftforge.common.ForgeMod/FORGEMOD]: Loading Network data for FML net version: FML3
[28Mar2025 18:26:18.242] [modloading-worker-0/DEBUG] [net.minecraftforge.fml.config.ConfigTracker/CONFIG]: Config file forge-client.toml for forge tracking
[28Mar2025 18:26:18.242] [modloading-worker-0/DEBUG] [net.minecraftforge.fml.config.ConfigTracker/CONFIG]: Config file forge-server.toml for forge tracking
[28Mar2025 18:26:18.242] [modloading-worker-0/DEBUG] [net.minecraftforge.fml.ModLoadingContext/]: Attempted to register an empty config for type COMMON on mod forge
[28Mar2025 18:26:18.278] [modloading-worker-0/DEBUG] [net.minecraftforge.fml.javafmlmod.AutomaticEventSubscriber/LOADING]: Attempting to inject @EventBusSubscriber classes into the eventbus for forge
[28Mar2025 18:26:18.281] [modloading-worker-0/DEBUG] [net.minecraftforge.fml.javafmlmod.AutomaticEventSubscriber/LOADING]: Auto-subscribing net.minecraftforge.common.ForgeSpawnEggItem$CommonHandler to MOD
[28Mar2025 18:26:18.291] [modloading-worker-0/DEBUG] [net.minecraftforge.fml.config.ConfigTracker/CONFIG]: Config file appleskin-client.toml for appleskin tracking
[28Mar2025 18:26:18.292] [modloading-worker-0/DEBUG] [net.minecraftforge.fml.javafmlmod.AutomaticEventSubscriber/LOADING]: Attempting to inject @EventBusSubscriber classes into the eventbus for appleskin
[28Mar2025 18:26:18.298] [modloading-worker-0/INFO] [be.florens.expandability.ExpandAbility/]: ExpandAbility here, who dis?
[28Mar2025 18:26:18.298] [modloading-worker-0/DEBUG] [net.minecraftforge.fml.javafmlmod.AutomaticEventSubscriber/LOADING]: Attempting to inject @EventBusSubscriber classes into the eventbus for expandability
[28Mar2025 18:26:18.431] [modloading-worker-0/DEBUG] [net.minecraftforge.fml.config.ConfigTracker/CONFIG]: Config file supplementaries-common.toml for supplementaries tracking
[28Mar2025 18:26:18.695] [modloading-worker-0/DEBUG] [mixin/]: Mixing self.SelfLumiseneFluidMixin from supplementaries.mixins.json into net.mehvahdjukaar.supplementaries.common.fluids.LumiseneFluid
[28Mar2025 18:26:18.713] [modloading-worker-0/DEBUG] [mixin/]: Mixing self.SelfFlammableFluidBlockMixin from supplementaries.mixins.json into net.mehvahdjukaar.supplementaries.common.fluids.FlammableLiquidBlock
[28Mar2025 18:26:18.786] [modloading-worker-0/DEBUG] [net.minecraftforge.fml.config.ConfigTracker/CONFIG]: Config file zeta-common.toml for zeta tracking
[28Mar2025 18:26:18.904] [modloading-worker-0/DEBUG] [net.minecraftforge.fml.javafmlmod.AutomaticEventSubscriber/LOADING]: Attempting to inject @EventBusSubscriber classes into the eventbus for zeta
[28Mar2025 18:26:18.967] [modloading-worker-0/DEBUG] [mixin/]: Mixing self.SelfSoapItemMixin from supplementaries.mixins.json into net.mehvahdjukaar.supplementaries.common.items.SoapItem
[28Mar2025 18:26:19.132] [modloading-worker-0/DEBUG] [mixin/]: Mixing self.SelfGunpowderMixin from supplementaries.mixins.json into net.mehvahdjukaar.supplementaries.common.block.blocks.GunpowderBlock
[28Mar2025 18:26:19.256] [modloading-worker-0/DEBUG] [mixin/]: Mixing self.SelfSlingshotMixin from supplementaries.mixins.json into net.mehvahdjukaar.supplementaries.common.items.SlingshotItem
[28Mar2025 18:26:19.287] [modloading-worker-0/DEBUG] [mixin/]: Mixing self.SelfSafeMixin from supplementaries.mixins.json into net.mehvahdjukaar.supplementaries.common.block.blocks.SafeBlock
[28Mar2025 18:26:19.342] [modloading-worker-0/DEBUG] [mixin/]: Mixing self.SelfWrenchMixin from supplementaries.mixins.json into net.mehvahdjukaar.supplementaries.common.items.WrenchItem
[28Mar2025 18:26:19.348] [modloading-worker-0/DEBUG] [mixin/]: Renaming synthetic method lambda$onLeftClickEntity$0(Lnet/minecraft/world/entity/player/Player;Lnet/minecraft/world/entity/player/Player;)V to md536553$lambda$onLeftClickEntity$0$0 in supplementaries.mixins.json:self.SelfWrenchMixin
[28Mar2025 18:26:19.452] [modloading-worker-0/DEBUG] [mixin/]: Mixing self.SelfQuiverItemMixin from supplementaries.mixins.json into net.mehvahdjukaar.supplementaries.common.items.QuiverItem
[28Mar2025 18:26:19.475] [modloading-worker-0/DEBUG] [mixin/]: Mixing self.SelfLunchBoxItemMixin from supplementaries.mixins.json into net.mehvahdjukaar.supplementaries.common.items.LunchBoxItem
[28Mar2025 18:26:19.529] [modloading-worker-0/DEBUG] [mixin/]: Mixing self.SelfOpenableContainerMixin from supplementaries.mixins.json into net.mehvahdjukaar.supplementaries.common.block.tiles.OpeneableContainerBlockEntity
[28Mar2025 18:26:19.583] [modloading-worker-0/DEBUG] [mixin/]: Mixing self.SelfPlanterMixin from supplementaries.mixins.json into net.mehvahdjukaar.supplementaries.common.block.blocks.PlanterBlock
[28Mar2025 18:26:19.714] [modloading-worker-0/DEBUG] [mixin/]: Mixing self.SelfFrameMixin from supplementaries.mixins.json into net.mehvahdjukaar.supplementaries.common.block.blocks.FrameBlock
[28Mar2025 18:26:19.717] [modloading-worker-0/DEBUG] [net.minecraftforge.coremod.transformer.CoreModBaseTransformer/COREMOD]: Transforming getFriction with desc (Lnet/minecraft/world/level/LevelReader;Lnet/minecraft/core/BlockPos;Lnet/minecraft/world/entity/Entity;)F
[28Mar2025 18:26:19.722] [modloading-worker-0/DEBUG] [net.minecraftforge.coremod.transformer.CoreModBaseTransformer/COREMOD]: Transforming canHarvestBlock with desc (Lnet/minecraft/world/level/BlockGetter;Lnet/minecraft/core/BlockPos;Lnet/minecraft/world/entity/player/Player;)Z
[28Mar2025 18:26:20.009] [modloading-worker-0/DEBUG] [mixin/]: Mixing SelfEntitySpawnDataMixin from moonlight.mixins.json into net.mehvahdjukaar.moonlight.api.entity.IExtraClientSpawnData
[28Mar2025 18:26:20.322] [modloading-worker-0/DEBUG] [mixin/]: Mixing MapDataMixin from moonlight-common.mixins.json into net.minecraft.world.level.saveddata.maps.MapItemSavedData
[28Mar2025 18:26:20.338] [modloading-worker-0/DEBUG] [mixin/]: Renaming synthetic method lambda$save$3(Lnet/minecraft/nbt/CompoundTag;Lnet/minecraft/resources/ResourceLocation;Lnet/mehvahdjukaar/moonlight/api/map/CustomMapData;)V to md536553$lambda$save$3$0 in moonlight-common.mixins.json:MapDataMixin
[28Mar2025 18:26:20.338] [modloading-worker-0/DEBUG] [mixin/]: Renaming synthetic method lambda$load$2(Lnet/minecraft/nbt/CompoundTag;Lnet/mehvahdjukaar/moonlight/api/map/CustomMapData;)V to md536553$lambda$load$2$1 in moonlight-common.mixins.json:MapDataMixin
[28Mar2025 18:26:20.338] [modloading-worker-0/DEBUG] [mixin/]: Renaming synthetic method lambda$setCustomDataDirty$1(Lnet/mehvahdjukaar/moonlight/api/map/CustomMapData$Type;Ljava/util/function/Consumer;Lnet/minecraft/world/level/saveddata/maps/MapItemSavedData$HoldingPlayer;)V to md536553$lambda$setCustomDataDirty$1$2 in moonlight-common.mixins.json:MapDataMixin
[28Mar2025 18:26:20.339] [modloading-worker-0/DEBUG] [mixin/]: Renaming synthetic method lambda$setCustomDecorationsDirty$0(Lnet/minecraft/world/level/saveddata/maps/MapItemSavedData$HoldingPlayer;)V to md536553$lambda$setCustomDecorationsDirty$0$3 in moonlight-common.mixins.json:MapDataMixin
[28Mar2025 18:26:20.648] [modloading-worker-0/DEBUG] [io.netty.util.internal.InternalThreadLocalMap/]: -Dio.netty.threadLocalMap.stringBuilder.initialSize: 1024
[28Mar2025 18:26:20.648] [modloading-worker-0/DEBUG] [io.netty.util.internal.InternalThreadLocalMap/]: -Dio.netty.threadLocalMap.stringBuilder.maxSize: 4096
[28Mar2025 18:26:20.675] [modloading-worker-0/DEBUG] [io.netty.util.internal.ThreadLocalRandom/]: -Dio.netty.initialSeedUniquifier: 0x67691b28dedbaab2
[28Mar2025 18:26:20.977] [modloading-worker-0/DEBUG] [net.minecraftforge.fml.javafmlmod.AutomaticEventSubscriber/LOADING]: Attempting to inject @EventBusSubscriber classes into the eventbus for supplementaries
[28Mar2025 18:26:20.979] [modloading-worker-0/DEBUG] [net.minecraftforge.fml.javafmlmod.AutomaticEventSubscriber/LOADING]: Auto-subscribing net.mehvahdjukaar.supplementaries.forge.RemapHandler to FORGE
[28Mar2025 18:26:21.038] [main/DEBUG] [mixin/]: Mixing RegistryDataLoaderMixin from zeta.mixins.json into net.minecraft.resources.RegistryDataLoader
[28Mar2025 18:26:21.185] [main/DEBUG] [net.minecraftforge.common.capabilities.CapabilityManager/CAPABILITIES]: Attempting to automatically register: Lnet/minecraftforge/energy/IEnergyStorage;
[28Mar2025 18:26:21.186] [main/DEBUG] [net.minecraftforge.common.capabilities.CapabilityManager/CAPABILITIES]: Attempting to automatically register: Lnet/minecraftforge/fluids/capability/IFluidHandler;
[28Mar2025 18:26:21.186] [main/DEBUG] [net.minecraftforge.common.capabilities.CapabilityManager/CAPABILITIES]: Attempting to automatically register: Lnet/minecraftforge/fluids/capability/IFluidHandlerItem;
[28Mar2025 18:26:21.186] [main/DEBUG] [net.minecraftforge.common.capabilities.CapabilityManager/CAPABILITIES]: Attempting to automatically register: Lnet/minecraftforge/items/IItemHandler;
[28Mar2025 18:26:21.278] [main/DEBUG] [mixin/]: Mixing SelfModFlowingFluidMixin from moonlight.mixins.json into net.mehvahdjukaar.moonlight.api.fluids.ModFlowingFluid
[28Mar2025 18:26:21.282] [main/DEBUG] [mixin/]: Renaming synthetic method lambda$afterInit$0(Lnet/mehvahdjukaar/moonlight/api/client/forge/ModFluidType;)Lnet/minecraftforge/fluids/FluidType; to md536553$lambda$afterInit$0$0 in moonlight.mixins.json:SelfModFlowingFluidMixin
[28Mar2025 18:26:21.947] [main/DEBUG] [mixin/]: Mixing SelfCauldronMixin from amendments.mixins.json into net.mehvahdjukaar.amendments.common.tile.LiquidCauldronBlockTile
[28Mar2025 18:26:21.949] [main/DEBUG] [mixin/]: Renaming synthetic method lambda$new$0()Lnet/minecraftforge/fluids/capability/IFluidHandler; to md536553$lambda$new$0$0 in amendments.mixins.json:SelfCauldronMixin
[28Mar2025 18:26:22.277] [main/DEBUG] [mixin/]: Mixing SelfItemDisplayTileMixin from moonlight.mixins.json into net.mehvahdjukaar.moonlight.api.block.ItemDisplayTile
[28Mar2025 18:26:25.434] [main/DEBUG] [mixin/]: Mixing self.SelfSpeakerBlockTileMixin from supplementaries.mixins.json into net.mehvahdjukaar.supplementaries.common.block.tiles.SpeakerBlockTile
[28Mar2025 18:26:25.869] [main/WARN] [Moonlight/]: Failed to find custom wood type biomesoplenty:red_maple
[28Mar2025 18:26:25.872] [main/WARN] [Moonlight/]: Failed to find custom wood type biomesoplenty:orange_maple
[28Mar2025 18:26:25.873] [main/WARN] [Moonlight/]: Failed to find custom wood type biomesoplenty:yellow_maple
[28Mar2025 18:26:25.906] [main/INFO] [Moonlight/]: Initialized block sets in 57ms
[28Mar2025 18:26:26.400] [main/DEBUG] [mixin/]: Mixing self.SelfDispenserMinecraftMixin from supplementaries.mixins.json into net.mehvahdjukaar.supplementaries.common.entities.dispenser_minecart.DispenserMinecartEntity
[28Mar2025 18:26:26.407] [main/DEBUG] [mixin/]: Renaming synthetic method lambda$reviveCaps$1()Lnet/minecraftforge/items/wrapper/InvWrapper; to md536553$lambda$reviveCaps$1$0 in supplementaries.mixins.json:self.SelfDispenserMinecraftMixin
[28Mar2025 18:26:26.408] [main/DEBUG] [mixin/]: Renaming synthetic method lambda$new$0()Lnet/minecraftforge/items/wrapper/InvWrapper; to md536553$lambda$new$0$1 in supplementaries.mixins.json:self.SelfDispenserMinecraftMixin
[28Mar2025 18:26:27.136] [main/DEBUG] [dev.architectury.core.item.ArchitecturySpawnEggItem/]: Registering spawn egg mimic_spawn_egg for artifacts:mimic
[28Mar2025 18:26:27.382] [main/DEBUG] [mixin/]: Mixing forge.InventoryMenuMixin from apoli.mixins.json into net.minecraft.world.inventory.InventoryMenu
[28Mar2025 18:26:27.442] [main/DEBUG] [mixin/]: Mixing accessor.ShapelessRecipeAccessor from tombstone.mixins.json into net.minecraft.world.item.crafting.ShapelessRecipe
[28Mar2025 18:26:27.483] [main/DEBUG] [zeta/]: Registering to minecraft:recipe_serializer - zeta:dye_item
[28Mar2025 18:26:27.611] [main/DEBUG] [zeta/]: Registering to minecraft:worldgen/feature - zeta:deferred_feature_raw_generation
[28Mar2025 18:26:27.612] [main/DEBUG] [zeta/]: Registering to minecraft:worldgen/feature - zeta:deferred_feature_lakes
[28Mar2025 18:26:27.612] [main/DEBUG] [zeta/]: Registering to minecraft:worldgen/feature - zeta:deferred_feature_local_modifications
[28Mar2025 18:26:27.612] [main/DEBUG] [zeta/]: Registering to minecraft:worldgen/feature - zeta:deferred_feature_underground_structures
[28Mar2025 18:26:27.612] [main/DEBUG] [zeta/]: Registering to minecraft:worldgen/feature - zeta:deferred_feature_surface_structures
[28Mar2025 18:26:27.612] [main/DEBUG] [zeta/]: Registering to minecraft:worldgen/feature - zeta:deferred_feature_strongholds
[28Mar2025 18:26:27.612] [main/DEBUG] [zeta/]: Registering to minecraft:worldgen/feature - zeta:deferred_feature_underground_ores
[28Mar2025 18:26:27.612] [main/DEBUG] [zeta/]: Registering to minecraft:worldgen/feature - zeta:deferred_feature_underground_decoration
[28Mar2025 18:26:27.612] [main/DEBUG] [zeta/]: Registering to minecraft:worldgen/feature - zeta:deferred_feature_fluid_springs
[28Mar2025 18:26:27.612] [main/DEBUG] [zeta/]: Registering to minecraft:worldgen/feature - zeta:deferred_feature_vegetal_decoration
[28Mar2025 18:26:27.613] [main/DEBUG] [zeta/]: Registering to minecraft:worldgen/feature - zeta:deferred_feature_top_layer_modification
[28Mar2025 18:26:28.707] [main/DEBUG] [mixin/]: Mixing forge.ForgeHooksMixin from apoli.mixins.json into net.minecraftforge.common.ForgeHooks
[28Mar2025 18:26:28.707] [main/DEBUG] [mixin/]: Renaming synthetic method lambda$ladder$0(Lnet/minecraft/core/BlockPos;)V to md536553$lambda$ladder$0$0 in apoli.mixins.json:forge.ForgeHooksMixin
[28Mar2025 18:26:28.708] [main/DEBUG] [mixin/]: Mixing ForgeHooksMixin from tombstone.mixins.json into net.minecraftforge.common.ForgeHooks
[28Mar2025 18:26:28.909] [main/DEBUG] [net.minecraftforge.fml.config.ConfigTracker/CONFIG]: Loading configs type COMMON
[28Mar2025 18:26:28.910] [main/DEBUG] [net.minecraftforge.fml.config.ConfigFileTypeHandler/CONFIG]: Built TOML config for /workspaces/mineee2/servidor_minecraft/config/repurposed_structures-forge/modded_loot.toml
[28Mar2025 18:26:28.911] [main/DEBUG] [net.minecraftforge.fml.config.ConfigFileTypeHandler/CONFIG]: Loaded TOML config file /workspaces/mineee2/servidor_minecraft/config/repurposed_structures-forge/modded_loot.toml
[28Mar2025 18:26:28.922] [main/DEBUG] [net.minecraftforge.fml.config.ConfigFileTypeHandler/CONFIG]: Watching TOML config file /workspaces/mineee2/servidor_minecraft/config/repurposed_structures-forge/modded_loot.toml for changes
[28Mar2025 18:26:28.925] [main/DEBUG] [net.minecraftforge.fml.config.ConfigFileTypeHandler/CONFIG]: Built TOML config for /workspaces/mineee2/servidor_minecraft/config/endertrigon-common.toml
[28Mar2025 18:26:28.926] [main/DEBUG] [net.minecraftforge.fml.config.ConfigFileTypeHandler/CONFIG]: Loaded TOML config file /workspaces/mineee2/servidor_minecraft/config/endertrigon-common.toml
[28Mar2025 18:26:28.930] [main/DEBUG] [net.minecraftforge.fml.config.ConfigFileTypeHandler/CONFIG]: Watching TOML config file /workspaces/mineee2/servidor_minecraft/config/endertrigon-common.toml for changes
[28Mar2025 18:26:28.931] [Thread-2/DEBUG] [net.minecraftforge.fml.config.ConfigFileTypeHandler/CONFIG]: Config file endertrigon-common.toml changed, sending notifies
[28Mar2025 18:26:28.934] [Thread-2/DEBUG] [net.minecraftforge.fml.config.ConfigFileTypeHandler/CONFIG]: Config file endertrigon-common.toml changed, sending notifies
[28Mar2025 18:26:28.934] [main/DEBUG] [net.minecraftforge.fml.config.ConfigFileTypeHandler/CONFIG]: Built TOML config for /workspaces/mineee2/servidor_minecraft/config/biomesoplenty/generation.toml
[28Mar2025 18:26:28.934] [main/DEBUG] [net.minecraftforge.fml.config.ConfigFileTypeHandler/CONFIG]: Loaded TOML config file /workspaces/mineee2/servidor_minecraft/config/biomesoplenty/generation.toml
[28Mar2025 18:26:28.937] [main/DEBUG] [net.minecraftforge.fml.config.ConfigFileTypeHandler/CONFIG]: Watching TOML config file /workspaces/mineee2/servidor_minecraft/config/biomesoplenty/generation.toml for changes
[28Mar2025 18:26:28.937] [main/DEBUG] [net.minecraftforge.fml.config.ConfigFileTypeHandler/CONFIG]: Built TOML config for /workspaces/mineee2/servidor_minecraft/config/amendments-common.toml
[28Mar2025 18:26:28.938] [main/DEBUG] [net.minecraftforge.fml.config.ConfigFileTypeHandler/CONFIG]: Loaded TOML config file /workspaces/mineee2/servidor_minecraft/config/amendments-common.toml
[28Mar2025 18:26:28.939] [main/DEBUG] [net.minecraftforge.fml.config.ConfigFileTypeHandler/CONFIG]: Watching TOML config file /workspaces/mineee2/servidor_minecraft/config/amendments-common.toml for changes
[28Mar2025 18:26:28.939] [Thread-2/DEBUG] [net.minecraftforge.fml.config.ConfigFileTypeHandler/CONFIG]: Config file biomesoplenty/generation.toml changed, sending notifies
[28Mar2025 18:26:28.939] [Thread-2/DEBUG] [net.minecraftforge.fml.config.ConfigFileTypeHandler/CONFIG]: Config file amendments-common.toml changed, sending notifies
[28Mar2025 18:26:28.940] [Thread-2/DEBUG] [net.minecraftforge.fml.config.ConfigFileTypeHandler/CONFIG]: Config file amendments-common.toml changed, sending notifies
[28Mar2025 18:26:28.941] [main/DEBUG] [net.minecraftforge.fml.config.ConfigFileTypeHandler/CONFIG]: Built TOML config for /workspaces/mineee2/servidor_minecraft/config/moonlight-common.toml
[28Mar2025 18:26:28.941] [main/DEBUG] [net.minecraftforge.fml.config.ConfigFileTypeHandler/CONFIG]: Loaded TOML config file /workspaces/mineee2/servidor_minecraft/config/moonlight-common.toml
[28Mar2025 18:26:28.941] [main/DEBUG] [net.minecraftforge.fml.config.ConfigFileTypeHandler/CONFIG]: Watching TOML config file /workspaces/mineee2/servidor_minecraft/config/moonlight-common.toml for changes
[28Mar2025 18:26:28.943] [Thread-2/DEBUG] [net.minecraftforge.fml.config.ConfigFileTypeHandler/CONFIG]: Config file moonlight-common.toml changed, sending notifies
[28Mar2025 18:26:28.943] [main/DEBUG] [net.minecraftforge.fml.config.ConfigFileTypeHandler/CONFIG]: Built TOML config for /workspaces/mineee2/servidor_minecraft/config/calio-common.toml
[28Mar2025 18:26:28.943] [main/DEBUG] [net.minecraftforge.fml.config.ConfigFileTypeHandler/CONFIG]: Loaded TOML config file /workspaces/mineee2/servidor_minecraft/config/calio-common.toml
[28Mar2025 18:26:28.943] [Thread-2/DEBUG] [net.minecraftforge.fml.config.ConfigFileTypeHandler/CONFIG]: Config file moonlight-common.toml changed, sending notifies
[28Mar2025 18:26:28.943] [main/DEBUG] [net.minecraftforge.fml.config.ConfigFileTypeHandler/CONFIG]: Watching TOML config file /workspaces/mineee2/servidor_minecraft/config/calio-common.toml for changes
[28Mar2025 18:26:28.943] [Thread-2/DEBUG] [net.minecraftforge.fml.config.ConfigFileTypeHandler/CONFIG]: Config file calio-common.toml changed, sending notifies
[28Mar2025 18:26:28.943] [Thread-2/DEBUG] [net.minecraftforge.fml.config.ConfigFileTypeHandler/CONFIG]: Config file calio-common.toml changed, sending notifies
[28Mar2025 18:26:28.944] [main/DEBUG] [net.minecraftforge.fml.config.ConfigFileTypeHandler/CONFIG]: Built TOML config for /workspaces/mineee2/servidor_minecraft/config/apoli-common.toml
[28Mar2025 18:26:28.945] [main/DEBUG] [net.minecraftforge.fml.config.ConfigFileTypeHandler/CONFIG]: Loaded TOML config file /workspaces/mineee2/servidor_minecraft/config/apoli-common.toml
[28Mar2025 18:26:28.945] [main/DEBUG] [net.minecraftforge.fml.config.ConfigFileTypeHandler/CONFIG]: Watching TOML config file /workspaces/mineee2/servidor_minecraft/config/apoli-common.toml for changes
[28Mar2025 18:26:28.945] [Thread-2/DEBUG] [net.minecraftforge.fml.config.ConfigFileTypeHandler/CONFIG]: Config file apoli-common.toml changed, sending notifies
[28Mar2025 18:26:28.946] [main/DEBUG] [net.minecraftforge.fml.config.ConfigFileTypeHandler/CONFIG]: Built TOML config for /workspaces/mineee2/servidor_minecraft/config/ribbits-forge-1_20_1.toml
[28Mar2025 18:26:28.946] [Thread-2/DEBUG] [net.minecraftforge.fml.config.ConfigFileTypeHandler/CONFIG]: Config file apoli-common.toml changed, sending notifies
[28Mar2025 18:26:28.947] [main/DEBUG] [net.minecraftforge.fml.config.ConfigFileTypeHandler/CONFIG]: Loaded TOML config file /workspaces/mineee2/servidor_minecraft/config/ribbits-forge-1_20_1.toml
[28Mar2025 18:26:28.947] [main/DEBUG] [net.minecraftforge.fml.config.ConfigFileTypeHandler/CONFIG]: Watching TOML config file /workspaces/mineee2/servidor_minecraft/config/ribbits-forge-1_20_1.toml for changes
[28Mar2025 18:26:28.947] [Thread-2/DEBUG] [net.minecraftforge.fml.config.ConfigFileTypeHandler/CONFIG]: Config file ribbits-forge-1_20_1.toml changed, sending notifies
[28Mar2025 18:26:28.947] [Thread-2/DEBUG] [net.minecraftforge.fml.config.ConfigFileTypeHandler/CONFIG]: Config file ribbits-forge-1_20_1.toml changed, sending notifies
[28Mar2025 18:26:28.947] [main/DEBUG] [net.minecraftforge.fml.config.ConfigFileTypeHandler/CONFIG]: Built TOML config for /workspaces/mineee2/servidor_minecraft/config/curios-common.toml
[28Mar2025 18:26:28.947] [main/DEBUG] [net.minecraftforge.fml.config.ConfigFileTypeHandler/CONFIG]: Loaded TOML config file /workspaces/mineee2/servidor_minecraft/config/curios-common.toml
[28Mar2025 18:26:28.948] [main/DEBUG] [net.minecraftforge.fml.config.ConfigFileTypeHandler/CONFIG]: Watching TOML config file /workspaces/mineee2/servidor_minecraft/config/curios-common.toml for changes
[28Mar2025 18:26:28.948] [Thread-2/DEBUG] [net.minecraftforge.fml.config.ConfigFileTypeHandler/CONFIG]: Config file curios-common.toml changed, sending notifies
[28Mar2025 18:26:28.949] [Thread-2/DEBUG] [net.minecraftforge.fml.config.ConfigFileTypeHandler/CONFIG]: Config file curios-common.toml changed, sending notifies
[28Mar2025 18:26:28.950] [main/DEBUG] [net.minecraftforge.fml.config.ConfigFileTypeHandler/CONFIG]: Built TOML config for /workspaces/mineee2/servidor_minecraft/config/origins-common.toml
[28Mar2025 18:26:28.951] [main/DEBUG] [net.minecraftforge.fml.config.ConfigFileTypeHandler/CONFIG]: Loaded TOML config file /workspaces/mineee2/servidor_minecraft/config/origins-common.toml
[28Mar2025 18:26:28.951] [main/DEBUG] [net.minecraftforge.fml.config.ConfigFileTypeHandler/CONFIG]: Watching TOML config file /workspaces/mineee2/servidor_minecraft/config/origins-common.toml for changes
[28Mar2025 18:26:28.951] [main/DEBUG] [net.minecraftforge.fml.config.ConfigFileTypeHandler/CONFIG]: Built TOML config for /workspaces/mineee2/servidor_minecraft/config/citadel-common.toml
[28Mar2025 18:26:28.952] [main/DEBUG] [net.minecraftforge.fml.config.ConfigFileTypeHandler/CONFIG]: Loaded TOML config file /workspaces/mineee2/servidor_minecraft/config/citadel-common.toml
[28Mar2025 18:26:28.952] [main/DEBUG] [net.minecraftforge.fml.config.ConfigFileTypeHandler/CONFIG]: Watching TOML config file /workspaces/mineee2/servidor_minecraft/config/citadel-common.toml for changes
[28Mar2025 18:26:28.952] [Thread-2/DEBUG] [net.minecraftforge.fml.config.ConfigFileTypeHandler/CONFIG]: Config file origins-common.toml changed, sending notifies
[28Mar2025 18:26:28.952] [Thread-2/DEBUG] [net.minecraftforge.fml.config.ConfigFileTypeHandler/CONFIG]: Config file citadel-common.toml changed, sending notifies
[28Mar2025 18:26:28.952] [Thread-2/DEBUG] [net.minecraftforge.fml.config.ConfigFileTypeHandler/CONFIG]: Config file citadel-common.toml changed, sending notifies
[28Mar2025 18:26:28.952] [main/DEBUG] [net.minecraftforge.fml.config.ConfigFileTypeHandler/CONFIG]: Built TOML config for /workspaces/mineee2/servidor_minecraft/config/alexsmobs.toml
[28Mar2025 18:26:28.958] [main/DEBUG] [net.minecraftforge.fml.config.ConfigFileTypeHandler/CONFIG]: Loaded TOML config file /workspaces/mineee2/servidor_minecraft/config/alexsmobs.toml
[28Mar2025 18:26:28.958] [main/DEBUG] [net.minecraftforge.fml.config.ConfigFileTypeHandler/CONFIG]: Watching TOML config file /workspaces/mineee2/servidor_minecraft/config/alexsmobs.toml for changes
[28Mar2025 18:26:29.084] [Thread-2/DEBUG] [net.minecraftforge.fml.config.ConfigFileTypeHandler/CONFIG]: Config file alexsmobs.toml changed, sending notifies
[28Mar2025 18:26:29.087] [main/DEBUG] [net.minecraftforge.fml.config.ConfigFileTypeHandler/CONFIG]: Built TOML config for /workspaces/mineee2/servidor_minecraft/config/travelersbackpack-common.toml
[28Mar2025 18:26:29.092] [main/DEBUG] [net.minecraftforge.fml.config.ConfigFileTypeHandler/CONFIG]: Loaded TOML config file /workspaces/mineee2/servidor_minecraft/config/travelersbackpack-common.toml
[28Mar2025 18:26:29.095] [main/DEBUG] [net.minecraftforge.fml.config.ConfigFileTypeHandler/CONFIG]: Watching TOML config file /workspaces/mineee2/servidor_minecraft/config/travelersbackpack-common.toml for changes
[28Mar2025 18:26:29.109] [main/DEBUG] [net.minecraftforge.fml.config.ConfigFileTypeHandler/CONFIG]: Built TOML config for /workspaces/mineee2/servidor_minecraft/config/tombstone-common.toml
[28Mar2025 18:26:29.110] [main/DEBUG] [net.minecraftforge.fml.config.ConfigFileTypeHandler/CONFIG]: Loaded TOML config file /workspaces/mineee2/servidor_minecraft/config/tombstone-common.toml
[28Mar2025 18:26:29.113] [main/DEBUG] [net.minecraftforge.fml.config.ConfigFileTypeHandler/CONFIG]: Watching TOML config file /workspaces/mineee2/servidor_minecraft/config/tombstone-common.toml for changes
[28Mar2025 18:26:29.117] [main/DEBUG] [net.minecraftforge.fml.config.ConfigFileTypeHandler/CONFIG]: Built TOML config for /workspaces/mineee2/servidor_minecraft/config/paraglider-player-states.toml
[28Mar2025 18:26:29.118] [main/DEBUG] [net.minecraftforge.fml.config.ConfigFileTypeHandler/CONFIG]: Loaded TOML config file /workspaces/mineee2/servidor_minecraft/config/paraglider-player-states.toml
[28Mar2025 18:26:29.119] [main/DEBUG] [net.minecraftforge.fml.config.ConfigFileTypeHandler/CONFIG]: Watching TOML config file /workspaces/mineee2/servidor_minecraft/config/paraglider-player-states.toml for changes
[28Mar2025 18:26:29.120] [main/DEBUG] [net.minecraftforge.fml.config.ConfigFileTypeHandler/CONFIG]: Built TOML config for /workspaces/mineee2/servidor_minecraft/config/paraglider-common.toml
[28Mar2025 18:26:29.120] [main/DEBUG] [net.minecraftforge.fml.config.ConfigFileTypeHandler/CONFIG]: Loaded TOML config file /workspaces/mineee2/servidor_minecraft/config/paraglider-common.toml
[28Mar2025 18:26:29.121] [main/DEBUG] [net.minecraftforge.fml.config.ConfigFileTypeHandler/CONFIG]: Watching TOML config file /workspaces/mineee2/servidor_minecraft/config/paraglider-common.toml for changes
[28Mar2025 18:26:29.122] [main/DEBUG] [net.minecraftforge.fml.config.ConfigFileTypeHandler/CONFIG]: Built TOML config for /workspaces/mineee2/servidor_minecraft/config/supplementaries-common.toml
[28Mar2025 18:26:29.127] [main/DEBUG] [net.minecraftforge.fml.config.ConfigFileTypeHandler/CONFIG]: Loaded TOML config file /workspaces/mineee2/servidor_minecraft/config/supplementaries-common.toml
[28Mar2025 18:26:29.131] [main/DEBUG] [net.minecraftforge.fml.config.ConfigFileTypeHandler/CONFIG]: Watching TOML config file /workspaces/mineee2/servidor_minecraft/config/supplementaries-common.toml for changes
[28Mar2025 18:26:29.143] [main/DEBUG] [net.minecraftforge.fml.config.ConfigFileTypeHandler/CONFIG]: Built TOML config for /workspaces/mineee2/servidor_minecraft/config/zeta-common.toml
[28Mar2025 18:26:29.144] [main/DEBUG] [net.minecraftforge.fml.config.ConfigFileTypeHandler/CONFIG]: Loaded TOML config file /workspaces/mineee2/servidor_minecraft/config/zeta-common.toml
[28Mar2025 18:26:29.144] [main/DEBUG] [net.minecraftforge.fml.config.ConfigFileTypeHandler/CONFIG]: Watching TOML config file /workspaces/mineee2/servidor_minecraft/config/zeta-common.toml for changes
[28Mar2025 18:26:29.145] [main/INFO] [zeta/]: 'zeta' is enabling Zeta's piston structure resolver.
[28Mar2025 18:26:29.149] [Thread-2/DEBUG] [net.minecraftforge.fml.config.ConfigFileTypeHandler/CONFIG]: Config file paraglider-player-states.toml changed, sending notifies
[28Mar2025 18:26:29.174] [Thread-2/DEBUG] [net.minecraftforge.fml.config.ConfigFileTypeHandler/CONFIG]: Config file supplementaries-common.toml changed, sending notifies
[28Mar2025 18:26:29.213] [modloading-worker-0/DEBUG] [Calio/]: Registered 4 packets
[28Mar2025 18:26:29.228] [modloading-worker-0/DEBUG] [mixin/]: Mixing MixinSlotAttribute from curios.mixins.json into top.theillusivec4.curios.api.SlotAttribute
[28Mar2025 18:26:29.238] [modloading-worker-0/DEBUG] [mixin/]: Mixing MixinCuriosApi from curios.mixins.json into top.theillusivec4.curios.api.CuriosApi
[28Mar2025 18:26:29.318] [modloading-worker-0/DEBUG] [io.github.apace100.apoli.Apoli/]: Registered 9 newtork messages.
[28Mar2025 18:26:29.387] [modloading-worker-0/DEBUG] [io.github.apace100.origins.Origins/]: Registered 9 packets
[28Mar2025 18:26:29.609] [modloading-worker-0/INFO] [Dungeon Crawl/]: Common Setup
[28Mar2025 18:26:29.883] [modloading-worker-0/DEBUG] [mixin/]: Mixing MixinNbtPredicate from curios.mixins.json into net.minecraft.advancements.critereon.NbtPredicate
[28Mar2025 18:26:29.899] [main/DEBUG] [net.minecraftforge.fml.DeferredWorkQueue/LOADING]: Dispatching synchronous work for work queue COMMON_SETUP: 31 jobs
[28Mar2025 18:26:29.904] [Forge Version Check/INFO] [net.minecraftforge.fml.VersionChecker/]: [mcwbridges] Starting version check at https://raw.githubusercontent.com/sketchmacaw/macawsmods/master/bridges.json
[28Mar2025 18:26:30.102] [main/INFO] [Moonlight/]: Initialized color sets in 172ms
[28Mar2025 18:26:30.110] [main/DEBUG] [mixin/]: Mixing IMixinEnderDragonPhase from endertrigon.mixins.json into net.minecraft.world.entity.boss.enderdragon.phases.EnderDragonPhase
[28Mar2025 18:26:30.111] [main/DEBUG] [mixin/]: Renaming @Invoker method callCreate(Ljava/lang/Class;Ljava/lang/String;)Lnet/minecraft/world/entity/boss/enderdragon/phases/EnderDragonPhase; to callCreate_$md$536553$0 in endertrigon.mixins.json:IMixinEnderDragonPhase
[28Mar2025 18:26:30.120] [main/DEBUG] [mixin/]: Mixing MixinDragonHoldingPatternPhase from endertrigon.mixins.json into net.minecraft.world.entity.boss.enderdragon.phases.DragonHoldingPatternPhase
[28Mar2025 18:26:30.122] [main/DEBUG] [mixin/]: Renaming @Accessor method getTargeting()Lnet/minecraft/world/entity/ai/targeting/TargetingConditions; to getTargeting_$md$536553$0 in endertrigon.mixins.json:MixinDragonHoldingPatternPhase
[28Mar2025 18:26:30.170] [main/DEBUG] [mixin/]: Mixing MixinDragonStrafePlayerPhase from endertrigon.mixins.json into net.minecraft.world.entity.boss.enderdragon.phases.DragonStrafePlayerPhase
[28Mar2025 18:26:30.172] [main/DEBUG] [mixin/]: Renaming synthetic method lambda$doServerTickInvoke$0()Ljava/lang/NullPointerException; to md536553$lambda$doServerTickInvoke$0$0 in endertrigon.mixins.json:MixinDragonStrafePlayerPhase
[28Mar2025 18:26:30.219] [main/DEBUG] [mixin/]: Mixing MixinDragonChargePlayerPhase from endertrigon.mixins.json into net.minecraft.world.entity.boss.enderdragon.phases.DragonChargePlayerPhase
[28Mar2025 18:26:30.221] [main/DEBUG] [mixin/]: Renaming @Accessor method getLogger()Lorg/slf4j/Logger; to getLogger_$md$536553$0 in endertrigon.mixins.json:MixinDragonChargePlayerPhase
[28Mar2025 18:26:30.252] [Forge Version Check/DEBUG] [net.minecraftforge.fml.VersionChecker/]: [mcwbridges] Received version check data:
{
  "homepage": "https://www.curseforge.com/minecraft/mc-mods/macaws-bridges",
  "promos": {
  	"1.20.4-recommended": "3.0.0",
    "1.20.4-latest": "3.0.0",
	  "1.20.3-recommended": "3.0.0",
    "1.20.3-latest": "3.0.0",
	  "1.20.2-recommended": "3.0.0",
    "1.20.2-latest": "3.0.0",
    "1.20.1-recommended": "3.0.0",
    "1.20.1-latest": "3.0.0",
    "1.20-recommended": "3.0.0",
    "1.20-latest": "3.0.0",
    "1.19.4-recommended": "3.0.0",
    "1.19.4-latest": "3.0.0",
    "1.19.3-recommended": "3.0.0",
    "1.19.3-latest": "3.0.0",
    "1.19.2-recommended": "3.0.0",
    "1.19.2-latest": "3.0.0",
    "1.19.1-recommended": "3.0.0",
    "1.19.1-latest": "3.0.0",
    "1.19-recommended": "3.0.0",
    "1.19-latest": "3.0.0",
    "1.18.2-recommended": "3.0.0",
    "1.18.2-latest": "3.0.0",
    "1.18.1-recommended": "3.0.0",
    "1.18.1-latest": "3.0.0",
    "1.17.1-recommended": "3.0.0",
    "1.17.1-latest": "3.0.0",
    "1.16.5-latest": "3.0.0",
    "1.16.5-recommended": "3.0.0",
    "1.15.2-latest": "1.0.6",
    "1.14.4-latest": "1.0.6",
    "1.12.2-latest": "1.0.6",
    "1.15.2-recommended": "1.0.6",
    "1.14.4-recommended": "1.0.6",
    "1.12.2-recommended": "1.0.6"
  }
}
[28Mar2025 18:26:30.253] [Forge Version Check/INFO] [net.minecraftforge.fml.VersionChecker/]: [mcwbridges] Found status: UP_TO_DATE Current: 3.0.0 Target: null
[28Mar2025 18:26:30.253] [Forge Version Check/INFO] [net.minecraftforge.fml.VersionChecker/]: [moonlight] Starting version check at https://raw.githubusercontent.com/MehVahdJukaar/Moonlight/multi-loader/forge/update.json
[28Mar2025 18:26:30.254] [main/DEBUG] [endertrigon/EnderTrigonDragonPhases/]: Registered custom dragon phases:
[28Mar2025 18:26:30.254] [main/DEBUG] [endertrigon/EnderTrigonDragonPhases/]: Enabled: TRUE ---> ChargeUp
[28Mar2025 18:26:30.255] [main/DEBUG] [endertrigon/EnderTrigonDragonPhases/]: Enabled: TRUE ---> SnatchPlayer
[28Mar2025 18:26:30.255] [main/DEBUG] [endertrigon/EnderTrigonDragonPhases/]: Enabled: TRUE ---> CarryPlayer
[28Mar2025 18:26:30.255] [main/DEBUG] [endertrigon/EnderTrigonDragonPhases/]: Enabled: TRUE ---> CrashPlayer
[28Mar2025 18:26:30.255] [main/DEBUG] [endertrigon/EnderTrigonDragonPhases/]: Enabled: TRUE ---> DiveBombPlayer
[28Mar2025 18:26:30.262] [Forge Version Check/DEBUG] [net.minecraftforge.fml.VersionChecker/]: [moonlight] Received version check data:
{
  "homepage": "https://www.curseforge.com/minecraft/mc-mods/selene",
  "promos": {
    "1.19.2-latest": "1.19.2-2.3.7",
    "1.19.2-recommended": "1.19.2-2.3.7"
  }
}
[28Mar2025 18:26:30.262] [Forge Version Check/INFO] [net.minecraftforge.fml.VersionChecker/]: [moonlight] Found status: BETA Current: 1.20-2.13.70 Target: null
[28Mar2025 18:26:30.263] [Forge Version Check/INFO] [net.minecraftforge.fml.VersionChecker/]: [journeymap] Starting version check at https://forge.curseupdate.com/32274/journeymap
[28Mar2025 18:26:30.267] [main/INFO] [terrablender/]: Registered region minecraft:overworld to index 0 for type OVERWORLD
[28Mar2025 18:26:30.269] [main/INFO] [terrablender/]: Registered region minecraft:nether to index 0 for type NETHER
[28Mar2025 18:26:30.269] [main/INFO] [terrablender/]: Registered region biomesoplenty:overworld_primary to index 1 for type OVERWORLD
[28Mar2025 18:26:30.270] [main/INFO] [terrablender/]: Registered region biomesoplenty:overworld_secondary to index 2 for type OVERWORLD
[28Mar2025 18:26:30.270] [main/INFO] [terrablender/]: Registered region biomesoplenty:overworld_rare to index 3 for type OVERWORLD
[28Mar2025 18:26:30.271] [main/INFO] [terrablender/]: Registered region biomesoplenty:nether_common to index 1 for type NETHER
[28Mar2025 18:26:30.271] [main/INFO] [terrablender/]: Registered region biomesoplenty:nether_rare to index 2 for type NETHER
[28Mar2025 18:26:30.391] [main/INFO] [journeymap/]: Initializing Packet Registries
[28Mar2025 18:26:30.484] [main/INFO] [com.tiviacz.travelersbackpack.TravelersBackpack/]: Registered the FluidEffect with Unique ID of minecraft:water for Water (Fluid Amount Required: 1000) with the ID 0
[28Mar2025 18:26:30.490] [main/INFO] [com.tiviacz.travelersbackpack.TravelersBackpack/]: Registered the FluidEffect with Unique ID of minecraft:lava for Lava (Fluid Amount Required: 1000) with the ID 1
[28Mar2025 18:26:30.493] [main/INFO] [com.tiviacz.travelersbackpack.TravelersBackpack/]: Registered the FluidEffect with Unique ID of travelersbackpack:potion for Uncraftable Potion (Fluid Amount Required: 250) with the ID 2
[28Mar2025 18:26:30.495] [main/INFO] [com.tiviacz.travelersbackpack.TravelersBackpack/]: Registered the FluidEffect with Unique ID of minecraft:milk for Milk (Fluid Amount Required: 1000) with the ID 3
[28Mar2025 18:26:30.504] [main/INFO] [ribbits/]: Registering Ribbit umbrella types...
[28Mar2025 18:26:30.504] [main/INFO] [ribbits/]: Registering Ribbit professions...
[28Mar2025 18:26:30.506] [main/INFO] [ribbits/]: Registering Ribbit instruments...
[28Mar2025 18:26:30.515] [main/INFO] [ribbits/]: Registering Ribbit data serializers...
[28Mar2025 18:26:30.545] [main/DEBUG] [crackerslib/ConfigPresets/]: Gathered presets for 0 mod(s)
[28Mar2025 18:26:30.616] [Forge Version Check/DEBUG] [net.minecraftforge.fml.VersionChecker/]: [journeymap] Received version check data:
{"promos":{"1.10.2-latest":"1.10.2-5.5.2","1.10.2-recommended":"1.10.2-5.5.2","1.11-latest":"1.11-5.4.6","1.11-recommended":"1.11-5.4.6","1.11.2-latest":"1.11.2-5.5.2","1.11.2-recommended":"1.11.2-5.5.2","1.12-latest":"1.12-5.5.2","1.12-recommended":"1.12-5.5.2","1.12.1-latest":"1.12.1-5.5.2","1.12.1-recommended":"1.12.1-5.5.2","1.12.2-latest":"1.12.2-5.7.1p3","1.12.2-recommended":"1.12.2-5.7.1p3","1.14.4-latest":"5.7.0","1.14.4-recommended":"5.7.0","1.15.2-latest":"5.7.0","1.15.2-recommended":"5.7.0","1.16.2-latest":"5.7.3","1.16.2-recommended":"5.7.3","1.16.3-latest":"5.7.3","1.16.3-recommended":"5.7.3","1.16.4-latest":"5.7.3","1.16.4-recommended":"5.7.3","1.16.5-latest":"5.8.6","1.16.5-recommended":"5.8.6","1.17.1-latest":"5.8.0","1.17.1-recommended":"5.8.0","1.18-latest":"5.8.0alpha9","1.18.1-latest":"5.8.1","1.18.1-recommended":"5.8.1","1.18.2-latest":"5.9.8","1.18.2-recommended":"5.9.8","1.19-latest":"5.8.5","1.19-recommended":"5.8.5","1.19.1-latest":"5.9.0beta2","1.19.2-latest":"5.9.8","1.19.2-recommended":"5.9.8","1.19.3-latest":"5.9.7","1.19.3-recommended":"5.9.7","1.19.4-latest":"5.9.8","1.19.4-recommended":"5.9.8","1.20-latest":"5.9.8","1.20-recommended":"5.9.8","1.20.1-latest":"5.10.3","1.20.1-recommended":"5.10.3","1.20.2-latest":"5.9.21","1.20.2-recommended":"5.9.21","1.20.3-latest":"5.9.18","1.20.3-recommended":"5.9.18","1.20.4-latest":"5.10.0","1.20.4-recommended":"5.10.0","1.20.6-latest":"5.10.0","1.20.6-recommended":"5.10.0","1.21-latest":"1.21-6.0.0-beta.27","1.21.1-latest":"1.21.1-6.0.0-beta.35","1.21.4-latest":"1.21.4-6.0.0-beta.35","1.6.4-latest":"4.0.3","1.6.4-recommended":"4.0.3","1.7.10-latest":"5.2.8","1.7.10-recommended":"5.2.8","1.7.2-latest":"4.0.3","1.7.2-recommended":"4.0.3","1.8-latest":"1.8-5.1.3","1.8-recommended":"1.8-5.1.3","1.8.8-latest":"1.8.8-5.1.3","1.8.8-recommended":"1.8.8-5.1.3","1.8.9-latest":"1.8.9-5.2.4","1.8.9-recommended":"1.8.9-5.2.4","1.9-latest":"1.9-5.5.2","1.9-recommended":"1.9-5.5.2","1.9.4-latest":"1.9.4-5.5.2","1.9.4-recommended":"1.9.4-5.5.2"},"homepage":"https://www.curseforge.com/minecraft/mc-mods/journeymap"}
[28Mar2025 18:26:30.618] [Forge Version Check/INFO] [net.minecraftforge.fml.VersionChecker/]: [journeymap] Found status: UP_TO_DATE Current: 5.10.3 Target: null
[28Mar2025 18:26:30.618] [Forge Version Check/INFO] [net.minecraftforge.fml.VersionChecker/]: [securitycraft] Starting version check at https://www.github.com/Geforce132/SecurityCraft/raw/master/Updates/Forge.json
[28Mar2025 18:26:30.955] [main/INFO] [Framework/SYNCED_ENTITY_DATA]: Registered synced data key refurbished_furniture:lock_yaw for refurbished_furniture:seat
[28Mar2025 18:26:31.027] [Forge Version Check/DEBUG] [net.minecraftforge.fml.VersionChecker/]: [securitycraft] Received version check data:
{
    "homepage": "https://www.curseforge.com/minecraft/mc-mods/security-craft/",
    "promos": {
        "1.7.10-latest": "v1.8.13",
        "1.7.10-recommended": "v1.8.13",
        "1.8-latest": "v1.8.12.1",
        "1.8-recommended": "v1.8.12.1",
        "1.8.8-latest": "v1.8.12.1",
        "1.8.8-recommended": "v1.8.12.1",
        "1.8.9-latest": "v1.8.12.1",
        "1.8.9-recommended": "v1.8.12.1",
        "1.9.4-latest": "v1.8.12",
        "1.9.4-recommended": "v1.8.12",
        "1.10.2-latest": "v1.8.12",
        "1.10.2-recommended": "v1.8.12",
        "1.11.2-latest": "v1.8.12.1",
        "1.11.2-recommended": "v1.8.12.1",
        "1.12-latest": "v1.8.8.1",
        "1.12-recommended": "v1.8.8.1",
        "1.12.1-latest": "v1.8.8.1",
        "1.12.1-recommended": "v1.8.8.1",
        "1.13.2-latest": "v1.8.13",
        "1.13.2-recommended": "v1.8.13",
        "1.14.3-latest": "v1.8.12-beta2",
        "1.14.3-recommended": "v1.8.12-beta2",
        "1.14.4-latest": "v1.8.22.2",
        "1.14.4-recommended": "v1.8.22.2",
        "1.15.1-latest": "v1.8.15-beta2",
        "1.15.1-recommended": "v1.8.15-beta2",
        "1.15.2-latest": "v1.9.1",
        "1.15.2-recommended": "v1.9.1",
        "1.16.1-latest": "v1.8.19.3",
        "1.16.1-recommended": "v1.8.19.3",
        "1.16.2-latest": "v1.8.19.3",
        "1.16.2-recommended": "v1.8.19.3",
        "1.16.3-latest": "v1.8.21.1",
        "1.16.3-recommended": "v1.8.21.1",
        "1.16.4-latest": "v1.8.21.1",
        "1.16.4-recommended": "v1.8.21.1",
        "1.17.1-latest": "1.9.5",
        "1.17.1-recommended": "1.9.5",
        "1.18.1-latest": "1.9.0.2-beta1",
        "1.18.1-recommended": "1.9.0.2-beta1",
        "1.19-latest": "1.9.3.1",
        "1.19-recommended": "1.9.3.1",
        "1.19.1-latest": "1.9.3.1",
        "1.19.1-recommended": "1.9.3.1",
        "1.19.2-latest": "1.9.6.1",
        "1.19.2-recommended": "1.9.6.1",
        "1.19.3-latest": "1.9.8",
        "1.19.3-recommended": "1.9.8",
        "1.20-latest": "1.9.7-beta2",
        "1.20-recommended": "1.9.7-beta2",
        "1.20.2-latest": "1.9.9",
        "1.20.2-recommended": "1.9.9",
        "1.21-latest": "1.9.10-beta7",
        "1.21-recommended": "1.9.10-beta7",
        "1.21.2-latest": "1.9.11-beta2",
        "1.21.2-recommended": "1.9.11-beta2",

        "1.12.2-latest": "v1.9.12",
        "1.12.2-recommended": "v1.9.12",
        "1.16.5-latest": "v1.9.12.1",
        "1.16.5-recommended": "v1.9.12.1",
        "1.18.2-latest": "1.9.12",
        "1.18.2-recommended": "1.9.12",
        "1.19.4-latest": "1.9.12",
        "1.19.4-recommended": "1.9.12",
        "1.20.1-latest": "1.9.12",
        "1.20.1-recommended": "1.9.12",
        "1.20.4-latest": "1.9.12",
        "1.20.4-recommended": "1.9.12",
        "1.20.6-latest": "1.9.12",
        "1.20.6-recommended": "1.9.12",
        "1.21.1-latest": "1.9.12",
        "1.21.1-recommended": "1.9.12",
        "1.21.3-latest": "1.9.12",
        "1.21.3-recommended": "1.9.12",
        "1.21.4-latest": "1.9.12-beta4",
        "1.21.4-recommended": "1.9.12-beta4"
    },
    "1.7.10": {
        "v1.8.13": "https://github.com/Geforce132/SecurityCraft/blob/1.7.10/Changelog%20v1.8.x.md"
    },
    "1.8": {
        "v1.8.12": "https://github.com/Geforce132/SecurityCraft/blob/1.8/Changelog%20v1.8.x.md"
    },
    "1.8.8": {
        "v1.8.12.1": "https://github.com/Geforce132/SecurityCraft/blob/1.8.9/Changelog%20v1.8.x.md"
    },
    "1.8.9": {
        "v1.8.12.1": "https://github.com/Geforce132/SecurityCraft/blob/1.8.9/Changelog%20v1.8.x.md"
    },
    "1.9.4": {
        "v1.8.12": "https://github.com/Geforce132/SecurityCraft/blob/1.9.4/Changelog%20v1.8.x.md"
    },
    "1.10.2": {
        "v1.8.12": "https://github.com/Geforce132/SecurityCraft/blob/1.10.2/Changelog%20v1.8.x.md"
    },
    "1.11.2": {
        "v1.8.12.1": "https://github.com/Geforce132/SecurityCraft/blob/1.11.2/Changelog%20v1.8.x.md"
    },
    "1.12": {
        "v1.8.8.1": "https://github.com/Geforce132/SecurityCraft/blob/54061f84f188c33db291770e550c4c84a927194c/Changelog%20v1.8.x.md"
    },
    "1.12.1": {
        "v1.8.8.1": "https://github.com/Geforce132/SecurityCraft/blob/54061f84f188c33db291770e550c4c84a927194c/Changelog%20v1.8.x.md"
    },
    "1.13.2": {
        "v1.8.13": "https://github.com/Geforce132/SecurityCraft/blob/1.13.2/Changelog%20v1.8.x.md"
    },
    "1.14.3": {
        "v1.8.12-beta2": "https://github.com/Geforce132/SecurityCraft/blob/b20ce0945abdccb8f2b6abaea5d26c28d0a3b916/Changelog%20v1.8.x.md"
    },
    "1.14.4": {
        "v1.8.22.2": "https://github.com/Geforce132/SecurityCraft/blob/1.14.4/Changelog%20v1.8.x.md"
    },
    "1.15.1": {
        "v1.8.15-beta2": "https://github.com/Geforce132/SecurityCraft/blob/04f414232af5250193ed610da93696a830584cc9/Changelog%20v1.8.x.md"
    },
    "1.15.2": {
        "v1.9.1": "https://github.com/Geforce132/SecurityCraft/blob/1.15.x/Changelog.md"
    },
    "1.16.1": {
        "v1.8.19.3": "https://github.com/Geforce132/SecurityCraft/blob/1.16.1/Changelog%20v1.8.x.md"
    },
    "1.16.2": {
        "v1.8.19.3": "https://github.com/Geforce132/SecurityCraft/blob/1.16.1/Changelog%20v1.8.x.md"
    },
    "1.16.3": {
        "v1.8.21.1": "https://github.com/Geforce132/SecurityCraft/blob/44460188b9bf30b94f122ba362092cba5e76e0d2/Changelog%20v1.8.x.md"
    },
    "1.16.4": {
        "v1.8.21.1": "https://github.com/Geforce132/SecurityCraft/blob/44460188b9bf30b94f122ba362092cba5e76e0d2/Changelog%20v1.8.x.md"
    },
    "1.17.1": {
        "1.9.5": "https://github.com/Geforce132/SecurityCraft/blob/1.17.1/Changelog.md"
    },
    "1.18.1": {
        "1.9.0.2-beta1": "https://github.com/Geforce132/SecurityCraft/blob/1.18.1/Changelog.md"
    },
    "1.19": {
        "1.9.3.1": "https://github.com/Geforce132/SecurityCraft/blob/1.19/Changelog.md"
    },
    "1.19.1": {
        "1.9.3.1": "https://github.com/Geforce132/SecurityCraft/blob/c60edcc5881fc8ca4394bfeae3254ab0d693ab5e/Changelog.md"
    },
    "1.19.2": {
        "1.9.6.1": "https://github.com/Geforce132/SecurityCraft/blob/1.19.1/Changelog.md"
    },
    "1.19.3": {
        "1.9.8": "https://github.com/Geforce132/SecurityCraft/blob/1.19.3/Changelog.md"
    },
    "1.20": {
        "1.9.7-beta2": "https://github.com/Geforce132/SecurityCraft/blob/1.20/Changelog.md"
    },
    "1.20.2": {
        "1.9.9": "https://github.com/Geforce132/SecurityCraft/blob/1.20.2/Changelog.md"
    },
    "1.21": {
        "1.9.10-beta7": "https://github.com/Geforce132/SecurityCraft/blob/a74d63ec9796e54c5bd8d22c18a320146560a753/Changelog.md"
    },
    "1.21.2": {
        "1.9.11-beta2": "https://github.com/Geforce132/SecurityCraft/blob/63c87ccbc661cecac0e75d54b81b571a3d17a29e/Changelog.md"
    },

    "1.12.2": {
        "v1.9.12": "https://github.com/Geforce132/SecurityCraft/blob/1.12.2/Changelog.md"
    },
    "1.16.5": {
        "v1.9.12.1": "https://github.com/Geforce132/SecurityCraft/blob/1.16.2/Changelog.md"
    },
    "1.18.2": {
        "1.9.12": "https://github.com/Geforce132/SecurityCraft/blob/1.18.2/Changelog.md"
    },
    "1.19.4": {
        "1.9.12": "https://github.com/Geforce132/SecurityCraft/blob/1.19.4/Changelog.md"
    },
    "1.20.1": {
        "1.9.12": "https://github.com/Geforce132/SecurityCraft/blob/1.20/Changelog.md"
    },
    "1.20.4": {
        "1.9.12": "https://github.com/Geforce132/SecurityCraft/blob/1.20.4/Changelog.md"
    },
    "1.20.6": {
        "1.9.12": "https://github.com/Geforce132/SecurityCraft/blob/1.20.6/Changelog.md"
    },
    "1.21.1": {
        "1.9.12": "https://github.com/Geforce132/SecurityCraft/blob/1.21/Changelog.md"
    },
    "1.21.3": {
        "1.9.12": "https://github.com/Geforce132/SecurityCraft/blob/1.21.3/Changelog.md"
    },
    "1.21.4": {
        "1.9.12-beta4": "https://github.com/Geforce132/SecurityCraft/blob/1.21.4/Changelog.md"
    }
}
[28Mar2025 18:26:31.029] [Forge Version Check/INFO] [net.minecraftforge.fml.VersionChecker/]: [securitycraft] Found status: UP_TO_DATE Current: 1.9.12 Target: null
[28Mar2025 18:26:31.031] [Forge Version Check/INFO] [net.minecraftforge.fml.VersionChecker/]: [travelersbackpack] Starting version check at https://gist.githubusercontent.com/Tiviacz1337/906937677aa472285dff9d6c2a189d5e/raw
[28Mar2025 18:26:31.120] [main/INFO] [Supplementaries/]: Finished mod setup in: [0, 10, 0, 10, 0, 0, 32, 33, 5] ms
[28Mar2025 18:26:31.123] [main/DEBUG] [net.minecraftforge.fml.DeferredWorkQueue/LOADING]: Synchronous work queue completed in 1.219 s
[28Mar2025 18:26:31.141] [Forge Version Check/DEBUG] [net.minecraftforge.fml.VersionChecker/]: [travelersbackpack] Received version check data:
{ 
        "homepage": "https://www.curseforge.com/minecraft/mc-mods/travelers-backpack", 
        "promos": {
		"1.20.4-recommended": "9.4.2",
		"1.20.4-latest": "9.4.2",
		"1.20.2-recommended": "9.2.4",
		"1.20.2-latest": "9.2.4",
		"1.20.1-recommended": "9.1.16",
		"1.20.1-latest": "9.1.16",
		"1.20-recommended": "9.0.2",
		"1.20-latest": "9.0.2",
		"1.19.4-recommended": "8.4.20",
		"1.19.4-latest": "8.4.20",
		"1.19.3-recommended": "8.3.9",
		"1.19.3-latest": "8.3.9",
		"1.19.2-recommended": "8.2.40",
		"1.19.2-latest": "8.2.40",
		"1.19.1-recommended": "8.1.1",
		"1.19.1-latest": "8.1.1",
		"1.19-recommended": "8.0.8",
		"1.19-latest": "8.0.8",
		"1.18.2-recommended": "7.1.48",
		"1.18.2-latest": "7.1.48",
		"1.18.1-recommended": "7.0.4",
		"1.18.1-latest": "7.0.5",
		"1.17.1-recommended": "6.0.52",
		"1.17.1-latest": "6.0.52",
		"1.16.5-recommended": "5.4.51",
		"1.16.5-latest": "5.4.51",
		"1.16.4-recommended": "5.3.8",
		"1.16.4-latest": "5.3.8",
		"1.16.3-recommended": "5.2.1",
		"1.16.3-latest": "5.2.1",
		"1.16.2-recommended": "5.1.1",
		"1.16.2-latest": "5.1.1",
		"1.16.1-recommended": "5.0.1",
		"1.16.1-latest": "5.0.1",
		"1.15.2-recommended": "4.0.8",
		"1.15.2-latest": "4.0.8",
		"1.14.4-recommended": "3.0.8",
		"1.14.4-latest": "3.0.8",
                "1.12.2-recommended": "1.0.34",
		"1.12.2-latest": "1.0.34"
        }, 
        "1.12.2": {
			"0.0.3a": "Added sleeping bag",
			"0.0.4a": "Added ability to wear backpack on player's back!",
			"0.0.5a": "Implemented swapping between tools!",
			"0.0.6a": "Added missing recipe for sleeping bag",
			"0.0.7a": "Fixes for server",
			"0.0.8a": "Added backpack renderer on player's back!",
			"0.0.9a": "Added tools render on backpack",
			"0.1.0a": "Fixed tile entity data loading",
			"0.1.1a": "Added hose, bug fixes",
			"0.1.2a": "Fixed server crash",
			"0.1.3a": "Added more backpack types!",
			"0.1.4a": "Added fluid render to block and wearable model",
			"0.1.5a": "Fixed some bugs and added more custom backpacks",
			"0.1.6a": "Added potions as fluids!",
			"0.1.7a": "Fixed rendering-thing on server",
			"0.1.8a": "Fixed some minor issues",
			"1.0.19.19": "First beta release",
			"1.0.20.20": "Mainly bug fixes",
			"1.0.21.21": "Bug fixes",
			"1.0.22.22": "Added backpack abilities",
			"1.0.23.23": "Bug fixes",
			"1.0.24.24": "Bug fixes",
			"1.0.25.25": "Bug fixes",
			"1.0.26.26": "Fixed NPE",
			"1.0.27": "Capability code clean-up, bug fix",
			"1.0.28": "Mod ID change, see note in 1.0.28 on the site",
			"1.0.29": "Mod ID change, see note in 1.0.29 on the site",
			"1.0.30": "Bug fixes, standard backpack texture improvements",
			"1.0.31": "Fixed bug that causes buckets to dissapear",
			"1.0.32": "Added in-game warning about modid change and method to keep backpacks after updating to newer version",
			"1.0.33": "Fixed backpack dissapear in explosions",
			"1.0.34": "Mainly bug fixes",
			"1.0.35": "Misc bug fixes"
        },
	"1.14.4":  { 
			"3.0.7": "Initial port",
			"3.0.8": "Compatibility for modded tools"
	},
	"1.15.2":  {
      			"4.0.0": "Initial port",
			"4.0.1": "FPS bug fix",
			"4.0.2": "Fixed unwanted backpack placement after death",
			"4.0.3": "Fixed NPE while using sleeping bag",
			"4.0.4": "Fixed crash, updated few textures",
			"4.0.5": "Bug fixes",
			"4.0.6": "Fixed backpack dissapear in explosions",
			"4.0.7": "Keybind for tool cycle",
			"4.0.8": "Compatibility for modded tools"
	},
	"1.16.1":  { 
			"5.0.0": "Initial port",
			"5.0.1": "Fixed backpack not saving contents, compatibility for modded tools"
	},
	"1.16.2":  { 
			"5.1.0": "Initial port",
			"5.1.1": "Fixed server crashes, backpack not saving contents, compatibility for modded tools"
	},
	"1.16.3":  { 
			"5.2.1": "Initial port"
	},
	"1.16.4":  { 
			"5.3.1": "Initial port",
			"5.3.2": "Bug fixes, game-breaking change",
			"5.3.3": "A lot of bug fixes",
			"5.3.4": "Dupe bug fix",
			"5.3.5": "Curios integration",
			"5.3.6": "Crafting grid dupe bug fix",
			"5.3.7": "Crash fix, curiosIntegration option migration",
			"5.3.8": "Fixed item saving bug"
	},
	"1.16.5":  { 
			"5.3.8": "Fixed item saving bug",
			"5.4.0": "Few new custom backpacks",
			"5.4.1": "Fixed villager trades",
			"5.4.2": "Fixed crash with turkish language and small tweaks",
			"5.4.3": "Fixed dupe bug",
			"5.4.4": "JEI dupe bug fix and more",
			"5.4.5": "Dyeable backpacks update! :>",
			"5.4.6": "More backpacks and bug fixes",
			"5.4.7": "Exploit and bug fixes",
			"5.4.8": "Fixed spawn point setting",
			"5.4.9": "20 new backpacks",
			"5.4.10": "Added backpack abilties",
			"5.4.11": "Code cleanup",
			"5.4.12": "Fixed crash",
			"5.4.13": "Added sorting buttons",
			"5.4.14": "Fixed LAN crash",
			"5.4.15": "Fixed few bugs",
			"5.4.16": "Fixed crash",
			"5.4.17": "Fixed bugs",
			"5.4.18": "Fixed crash",
			"5.4.19": "Fixed curio dupe bug",
			"5.4.20": "Added 9 new abilities",
			"5.4.21": "Added too many backpacks slowness effect",
			"5.4.22": "Fixed abilities",
			"5.4.23": "Added colorable sleeping bags",
			"5.4.24": "Bug fixes",
			"5.4.25": "Added slot memory",
			"5.4.26": "Added dedicated settings menu",
			"5.4.28": "Added milk and milk effect",
			"5.4.29": "Mobs can spawn with backpack equipped",
			"5.4.31": "Added /restore command",
			"5.4.32": "Added void protection config option",
			"5.4.33": "Fixed bad coded coordinates",
			"5.4.35": "Tweaked config and commands",
			"5.4.36": "Added backpack tiers",
			"5.4.37": "Changed tier upgrades recipes",
			"5.4.38": "Added enableTierUpgrades config option",
			"5.4.39": "Added Crafting widget",
			"5.4.40": "Fixed dupe bug",
			"5.4.41": "Backpack can be placed in fluids after death",
			"5.4.42": "Added compat with gravestone mods",
			"5.4.43": "Tweaked some recipes",
			"5.4.44": "Misc",
			"5.4.45": "Misc",
			"5.4.46": "Misc",
			"5.4.47": "Added tool slots widget",
			"5.4.48": "Fixed few bugs",
			"5.4.49": "Shift + Right Click with Empty Hand allows to place backpack on the ground",
			"5.4.50": "Sleeping bag can be used without backpack",
			"5.4.51": "Added loot to chests and fixed bugs"
	},
	"1.17.1":  { 
			"6.0.0": "Initial Release",
			"6.0.1": "Fixed datapack issue",
			"6.0.2": "Fixed crash with newest Forge",
			"6.0.3": "Fixed backpack disappearing on death",
			"6.0.4": "JEI integration and more",
			"6.0.5": "Dyeable backpacks update! :>",
			"6.0.6": "More backpacks and bug fixes",
			"6.0.7": "Fixed significant FPS drop",
			"6.0.8": "Fixed dupe bug",
			"6.0.9": "Fixed spawn point setting",
			"6.0.10": "20 new backpacks",
			"6.0.11": "Added backpack abilties",
			"6.0.12": "Code cleanup",
			"6.0.13": "Fixed crash",
			"6.0.14": "Added sorting buttons",
			"6.0.15": "Fixed LAN crash",
			"6.0.16": "Fixed few bugs",
			"6.0.17": "Fixed crash",
			"6.0.18": "Fixed bugs",
			"6.0.19": "Fixed crash",
			"6.0.20": "Fixed curio dupe bug",
			"6.0.21": "Added 9 new abilities",
			"6.0.22": "Added too many backpacks slowness effect",
			"6.0.23": "Fixed abilities",
			"6.0.24": "Added colorable sleeping bags",
			"6.0.25": "Bug fixes",
			"6.0.26": "Added slot memory",
			"6.0.27": "Added dedicated settings menu",
			"6.0.29": "Added milk and milk effect",
			"6.0.30": "Mobs can spawn with backpack equipped",
			"6.0.32": "Added /restore command",
			"6.0.33": "Added void protection config option",
			"6.0.34": "Fixed bad coded coordinates",
			"6.0.36": "Tweaked config and commands",
			"6.0.37": "Added backpack Tiers",
			"6.0.38": "Changed tier upgrades recipes",
			"6.0.39": "Added enableTierUpgrades config option",
			"6.0.40": "Added Crafting widget",
			"6.0.41": "Fixed dupe bug",
			"6.0.42": "Backpack can be placed in fluids after death",
			"6.0.43": "Added compat with gravestone mods",
			"6.0.44": "Added inventory tooltip in preview",
			"6.0.45": "Misc",
			"6.0.46": "Misc",
			"6.0.47": "Misc",
			"6.0.48": "Added tool slots widget",
			"6.0.49": "Fixed few bugs",
			"6.0.50": "Shift + Right Click with Empty Hand allows to place backpack on the ground",
			"6.0.51": "Sleeping bag can be used without backpack",
			"6.0.52": "Added loot to chests and fixed bugs"
	},
	"1.18.1":  { 
			"7.0.0": "Initial Release",
			"7.0.1": "Backpack lose items bug fix",
			"7.0.2": "New backpacks",
			"7.0.3": "Fixed dupe bug",
			"7.0.4": "Fixed spawn point setting"
	},
	"1.18.2":  { 
			"7.1.0": "Initial Release",
			"7.1.1": "Fixed spawn point setting",
			"7.1.2": "20 new backpacks",
			"7.1.3": "Added backpack abilties",
			"7.1.4": "Code cleanup",
			"7.1.5": "Fixed bug with duplicating buckets",
			"7.1.6": "Fixed crash",
			"7.1.7": "Added sorting buttons",
			"7.1.8": "Fixed LAN crash",
			"7.1.9": "Fixed few bugs",
			"7.1.10": "Fixed crash",
			"7.1.11": "Fixed bugs",
			"7.1.12": "Fixed crash",
			"7.1.13": "Fixed curio dupe bug",
			"7.1.14": "Added 9 new abilities",
			"7.1.15": "Added too many backpacks slowness effect",
			"7.1.16": "Fixed abilities",
			"7.1.17": "Added colorable sleeping bags",
			"7.1.18": "Bug fixes",
			"7.1.20": "Added slot memory",
			"7.1.21": "Added dedicated settings menu",
			"7.1.23": "Added milk and milk effect",
			"7.1.24": "Mobs can spawn with backpack equipped",
			"7.1.26": "Added /restore command",
			"7.1.27": "Added void protection config option",
			"7.1.28": "Fixed bad coded coordinates",
			"7.1.30": "Tweaked config and commands",
			"7.1.31": "Added backpack Tiers",
			"7.1.32": "Changed tier upgrades recipes",
			"7.1.33": "Added enableTierUpgrades config option",
			"7.1.34": "Added Crafting widget",
			"7.1.35": "Fixed dupe bug",
			"7.1.36": "Backpack can be placed in fluids after death",
			"7.1.37": "Added compat with gravestone mods",
			"7.1.38": "Added inventory preview in tooltip",
			"7.1.39": "Misc",
			"7.1.40": "Misc",
			"7.1.41": "Misc",
			"7.1.42": "Added tool slots widget",
			"7.1.43": "Fixed few bugs",
			"7.1.44": "Shift + Right Click with Empty Hand allows to place backpack on the ground",
			"7.1.45": "Sleeping bag can be used without backpack",
			"7.1.46": "Added loot to chests and fixed bugs",
			"7.1.47": "Configuration for backpack slots",
			"7.1.48": "Added recipes to recipe book"
			
	},
	"1.19":  { 
			"8.0.0": "Initial Release",
			"8.0.1": "Fixed crashes",
			"8.0.2": "20 new backpacks",
			"8.0.3": "Added backpack abilties",
			"8.0.4": "Updated Forge",
			"8.0.5": "Fixed few bugs",
			"8.0.6": "Code cleanup",
			"8.0.7": "Fixed crash",
			"8.0.8": "Added sorting buttons"
	},
	"1.19.1":  { 
			"8.1.0": "Initial Release",
			"8.1.1": "Fixed LAN crash"
	},
	"1.19.2":  { 
			"8.2.0": "Initial Release",
			"8.2.1": "Fixed few bugs",
			"8.2.2": "Fixed crash",
			"8.2.3": "Fixed bugs",
			"8.2.4": "Fixed crash",
			"8.2.5": "Fixed curio dupe bug",
			"8.2.6": "Added 9 new abilities",
			"8.2.7": "Added too many backpacks slowness effect",
			"8.2.8": "Fixed abilities",
			"8.2.9": "Added colorable sleeping bags",
			"8.2.10": "Bug fixes",
			"8.2.11": "Added slot memory",
			"8.2.12": "Added dedicated settings menu",
			"8.2.14": "Added milk and milk effect",
			"8.2.15": "Mobs can spawn with backpack equipped",
			"8.2.17": "Added /restore command",
			"8.2.18": "Added void protection config option",
			"8.2.19": "Fixed bad coded coordinates",
			"8.2.21": "Tweaked config and commands",
			"8.2.22": "Added backpack tiers",
			"8.2.23": "Changed tier upgrades recipes",
			"8.2.24": "Missing texture hotfix",
			"8.2.25": "Added enableTierUpgrades config option",
			"8.2.26": "Added Crafting widget",
			"8.2.27": "Fixed dupe bug",
			"8.2.28": "Backpack can be placed in fluids after death",
			"8.2.29": "Added compat with gravestone mods",
			"8.2.30": "Added inventory preview in tooltip",
			"8.2.31": "Misc",
			"8.2.32": "Misc",
			"8.2.33": "Misc",
			"8.2.34": "Added tool slots widget",
			"8.2.35": "Fixed few bugs",
			"8.2.36": "Shift + Right Click with Empty Hand allows to place backpack on the ground",
			"8.2.37": "Sleeping bag can be used without backpack",
			"8.2.38": "Added loot to chests and fixed bugs",
			"8.2.39": "Configuration for backpack slots",
			"8.2.40": "Added recipes to recipe book"
	},
	"1.19.3":  { 
			"8.3.0": "Initial Release",
			"8.3.2": "Added milk and milk effect",
			"8.3.3": "Mobs can spawn with backpack equipped",
			"8.3.5": "Added /restore command",
			"8.2.6": "Added void protection config option",
			"8.2.7": "Fixed bad coded coordinates",
			"8.2.9": "Tweaked config and commands"
	},
	"1.19.4":  { 
			"8.4.2": "Tweaked config and commands",
			"8.4.3": "Added backpack tiers",
			"8.4.4": "Changed tier upgrades recipes",
			"8.4.5": "Added enableTierUpgrades config option",
			"8.4.6": "Added support for new smithing table",
			"8.4.7": "Added support for new smithing table",
			"8.4.8": "Added Crafting widget",
			"8.4.9": "Fixed dupe bug",
			"8.4.10": "Backpack can be placed in fluids after death",
			"8.4.11": "Added compat with gravestone mods",
			"8.4.12": "Added inventory preview in tooltip",
			"8.4.13": "Misc",
			"8.4.14": "Misc",
			"8.4.15": "Misc",
			"8.4.16": "Added tool slots widget",
			"8.4.17": "Fixed few bugs",
			"8.4.18": "Shift + Right Click with Empty Hand allows to place backpack on the ground",
			"8.4.19": "Sleeping bag can be used without backpack",
			"8.4.20": "Added loot to chests and fixed bugs"
	},
	"1.20":  { 
			"9.0.0": "Initial update",
			"9.0.1": "Fixed disappearing backpack on contact with water",
			"9.0.2": "Fixed smithing bug and restored Curios compat"
	},
	"1.20.1":  { 
			"9.1.0": "Initial update",
			"9.1.1": "Initial update",
			"9.1.2": "Fixed dupe bug",
			"9.1.3": "Added compat with gravestone mods",
			"9.1.4": "Added inventory preview in tooltip",
			"9.1.5": "Misc",
			"9.1.6": "Misc",
			"9.1.7": "Misc",
			"9.1.8": "Added tool slots widget",
			"9.1.9": "Fixed few bugs",
			"9.1.10": "Shift + Right Click with Empty Hand allows to place backpack on the ground",
			"9.1.11": "Sleeping bag can be used without backpack",
			"9.1.12": "Configuration for backpack slots",
			"9.1.13": "Added loot to chests and fixed bugs",
			"9.1.14": "Added recipes to recipe book",
			"9.1.15": "Improvements",
			"9.1.16": "Stopped excessive drops of backpack from mob farms, added visibility button, fixed some bugs"
	},
	"1.20.2":  { 
			"9.2.0": "Initial update",
			"9.2.1": "Fixed few bugs",
			"9.2.2": "Shift + Right Click with Empty Hand allows to place backpack on the ground",
			"9.2.3": "Sleeping bag can be used without backpack",
			"9.2.4": "Added loot to chests and fixed bugs"
	},
	"1.20.4":  { 
			"9.4.0": "Initial update",
			"9.4.1": "Configuration for backpack slots",
			"9.4.2": "Added recipes to recipe book"
	}
}
[28Mar2025 18:26:31.145] [Forge Version Check/INFO] [net.minecraftforge.fml.VersionChecker/]: [travelersbackpack] Found status: UP_TO_DATE Current: 9.1.16 Target: null
[28Mar2025 18:26:31.145] [Forge Version Check/INFO] [net.minecraftforge.fml.VersionChecker/]: [tombstone] Starting version check at https://raw.githubusercontent.com/Corail31/tombstone_lite/master/update.json
[28Mar2025 18:26:31.169] [Forge Version Check/DEBUG] [net.minecraftforge.fml.VersionChecker/]: [tombstone] Received version check data:
{
	"homepage": "https://www.curseforge.com/minecraft/mc-mods/corail-tombstone",
	"promos": {
		"1.21.4-latest": "9.3.7",
		"1.21.4-recommended": "9.3.7",
		"1.21.3-latest": "9.2.4",
		"1.21.3-recommended": "9.2.4",
		"1.21.1-latest": "9.1.10",
		"1.21.1-recommended": "9.1.10",
		"1.20.4-latest": "8.6.4",
		"1.20.4-recommended": "8.6.4",
		"1.20.2-latest": "8.6.3",
		"1.20.2-recommended": "8.6.3",
		"1.20.1-latest": "8.9.2",
		"1.20.1-recommended": "8.9.2",
		"1.19.4-latest": "8.4.2",
		"1.19.4-recommended": "8.4.2",
		"1.19.3-latest": "8.3.2",
		"1.19.3-recommended": "8.3.2",
		"1.19.2-latest": "8.3.7",
		"1.19.2-recommended": "8.3.7",
		"1.19.1-latest": "8.1.0",
		"1.19.1-recommended": "8.1.0",
		"1.18.2-latest": "7.7.6",
		"1.18.2-recommended": "7.7.6",
		"1.18.1-latest": "7.4.1",
		"1.18.1-recommended": "7.4.1",
		"1.17.1-latest": "7.3.0",
		"1.17.1-recommended": "7.3.0",
		"1.16.5-latest": "6.9.6",
		"1.16.5-recommended": "6.9.6",
		"1.15.2-latest": "4.6.0",
		"1.15.2-recommended": "4.6.0",
		"1.14.4-latest": "4.3.6",
		"1.14.4-recommended": "4.3.6",
		"1.13.2-latest": "3.5.2",
		"1.13.2-recommended": "3.5.2",
		"1.12.2-latest": "4.7.5",
		"1.12.2-recommended": "4.7.5",
		"1.11.2-latest": "2.9.0.1",
		"1.11.2-recommended": "2.9.0.1",
		"1.10.2-latest": "2.9.4",
		"1.10.2-recommended": "2.9.4",
		"1.9.4-latest": "1.4.1",
		"1.9.4-recommended": "1.4.1",
		"1.8.9-latest": "1.4.1",
		"1.8.9-recommended": "1.4.1"
	},
	"1.21.4": {
		"9.3.7": "improvements"
	},
	"1.21.3": {
		"9.2.4": "final version"
	},
	"1.21.1": {
		"9.1.10": "final version"
	},
	"1.20.4": {
		"8.6.4": "final version"
	},
	"1.20.2": {
		"8.6.3": "final version"
	},
	"1.20.1": {
		"8.9.2": "abandoned graves",
		"8.9.1": "improvements",
		"8.9.0": "improves enchantments",
		"8.8.6": "updates Christmas event"
	},
	"1.19.4": {
		"8.4.2": "final version"
	},
	"1.19.2": {
		"8.3.7": "final version"
	},
	"1.18.2": {
		"7.7.6": "final version"
	},
	"1.16.5": {
		"6.9.6": "final version"
	},
	"1.12.2": {
		"4.7.5": "final version"
	}
}
[28Mar2025 18:26:31.170] [Forge Version Check/INFO] [net.minecraftforge.fml.VersionChecker/]: [tombstone] Found status: OUTDATED Current: 8.9.0 Target: 8.9.2
[28Mar2025 18:26:31.170] [Forge Version Check/INFO] [net.minecraftforge.fml.VersionChecker/]: [refurbished_furniture] Starting version check at https://mrcrayfish.com/api/mod_update/forge/refurbished_furniture
[28Mar2025 18:26:31.428] [modloading-worker-0/INFO] [Jade/]: Start loading plugin at snownee.jade.addon.vanilla.VanillaPlugin
[28Mar2025 18:26:31.497] [modloading-worker-0/INFO] [Jade/]: Start loading plugin at snownee.jade.addon.universal.UniversalPlugin
[28Mar2025 18:26:31.506] [modloading-worker-0/INFO] [Jade/]: Start loading plugin at snownee.jade.addon.core.CorePlugin
[28Mar2025 18:26:31.513] [modloading-worker-0/INFO] [Jade/]: Start loading plugin at net.geforcemods.securitycraft.compat.hudmods.JadeDataProvider
[28Mar2025 18:26:31.526] [modloading-worker-0/INFO] [Jade/]: Start loading plugin at ovh.corail.tombstone.compatibility.IntegrationJade
[28Mar2025 18:26:31.527] [modloading-worker-0/INFO] [Jade/]: Start loading plugin at net.mehvahdjukaar.supplementaries.integration.JadeCompat
[28Mar2025 18:26:31.965] [Forge Version Check/DEBUG] [net.minecraftforge.fml.VersionChecker/]: [refurbished_furniture] Received version check data:
{"homepage":"https://mrcrayfish.com/mods/refurbished_furniture","promos":{"1.21.1-latest":"1.0.12","1.21-latest":"1.0.6","1.20.6-latest":"1.0.6","1.20.4-latest":"1.0.12","1.20.1-latest":"1.0.12","1.19.4-latest":"1.0.7","1.19.2-latest":"1.0.9"}}
[28Mar2025 18:26:31.967] [Forge Version Check/INFO] [net.minecraftforge.fml.VersionChecker/]: [refurbished_furniture] Found status: BETA_OUTDATED Current: 1.0.9 Target: 1.0.12
[28Mar2025 18:26:31.971] [Forge Version Check/INFO] [net.minecraftforge.fml.VersionChecker/]: [framework] Starting version check at https://mrcrayfish.com/modupdatejson?id=framework
[28Mar2025 18:26:33.073] [Forge Version Check/DEBUG] [net.minecraftforge.fml.VersionChecker/]: [framework] Received version check data:
{"homepage":"https://mrcrayfish.com/mods/framework","promos":{"1.21.3-latest":"0.9.5","1.21.1-latest":"0.9.4","1.21-latest":"0.9.1","1.20.6-latest":"0.8.13","1.20.4-latest":"0.7.12","1.20.1-latest":"0.7.12","1.20-latest":"0.6.5","1.19.4-latest":"0.7.10","1.19.3-latest":"0.4.2","1.19.2-latest":"0.7.12","1.19-latest":"0.3.3","1.18.2-latest":"0.4.3","1.18.1-latest":"0.2.2","1.18-latest":"0.2.2"}}
[28Mar2025 18:26:33.073] [Forge Version Check/INFO] [net.minecraftforge.fml.VersionChecker/]: [framework] Found status: BETA Current: 0.7.12 Target: 0.7.12
[28Mar2025 18:26:33.077] [Forge Version Check/INFO] [net.minecraftforge.fml.VersionChecker/]: [forge] Starting version check at https://files.minecraftforge.net/net/minecraftforge/forge/promotions_slim.json
[28Mar2025 18:26:33.366] [Forge Version Check/DEBUG] [net.minecraftforge.fml.VersionChecker/]: [forge] Received version check data:
{
  "homepage": "https://files.minecraftforge.net/net/minecraftforge/forge/",
  "promos": {
    "1.1-latest": "1.3.4.29",
    "1.2.3-latest": "1.4.1.64",
    "1.2.4-latest": "2.0.0.68",
    "1.2.5-latest": "3.4.9.171",
    "1.3.2-latest": "4.3.5.318",
    "1.4.0-latest": "5.0.0.326",
    "1.4.1-latest": "6.0.0.329",
    "1.4.2-latest": "6.0.1.355",
    "1.4.3-latest": "6.2.1.358",
    "1.4.4-latest": "6.3.0.378",
    "1.4.5-latest": "6.4.2.448",
    "1.4.6-latest": "6.5.0.489",
    "1.4.7-latest": "6.6.2.534",
    "1.5-latest": "7.7.0.598",
    "1.5.1-latest": "7.7.2.682",
    "1.5.2-latest": "7.8.1.738",
    "1.5.2-recommended": "7.8.1.738",
    "1.6.1-latest": "8.9.0.775",
    "1.6.2-latest": "9.10.1.871",
    "1.6.2-recommended": "9.10.1.871",
    "1.6.3-latest": "9.11.0.878",
    "1.6.4-latest": "9.11.1.1345",
    "1.6.4-recommended": "9.11.1.1345",
    "1.7.2-latest": "10.12.2.1161",
    "1.7.2-recommended": "10.12.2.1161",
    "1.7.10_pre4-latest": "10.12.2.1149",
    "1.7.10-latest": "10.13.4.1614",
    "1.7.10-recommended": "10.13.4.1614",
    "1.8-latest": "11.14.4.1577",
    "1.8-recommended": "11.14.4.1563",
    "1.8.8-latest": "11.15.0.1655",
    "1.8.9-latest": "11.15.1.2318",
    "1.8.9-recommended": "11.15.1.2318",
    "1.9-latest": "12.16.1.1938",
    "1.9-recommended": "12.16.1.1887",
    "1.9.4-latest": "12.17.0.2317",
    "1.9.4-recommended": "12.17.0.2317",
    "1.10-latest": "12.18.0.2000",
    "1.10.2-latest": "12.18.3.2511",
    "1.10.2-recommended": "12.18.3.2511",
    "1.11-latest": "13.19.1.2199",
    "1.11-recommended": "13.19.1.2189",
    "1.11.2-latest": "13.20.1.2588",
    "1.11.2-recommended": "13.20.1.2588",
    "1.12-latest": "14.21.1.2443",
    "1.12-recommended": "14.21.1.2387",
    "1.12.1-latest": "14.22.1.2485",
    "1.12.1-recommended": "14.22.1.2478",
    "1.12.2-latest": "14.23.5.2860",
    "1.12.2-recommended": "14.23.5.2859",
    "1.13.2-latest": "25.0.223",
    "1.14.2-latest": "26.0.63",
    "1.14.3-latest": "27.0.60",
    "1.14.4-latest": "28.2.26",
    "1.14.4-recommended": "28.2.26",
    "1.15-latest": "29.0.4",
    "1.15.1-latest": "30.0.51",
    "1.15.2-latest": "31.2.57",
    "1.15.2-recommended": "31.2.57",
    "1.16.1-latest": "32.0.108",
    "1.16.2-latest": "33.0.61",
    "1.16.3-latest": "34.1.42",
    "1.16.3-recommended": "34.1.0",
    "1.16.4-latest": "35.1.37",
    "1.16.4-recommended": "35.1.4",
    "1.16.5-latest": "36.2.42",
    "1.16.5-recommended": "36.2.34",
    "1.17.1-latest": "37.1.1",
    "1.17.1-recommended": "37.1.1",
    "1.18-latest": "38.0.17",
    "1.18.1-latest": "39.1.2",
    "1.18.1-recommended": "39.1.0",
    "1.18.2-recommended": "40.3.0",
    "1.18.2-latest": "40.3.9",
    "1.19-latest": "41.1.0",
    "1.19-recommended": "41.1.0",
    "1.19.1-latest": "42.0.9",
    "1.19.2-recommended": "43.5.0",
    "1.19.2-latest": "43.5.0",
    "1.19.3-latest": "44.1.23",
    "1.19.3-recommended": "44.1.0",
    "1.19.4-recommended": "45.4.0",
    "1.19.4-latest": "45.4.0",
    "1.20-latest": "46.0.14",
    "1.20.1-recommended": "47.4.0",
    "1.20.1-latest": "47.4.0",
    "1.20.2-latest": "48.1.0",
    "1.20.2-recommended": "48.1.0",
    "1.20.3-latest": "49.0.2",
    "1.20.4-latest": "49.2.0",
    "1.20.4-recommended": "49.2.0",
    "1.20.6-latest": "50.2.0",
    "1.20.6-recommended": "50.2.0",
    "1.21-latest": "51.0.33",
    "1.21.1-latest": "52.1.0",
    "1.21.1-recommended": "52.1.0",
    "1.21.3-latest": "53.1.0",
    "1.21.3-recommended": "53.1.0",
    "1.21.4-latest": "54.1.3",
    "1.21.4-recommended": "54.1.0",
    "1.21.5-latest": "55.0.3"
  }
}
[28Mar2025 18:26:33.369] [Forge Version Check/INFO] [net.minecraftforge.fml.VersionChecker/]: [forge] Found status: OUTDATED Current: 47.3.7 Target: 47.4.0
[28Mar2025 18:26:33.371] [Forge Version Check/INFO] [net.minecraftforge.fml.VersionChecker/]: [supplementaries] Starting version check at https://raw.githubusercontent.com/MehVahdJukaar/Supplementaries/1.20/forge/update.json
[28Mar2025 18:26:33.510] [Forge Version Check/DEBUG] [net.minecraftforge.fml.VersionChecker/]: [supplementaries] Received version check data:
{
  "homepage": "https://www.curseforge.com/minecraft/mc-mods/supplementaries",
  "promos": {
    "1.20-latest": "1.20-2.6.1",
    "1.20-recommended": "1.20-2.6.1"
  }
}
[28Mar2025 18:26:33.511] [Forge Version Check/INFO] [net.minecraftforge.fml.VersionChecker/]: [supplementaries] Found status: BETA Current: 1.20-3.1.18 Target: null
[28Mar2025 18:26:37.563] [main/INFO] [com.mojang.authlib.yggdrasil.YggdrasilAuthenticationService/]: Environment: authHost='https://authserver.mojang.com', accountsHost='https://api.mojang.com', sessionHost='https://sessionserver.mojang.com', servicesHost='https://api.minecraftservices.com', name='PROD'
[28Mar2025 18:26:41.859] [main/WARN] [net.minecraft.server.packs.VanillaPackResourcesBuilder/]: Assets URL 'union:/workspaces/mineee2/servidor_minecraft/libraries/net/minecraft/server/1.20.1-20230612.114412/server-1.20.1-20230612.114412-srg.jar%23173!/assets/.mcassetsroot' uses unexpected schema
[28Mar2025 18:26:41.860] [main/WARN] [net.minecraft.server.packs.VanillaPackResourcesBuilder/]: Assets URL 'union:/workspaces/mineee2/servidor_minecraft/libraries/net/minecraft/server/1.20.1-20230612.114412/server-1.20.1-20230612.114412-srg.jar%23173!/data/.mcassetsroot' uses unexpected schema
[28Mar2025 18:26:42.013] [main/DEBUG] [net.minecraftforge.server.ServerLifecycleHooks/CORE]: Generating PackInfo named mod:mcwbridges for mod file /workspaces/mineee2/servidor_minecraft/mods/mcw-bridges-3.0.0-mc1.20.1forge.jar
[28Mar2025 18:26:42.014] [main/DEBUG] [net.minecraftforge.server.ServerLifecycleHooks/CORE]: Generating PackInfo named mod:repurposed_structures for mod file /workspaces/mineee2/servidor_minecraft/mods/repurposed_structures-7.1.15+1.20.1-forge.jar
[28Mar2025 18:26:42.015] [main/DEBUG] [net.minecraftforge.server.ServerLifecycleHooks/CORE]: Generating PackInfo named mod:terrablender for mod file /workspaces/mineee2/servidor_minecraft/mods/TerraBlender-forge-1.20.1-3.0.1.7.jar
[28Mar2025 18:26:42.015] [main/DEBUG] [net.minecraftforge.server.ServerLifecycleHooks/CORE]: Generating PackInfo named mod:moonlight for mod file /workspaces/mineee2/servidor_minecraft/mods/moonlight-1.20-2.13.70-forge.jar
[28Mar2025 18:26:42.015] [main/DEBUG] [net.minecraftforge.server.ServerLifecycleHooks/CORE]: Generating PackInfo named mod:endertrigon for mod file /workspaces/mineee2/servidor_minecraft/mods/endertrigon-1.20.1-1.1-all.jar
[28Mar2025 18:26:42.236] [main/DEBUG] [net.minecraftforge.server.ServerLifecycleHooks/CORE]: Generating PackInfo named mod:biomesoplenty for mod file /workspaces/mineee2/servidor_minecraft/mods/BiomesOPlenty-1.20.1-18.0.0.592.jar
[28Mar2025 18:26:42.236] [main/DEBUG] [net.minecraftforge.server.ServerLifecycleHooks/CORE]: Generating PackInfo named mod:mixinsquared for mod file 
[28Mar2025 18:26:42.237] [main/DEBUG] [net.minecraftforge.server.ServerLifecycleHooks/CORE]: Generating PackInfo named mod:jade for mod file /workspaces/mineee2/servidor_minecraft/mods/Jade-1.20.1-Forge-11.12.3.jar
[28Mar2025 18:26:42.237] [main/DEBUG] [net.minecraftforge.server.ServerLifecycleHooks/CORE]: Generating PackInfo named mod:amendments for mod file /workspaces/mineee2/servidor_minecraft/mods/amendments-1.20-1.2.18.jar
[28Mar2025 18:26:42.237] [main/DEBUG] [net.minecraftforge.server.ServerLifecycleHooks/CORE]: Generating PackInfo named mod:additionalentityattributes for mod file 
[28Mar2025 18:26:42.237] [main/DEBUG] [net.minecraftforge.server.ServerLifecycleHooks/CORE]: Generating PackInfo named mod:geckolib for mod file /workspaces/mineee2/servidor_minecraft/mods/geckolib-forge-1.20.1-4.7.jar
[28Mar2025 18:26:42.237] [main/DEBUG] [net.minecraftforge.server.ServerLifecycleHooks/CORE]: Generating PackInfo named mod:jei for mod file /workspaces/mineee2/servidor_minecraft/mods/jei-1.20.1-forge-15.12.2.51.jar
[28Mar2025 18:26:42.238] [main/DEBUG] [net.minecraftforge.server.ServerLifecycleHooks/CORE]: Generating PackInfo named mod:libraryferret for mod file /workspaces/mineee2/servidor_minecraft/mods/libraryferret-forge-1.20.1-4.0.0.jar
[28Mar2025 18:26:42.238] [main/DEBUG] [net.minecraftforge.server.ServerLifecycleHooks/CORE]: Generating PackInfo named mod:calio for mod file 
[28Mar2025 18:26:42.238] [main/DEBUG] [net.minecraftforge.server.ServerLifecycleHooks/CORE]: Generating PackInfo named mod:caelus for mod file /workspaces/mineee2/servidor_minecraft/mods/caelus-forge-3.2.0+1.20.1.jar
[28Mar2025 18:26:42.240] [main/DEBUG] [net.minecraftforge.server.ServerLifecycleHooks/CORE]: Generating PackInfo named mod:incendium for mod file /workspaces/mineee2/servidor_minecraft/mods/Incendium_1.20.x_v5.3.5.jar
[28Mar2025 18:26:42.240] [main/DEBUG] [net.minecraftforge.server.ServerLifecycleHooks/CORE]: Generating PackInfo named mod:apoli for mod file 
[28Mar2025 18:26:42.240] [main/DEBUG] [net.minecraftforge.server.ServerLifecycleHooks/CORE]: Generating PackInfo named mod:ribbits for mod file /workspaces/mineee2/servidor_minecraft/mods/Ribbits-1.20.1-Forge-3.0.4.jar
[28Mar2025 18:26:42.240] [main/DEBUG] [net.minecraftforge.server.ServerLifecycleHooks/CORE]: Generating PackInfo named mod:curios for mod file /workspaces/mineee2/servidor_minecraft/mods/curios-forge-5.12.0+1.20.1.jar
[28Mar2025 18:26:42.241] [main/DEBUG] [net.minecraftforge.server.ServerLifecycleHooks/CORE]: Generating PackInfo named mod:origins for mod file /workspaces/mineee2/servidor_minecraft/mods/origins-forge-1.20.1-1.10.0.9-all.jar
[28Mar2025 18:26:42.241] [main/DEBUG] [net.minecraftforge.server.ServerLifecycleHooks/CORE]: Generating PackInfo named mod:journeymap for mod file /workspaces/mineee2/servidor_minecraft/mods/journeymap-1.20.1-5.10.3-forge.jar
[28Mar2025 18:26:42.241] [main/DEBUG] [net.minecraftforge.server.ServerLifecycleHooks/CORE]: Generating PackInfo named mod:citadel for mod file /workspaces/mineee2/servidor_minecraft/mods/citadel-2.6.1-1.20.1.jar
[28Mar2025 18:26:42.241] [main/DEBUG] [net.minecraftforge.server.ServerLifecycleHooks/CORE]: Generating PackInfo named mod:alexsmobs for mod file /workspaces/mineee2/servidor_minecraft/mods/alexsmobs-1.22.9.jar
[28Mar2025 18:26:42.241] [main/DEBUG] [net.minecraftforge.server.ServerLifecycleHooks/CORE]: Generating PackInfo named mod:securitycraft for mod file /workspaces/mineee2/servidor_minecraft/mods/[1.20.1] SecurityCraft v1.9.12.jar
[28Mar2025 18:26:42.241] [main/DEBUG] [net.minecraftforge.server.ServerLifecycleHooks/CORE]: Generating PackInfo named mod:travelersbackpack for mod file /workspaces/mineee2/servidor_minecraft/mods/travelersbackpack-forge-1.20.1-9.1.16.jar
[28Mar2025 18:26:42.242] [main/DEBUG] [net.minecraftforge.server.ServerLifecycleHooks/CORE]: Generating PackInfo named mod:artifacts for mod file /workspaces/mineee2/servidor_minecraft/mods/artifacts-forge-9.5.13.jar
[28Mar2025 18:26:42.242] [main/DEBUG] [net.minecraftforge.server.ServerLifecycleHooks/CORE]: Generating PackInfo named mod:yungsapi for mod file /workspaces/mineee2/servidor_minecraft/mods/YungsApi-1.20-Forge-4.0.6.jar
[28Mar2025 18:26:42.242] [main/DEBUG] [net.minecraftforge.server.ServerLifecycleHooks/CORE]: Generating PackInfo named mod:bettervillage for mod file /workspaces/mineee2/servidor_minecraft/mods/bettervillage-forge-1.20.1-3.2.0.jar
[28Mar2025 18:26:42.243] [main/DEBUG] [net.minecraftforge.server.ServerLifecycleHooks/CORE]: Generating PackInfo named mod:crackerslib for mod file 
[28Mar2025 18:26:42.243] [main/DEBUG] [net.minecraftforge.server.ServerLifecycleHooks/CORE]: Generating PackInfo named mod:mixinextras for mod file 
[28Mar2025 18:26:42.243] [main/DEBUG] [net.minecraftforge.server.ServerLifecycleHooks/CORE]: Generating PackInfo named mod:tombstone for mod file /workspaces/mineee2/servidor_minecraft/mods/tombstone-1.20.1-8.9.0.jar
[28Mar2025 18:26:42.243] [main/DEBUG] [net.minecraftforge.server.ServerLifecycleHooks/CORE]: Generating PackInfo named mod:dungeoncrawl for mod file /workspaces/mineee2/servidor_minecraft/mods/Dungeon Crawl-1.20.1-2.3.15.jar
[28Mar2025 18:26:42.243] [main/DEBUG] [net.minecraftforge.server.ServerLifecycleHooks/CORE]: Generating PackInfo named mod:cave_dweller for mod file /workspaces/mineee2/servidor_minecraft/mods/cave_dweller-1.20.1-1.7.0.jar
[28Mar2025 18:26:42.244] [main/DEBUG] [net.minecraftforge.server.ServerLifecycleHooks/CORE]: Generating PackInfo named mod:architectury for mod file /workspaces/mineee2/servidor_minecraft/mods/architectury-9.2.14-forge.jar
[28Mar2025 18:26:42.245] [main/DEBUG] [net.minecraftforge.server.ServerLifecycleHooks/CORE]: Generating PackInfo named mod:refurbished_furniture for mod file /workspaces/mineee2/servidor_minecraft/mods/refurbished_furniture-forge-1.20.1-1.0.9.jar
[28Mar2025 18:26:42.245] [main/DEBUG] [net.minecraftforge.server.ServerLifecycleHooks/CORE]: Generating PackInfo named mod:framework for mod file /workspaces/mineee2/servidor_minecraft/mods/framework-forge-1.20.1-0.7.12.jar
[28Mar2025 18:26:42.246] [main/DEBUG] [net.minecraftforge.server.ServerLifecycleHooks/CORE]: Generating PackInfo named mod:paraglider for mod file /workspaces/mineee2/servidor_minecraft/mods/Paraglider-forge-20.1.3.jar
[28Mar2025 18:26:42.246] [main/DEBUG] [net.minecraftforge.server.ServerLifecycleHooks/CORE]: Generating PackInfo named mod:dungeons_arise_seven_seas for mod file /workspaces/mineee2/servidor_minecraft/mods/DungeonsAriseSevenSeas-1.20.x-1.0.2-forge.jar
[28Mar2025 18:26:42.246] [main/DEBUG] [net.minecraftforge.server.ServerLifecycleHooks/CORE]: Generating PackInfo named mod:cloth_config for mod file /workspaces/mineee2/servidor_minecraft/mods/cloth-config-11.1.136-forge.jar
[28Mar2025 18:26:42.247] [main/DEBUG] [net.minecraftforge.server.ServerLifecycleHooks/CORE]: Generating PackInfo named mod:forge for mod file /workspaces/mineee2/servidor_minecraft/libraries/net/minecraftforge/forge/1.20.1-47.3.7/forge-1.20.1-47.3.7-universal.jar
[28Mar2025 18:26:42.248] [main/DEBUG] [net.minecraftforge.server.ServerLifecycleHooks/CORE]: Generating PackInfo named mod:zeta for mod file /workspaces/mineee2/servidor_minecraft/mods/Zeta-1.0-24.jar
[28Mar2025 18:26:42.248] [main/DEBUG] [net.minecraftforge.server.ServerLifecycleHooks/CORE]: Generating PackInfo named mod:appleskin for mod file /workspaces/mineee2/servidor_minecraft/mods/appleskin-forge-mc1.20.1-2.5.1.jar
[28Mar2025 18:26:42.249] [main/DEBUG] [net.minecraftforge.server.ServerLifecycleHooks/CORE]: Generating PackInfo named mod:expandability for mod file 
[28Mar2025 18:26:42.252] [main/DEBUG] [net.minecraftforge.server.ServerLifecycleHooks/CORE]: Generating PackInfo named mod:supplementaries for mod file /workspaces/mineee2/servidor_minecraft/mods/supplementaries-1.20-3.1.18.jar
[28Mar2025 18:26:42.266] [main/DEBUG] [mixin/]: Mixing MultiPackResourceManagerMixin from moonlight-common.mixins.json into net.minecraft.server.packs.resources.MultiPackResourceManager
[28Mar2025 18:26:42.297] [main/DEBUG] [mixin/]: Mixing resources.NamespaceResourceManagerAccessor from repurposed_structures-common.mixins.json into net.minecraft.server.packs.resources.FallbackResourceManager
[28Mar2025 18:26:42.538] [main/INFO] [Supplementaries/]: Generated runtime SERVER_DATA for pack Supplementaries Generated Pack (supplementaries) in: 224 ms
[28Mar2025 18:26:46.062] [main/DEBUG] [mixin/]: Mixing MixinPrimaryLevelData from terrablender.mixins.json into net.minecraft.world.level.storage.PrimaryLevelData
[28Mar2025 18:26:46.093] [main/DEBUG] [mixin/]: Mixing MixinDragonFightManager from paraglider.mixins.json into net.minecraft.world.level.dimension.end.EndDragonFight
[28Mar2025 18:26:46.142] [main/DEBUG] [mixin/]: Mixing MixinLootDataManager from architectury.mixins.json into net.minecraft.world.level.storage.loot.LootDataManager
[28Mar2025 18:26:46.347] [main/DEBUG] [mixin/]: Mixing structures.LocateCommandMixin from repurposed_structures-common.mixins.json into net.minecraft.server.commands.LocateCommand
[28Mar2025 18:26:46.348] [main/DEBUG] [mixin/]: Renaming synthetic method lambda$repurposedstructures_increaseLocateRadius$0(Lnet/minecraft/core/Holder;)Z to md536553$lambda$repurposedstructures_increaseLocateRadius$0$0 in repurposed_structures-common.mixins.json:structures.LocateCommandMixin
[28Mar2025 18:26:46.416] [main/DEBUG] [net.minecraftforge.coremod.transformer.CoreModBaseTransformer/COREMOD]: Transforming net/minecraft/server/commands/SummonCommand
[28Mar2025 18:26:46.888] [main/DEBUG] [mixin/]: Mixing debug.TagLoaderMixin from mixins.artifacts.common.json into net.minecraft.tags.TagLoader
[28Mar2025 18:26:46.925] [main/DEBUG] [mixin/]: Mixing RecipeManagerMixin from apoli.mixins.json into net.minecraft.world.item.crafting.RecipeManager
[28Mar2025 18:26:46.927] [main/DEBUG] [mixin/]: Renaming synthetic method lambda$prioritizeModifiedRecipes$4(Ljava/util/Map$Entry;)Lcom/mojang/datafixers/util/Pair; to md536553$lambda$prioritizeModifiedRecipes$4$0 in apoli.mixins.json:RecipeManagerMixin
[28Mar2025 18:26:46.927] [main/DEBUG] [mixin/]: Renaming synthetic method lambda$prioritizeModifiedRecipes$3(Ljava/util/Map$Entry;)Z to md536553$lambda$prioritizeModifiedRecipes$3$1 in apoli.mixins.json:RecipeManagerMixin
[28Mar2025 18:26:46.927] [main/DEBUG] [mixin/]: Renaming synthetic method lambda$prioritizeModifiedRecipes$2(Lnet/minecraft/world/Container;Lnet/minecraft/world/level/Level;Ljava/util/Map$Entry;)Z to md536553$lambda$prioritizeModifiedRecipes$2$2 in apoli.mixins.json:RecipeManagerMixin
[28Mar2025 18:26:46.927] [main/DEBUG] [mixin/]: Renaming synthetic method lambda$prioritizeModifiedRecipes$1(Lnet/minecraft/world/item/crafting/Recipe;)Z to md536553$lambda$prioritizeModifiedRecipes$1$3 in apoli.mixins.json:RecipeManagerMixin
[28Mar2025 18:26:46.927] [main/DEBUG] [mixin/]: Renaming synthetic method lambda$prioritizeModifiedRecipes$0(Lnet/minecraft/world/Container;Lnet/minecraft/world/level/Level;Lnet/minecraft/world/item/crafting/Recipe;)Z to md536553$lambda$prioritizeModifiedRecipes$0$4 in apoli.mixins.json:RecipeManagerMixin
[28Mar2025 18:26:46.973] [main/INFO] [Calio/]: CDRM Initialized with 16 registries
[28Mar2025 18:26:46.981] [main/INFO] [com.github.alexthe666.alexsmobs.AlexsMobs/]: Adding datapack listener capsid_recipes
[28Mar2025 18:26:47.595] [Worker-Main-2/WARN] [artifacts.Artifacts/]: Tag entries for curios:tags/items/magic_book.json cleared by tombstone-1.20.1-8.9.0.jar
[28Mar2025 18:26:47.706] [Worker-Main-2/DEBUG] [net.minecraftforge.coremod.transformer.CoreModBaseTransformer/COREMOD]: Transforming net/minecraft/world/entity/raid/Raid
[28Mar2025 18:26:47.834] [Worker-Main-2/DEBUG] [mixin/]: Mixing MixinRaid from paraglider.mixins.json into net.minecraft.world.entity.raid.Raid
[28Mar2025 18:26:47.875] [Worker-Main-2/DEBUG] [mixin/]: Mixing common.RandomChanceLootConditionMixin from additionalentityattributes.mixins.json into net.minecraft.world.level.storage.loot.predicates.LootItemRandomChanceCondition
[28Mar2025 18:26:48.478] [Worker-Main-2/DEBUG] [mixin/]: Mixing common.RandomChanceWithLootingLootConditionMixin from additionalentityattributes.mixins.json into net.minecraft.world.level.storage.loot.predicates.LootItemRandomChanceWithLootingCondition
[28Mar2025 18:26:50.109] [Worker-Main-2/DEBUG] [mixin/]: Mixing ItemInputMixin from tombstone.mixins.json into net.minecraft.commands.arguments.item.ItemInput
[28Mar2025 18:26:51.904] [main/INFO] [net.minecraft.world.item.crafting.RecipeManager/]: Skipping loading recipe supplementaries:inspirations/blackboard_clear as it's serializer returned null
[28Mar2025 18:26:51.981] [main/INFO] [net.minecraft.world.item.crafting.RecipeManager/]: Skipping loading recipe supplementaries:inspirations/flag_dye as it's serializer returned null
[28Mar2025 18:26:52.055] [main/INFO] [net.minecraft.world.item.crafting.RecipeManager/]: Skipping loading recipe supplementaries:inspirations/flag_clear as it's serializer returned null
[28Mar2025 18:26:52.145] [main/INFO] [net.minecraft.world.item.crafting.RecipeManager/]: Loaded 16 recipes
[28Mar2025 18:26:52.317] [main/ERROR] [net.minecraft.server.ServerAdvancementManager/]: Parsing error loading custom advancement supplementaries:recipes/planter_rich: Unknown item id 'farmersdelight:rich_soil'
[28Mar2025 18:26:52.573] [main/INFO] [net.minecraft.advancements.AdvancementList/]: Loaded 3829 advancements
[28Mar2025 18:26:52.841] [main/INFO] [top.theillusivec4.curios.Curios/]: Loaded 13 curio slots
[28Mar2025 18:26:52.857] [main/INFO] [top.theillusivec4.curios.Curios/]: Loaded 10 curio entities
[28Mar2025 18:26:52.867] [main/INFO] [Dungeon Crawl/]: Loading data...
[28Mar2025 18:26:52.877] [main/DEBUG] [Dungeon Crawl/]: Loading dungeoncrawl:models/catacombs/corridor/linker/linker.nbt
[28Mar2025 18:26:52.915] [main/DEBUG] [Dungeon Crawl/]: Loading dungeoncrawl:models/catacombs/corridor/linker/linker.json
[28Mar2025 18:26:52.929] [main/DEBUG] [Dungeon Crawl/]: Loading dungeoncrawl:models/catacombs/corridor/linker/linker_trap.nbt
[28Mar2025 18:26:52.931] [main/DEBUG] [Dungeon Crawl/]: Loading dungeoncrawl:models/catacombs/corridor/linker/linker_trap.json
[28Mar2025 18:26:52.947] [main/DEBUG] [Dungeon Crawl/]: Loading dungeoncrawl:models/catacombs/multipart/connector.nbt
[28Mar2025 18:26:52.949] [main/DEBUG] [Dungeon Crawl/]: Loading dungeoncrawl:models/catacombs/multipart/connector_2.nbt
[28Mar2025 18:26:52.951] [main/DEBUG] [Dungeon Crawl/]: Loading dungeoncrawl:models/catacombs/multipart/corridor/ceiling.nbt
[28Mar2025 18:26:52.953] [main/DEBUG] [Dungeon Crawl/]: Loading dungeoncrawl:models/catacombs/multipart/corridor/ceiling_glowstone.nbt
[28Mar2025 18:26:52.953] [main/DEBUG] [Dungeon Crawl/]: Loading dungeoncrawl:models/catacombs/multipart/corridor/ceiling_lamp.nbt
[28Mar2025 18:26:52.954] [main/DEBUG] [Dungeon Crawl/]: Loading dungeoncrawl:models/catacombs/multipart/crypt_graves.nbt
[28Mar2025 18:26:52.954] [main/DEBUG] [Dungeon Crawl/]: Loading dungeoncrawl:models/catacombs/multipart/crypt_graves.json
[28Mar2025 18:26:52.955] [main/DEBUG] [Dungeon Crawl/]: Loading dungeoncrawl:models/catacombs/multipart/hidden_piston.nbt
[28Mar2025 18:26:52.957] [main/DEBUG] [Dungeon Crawl/]: Loading dungeoncrawl:models/catacombs/multipart/large_connector.nbt
[28Mar2025 18:26:52.958] [main/DEBUG] [Dungeon Crawl/]: Loading dungeoncrawl:models/catacombs/multipart/large_spawner_cell_open.nbt
[28Mar2025 18:26:52.959] [main/DEBUG] [Dungeon Crawl/]: Loading dungeoncrawl:models/catacombs/multipart/node/ceiling/crumbled.nbt
[28Mar2025 18:26:52.960] [main/DEBUG] [Dungeon Crawl/]: Loading dungeoncrawl:models/catacombs/multipart/node/ceiling/dome.nbt
[28Mar2025 18:26:52.961] [main/DEBUG] [Dungeon Crawl/]: Loading dungeoncrawl:models/catacombs/multipart/node/ceiling/flat.nbt
[28Mar2025 18:26:52.968] [main/DEBUG] [Dungeon Crawl/]: Loading dungeoncrawl:models/catacombs/multipart/node/ceiling/light.nbt
[28Mar2025 18:26:52.969] [main/DEBUG] [Dungeon Crawl/]: Loading dungeoncrawl:models/catacombs/node/crypt_dead_end.nbt
[28Mar2025 18:26:52.976] [main/DEBUG] [Dungeon Crawl/]: Loading dungeoncrawl:models/catacombs/node/crypt_dead_end.json
[28Mar2025 18:26:52.980] [main/DEBUG] [Dungeon Crawl/]: Loading dungeoncrawl:models/catacombs/node/crypt_turn.nbt
[28Mar2025 18:26:52.986] [main/DEBUG] [Dungeon Crawl/]: Loading dungeoncrawl:models/catacombs/node/crypt_turn.json
[28Mar2025 18:26:52.988] [main/DEBUG] [Dungeon Crawl/]: Loading dungeoncrawl:models/catacombs/node/fountain.nbt
[28Mar2025 18:26:53.011] [main/DEBUG] [Dungeon Crawl/]: Loading dungeoncrawl:models/catacombs/node/fountain.json
[28Mar2025 18:26:53.014] [main/DEBUG] [Dungeon Crawl/]: Loading dungeoncrawl:models/catacombs/node/prison.nbt
[28Mar2025 18:26:53.025] [main/DEBUG] [Dungeon Crawl/]: Loading dungeoncrawl:models/catacombs/node/prison.json
[28Mar2025 18:26:53.028] [main/DEBUG] [Dungeon Crawl/]: Loading dungeoncrawl:models/catacombs/node/prison_fork.nbt
[28Mar2025 18:26:53.038] [main/DEBUG] [Dungeon Crawl/]: Loading dungeoncrawl:models/catacombs/node/prison_fork.json
[28Mar2025 18:26:53.039] [main/DEBUG] [Dungeon Crawl/]: Loading dungeoncrawl:models/catacombs/node/room.nbt
[28Mar2025 18:26:53.046] [main/DEBUG] [Dungeon Crawl/]: Loading dungeoncrawl:models/catacombs/node/room.json
[28Mar2025 18:26:53.047] [main/DEBUG] [Dungeon Crawl/]: Loading dungeoncrawl:models/catacombs/node/room_2.nbt
[28Mar2025 18:26:53.052] [main/DEBUG] [Dungeon Crawl/]: Loading dungeoncrawl:models/catacombs/node/room_2.json
[28Mar2025 18:26:53.053] [main/DEBUG] [Dungeon Crawl/]: Loading dungeoncrawl:models/catacombs/node/sarcophagus.nbt
[28Mar2025 18:26:53.062] [main/DEBUG] [Dungeon Crawl/]: Loading dungeoncrawl:models/catacombs/node/sarcophagus.json
[28Mar2025 18:26:53.063] [main/DEBUG] [Dungeon Crawl/]: Loading dungeoncrawl:models/catacombs/node/sewers.nbt
[28Mar2025 18:26:53.071] [main/DEBUG] [Dungeon Crawl/]: Loading dungeoncrawl:models/catacombs/node/sewers.json
[28Mar2025 18:26:53.071] [main/DEBUG] [Dungeon Crawl/]: Loading dungeoncrawl:models/catacombs/node/sewers_dead_end.nbt
[28Mar2025 18:26:53.087] [main/DEBUG] [Dungeon Crawl/]: Loading dungeoncrawl:models/catacombs/node/sewers_dead_end.json
[28Mar2025 18:26:53.088] [main/DEBUG] [Dungeon Crawl/]: Loading dungeoncrawl:models/catacombs/node/sewers_fork.nbt
[28Mar2025 18:26:53.099] [main/DEBUG] [Dungeon Crawl/]: Loading dungeoncrawl:models/catacombs/node/sewers_fork.json
[28Mar2025 18:26:53.099] [main/DEBUG] [Dungeon Crawl/]: Loading dungeoncrawl:models/catacombs/node/sewers_straight.nbt
[28Mar2025 18:26:53.112] [main/DEBUG] [Dungeon Crawl/]: Loading dungeoncrawl:models/catacombs/node/sewers_straight.json
[28Mar2025 18:26:53.113] [main/DEBUG] [Dungeon Crawl/]: Loading dungeoncrawl:models/catacombs/room/spawner_room.nbt
[28Mar2025 18:26:53.115] [main/DEBUG] [Dungeon Crawl/]: Loading dungeoncrawl:models/catacombs/room/spawner_room.json
[28Mar2025 18:26:53.115] [main/DEBUG] [Dungeon Crawl/]: Loading dungeoncrawl:models/default/corridor/corridor.nbt
[28Mar2025 18:26:53.116] [main/DEBUG] [Dungeon Crawl/]: Loading dungeoncrawl:models/default/corridor/corridor.json
[28Mar2025 18:26:53.117] [main/DEBUG] [Dungeon Crawl/]: Loading dungeoncrawl:models/default/corridor/corridor_2.nbt
[28Mar2025 18:26:53.118] [main/DEBUG] [Dungeon Crawl/]: Loading dungeoncrawl:models/default/corridor/corridor_2.json
[28Mar2025 18:26:53.118] [main/DEBUG] [Dungeon Crawl/]: Loading dungeoncrawl:models/default/corridor/corridor_3.nbt
[28Mar2025 18:26:53.122] [main/DEBUG] [Dungeon Crawl/]: Loading dungeoncrawl:models/default/corridor/corridor_3.json
[28Mar2025 18:26:53.129] [main/DEBUG] [Dungeon Crawl/]: Loading dungeoncrawl:models/default/corridor/corridor_fire.nbt
[28Mar2025 18:26:53.132] [main/DEBUG] [Dungeon Crawl/]: Loading dungeoncrawl:models/default/corridor/corridor_fire.json
[28Mar2025 18:26:53.133] [main/DEBUG] [Dungeon Crawl/]: Loading dungeoncrawl:models/default/corridor/corridor_light.nbt
[28Mar2025 18:26:53.134] [main/DEBUG] [Dungeon Crawl/]: Loading dungeoncrawl:models/default/corridor/corridor_light.json
[28Mar2025 18:26:53.138] [main/DEBUG] [Dungeon Crawl/]: Loading dungeoncrawl:models/default/corridor/corridor_room.nbt
[28Mar2025 18:26:53.141] [main/DEBUG] [Dungeon Crawl/]: Loading dungeoncrawl:models/default/corridor/corridor_room.json
[28Mar2025 18:26:53.142] [main/DEBUG] [Dungeon Crawl/]: Loading dungeoncrawl:models/default/corridor/corridor_spawner.nbt
[28Mar2025 18:26:53.142] [main/DEBUG] [Dungeon Crawl/]: Loading dungeoncrawl:models/default/corridor/corridor_spawner.json
[28Mar2025 18:26:53.143] [main/DEBUG] [Dungeon Crawl/]: Loading dungeoncrawl:models/default/corridor/linker/cake_room.nbt
[28Mar2025 18:26:53.144] [main/DEBUG] [Dungeon Crawl/]: Loading dungeoncrawl:models/default/corridor/linker/cake_room.json
[28Mar2025 18:26:53.144] [main/DEBUG] [Dungeon Crawl/]: Loading dungeoncrawl:models/default/corridor/linker/linker.nbt
[28Mar2025 18:26:53.145] [main/DEBUG] [Dungeon Crawl/]: Loading dungeoncrawl:models/default/corridor/linker/linker.json
[28Mar2025 18:26:53.145] [main/DEBUG] [Dungeon Crawl/]: Loading dungeoncrawl:models/default/corridor/linker/linker_2.nbt
[28Mar2025 18:26:53.146] [main/DEBUG] [Dungeon Crawl/]: Loading dungeoncrawl:models/default/corridor/linker/linker_2.json
[28Mar2025 18:26:53.146] [main/DEBUG] [Dungeon Crawl/]: Loading dungeoncrawl:models/default/corridor/linker/linker_3.nbt
[28Mar2025 18:26:53.150] [main/DEBUG] [Dungeon Crawl/]: Loading dungeoncrawl:models/default/corridor/linker/linker_3.json
[28Mar2025 18:26:53.150] [main/DEBUG] [Dungeon Crawl/]: Loading dungeoncrawl:models/default/corridor/linker/linker_4.nbt
[28Mar2025 18:26:53.153] [main/DEBUG] [Dungeon Crawl/]: Loading dungeoncrawl:models/default/corridor/linker/linker_4.json
[28Mar2025 18:26:53.153] [main/DEBUG] [Dungeon Crawl/]: Loading dungeoncrawl:models/default/corridor/linker/linker_5.nbt
[28Mar2025 18:26:53.155] [main/DEBUG] [Dungeon Crawl/]: Loading dungeoncrawl:models/default/corridor/linker/linker_5.json
[28Mar2025 18:26:53.155] [main/DEBUG] [Dungeon Crawl/]: Loading dungeoncrawl:models/default/corridor/linker/linker_6.nbt
[28Mar2025 18:26:53.158] [main/DEBUG] [Dungeon Crawl/]: Loading dungeoncrawl:models/default/corridor/linker/linker_6.json
[28Mar2025 18:26:53.158] [main/DEBUG] [Dungeon Crawl/]: Loading dungeoncrawl:models/default/corridor/old_corridor.nbt
[28Mar2025 18:26:53.161] [main/DEBUG] [Dungeon Crawl/]: Loading dungeoncrawl:models/default/corridor/old_corridor.json
[28Mar2025 18:26:53.161] [main/DEBUG] [Dungeon Crawl/]: Loading dungeoncrawl:models/default/corridor/old_corridor_3.nbt
[28Mar2025 18:26:53.162] [main/DEBUG] [Dungeon Crawl/]: Loading dungeoncrawl:models/default/corridor/old_corridor_3.json
[28Mar2025 18:26:53.162] [main/DEBUG] [Dungeon Crawl/]: Loading dungeoncrawl:models/default/corridor/secret_room_entrance.nbt
[28Mar2025 18:26:53.164] [main/DEBUG] [Dungeon Crawl/]: Loading dungeoncrawl:models/default/corridor/secret_room_entrance.json
[28Mar2025 18:26:53.166] [main/DEBUG] [Dungeon Crawl/]: Loading dungeoncrawl:models/default/corridor/stone_corridor.nbt
[28Mar2025 18:26:53.168] [main/DEBUG] [Dungeon Crawl/]: Loading dungeoncrawl:models/default/corridor/stone_corridor.json
[28Mar2025 18:26:53.168] [main/DEBUG] [Dungeon Crawl/]: Loading dungeoncrawl:models/default/loot_room.nbt
[28Mar2025 18:26:53.183] [main/DEBUG] [Dungeon Crawl/]: Loading dungeoncrawl:models/default/loot_room.json
[28Mar2025 18:26:53.183] [main/DEBUG] [Dungeon Crawl/]: Loading dungeoncrawl:models/default/multipart/corridor/bookshelf.nbt
[28Mar2025 18:26:53.183] [main/DEBUG] [Dungeon Crawl/]: Loading dungeoncrawl:models/default/multipart/corridor/chest.nbt
[28Mar2025 18:26:53.187] [main/DEBUG] [Dungeon Crawl/]: Loading dungeoncrawl:models/default/multipart/corridor/chest_room.nbt
[28Mar2025 18:26:53.188] [main/DEBUG] [Dungeon Crawl/]: Loading dungeoncrawl:models/default/multipart/corridor/chest_room_2.nbt
[28Mar2025 18:26:53.188] [main/DEBUG] [Dungeon Crawl/]: Loading dungeoncrawl:models/default/multipart/corridor/crops.nbt
[28Mar2025 18:26:53.190] [main/DEBUG] [Dungeon Crawl/]: Loading dungeoncrawl:models/default/multipart/corridor/crops.json
[28Mar2025 18:26:53.191] [main/DEBUG] [Dungeon Crawl/]: Loading dungeoncrawl:models/default/multipart/corridor/default.nbt
[28Mar2025 18:26:53.191] [main/DEBUG] [Dungeon Crawl/]: Loading dungeoncrawl:models/default/multipart/corridor/empty_room.nbt
[28Mar2025 18:26:53.193] [main/DEBUG] [Dungeon Crawl/]: Loading dungeoncrawl:models/default/multipart/corridor/empty_room_2.nbt
[28Mar2025 18:26:53.193] [main/DEBUG] [Dungeon Crawl/]: Loading dungeoncrawl:models/default/multipart/corridor/empty_room_3.nbt
[28Mar2025 18:26:53.194] [main/DEBUG] [Dungeon Crawl/]: Loading dungeoncrawl:models/default/multipart/corridor/empty_room_4.nbt
[28Mar2025 18:26:53.194] [main/DEBUG] [Dungeon Crawl/]: Loading dungeoncrawl:models/default/multipart/corridor/fire.nbt
[28Mar2025 18:26:53.195] [main/DEBUG] [Dungeon Crawl/]: Loading dungeoncrawl:models/default/multipart/corridor/light.nbt
[28Mar2025 18:26:53.195] [main/DEBUG] [Dungeon Crawl/]: Loading dungeoncrawl:models/default/multipart/corridor/light_switch.nbt
[28Mar2025 18:26:53.195] [main/DEBUG] [Dungeon Crawl/]: Loading dungeoncrawl:models/default/multipart/corridor/secret_room_entrance.nbt
[28Mar2025 18:26:53.195] [main/DEBUG] [Dungeon Crawl/]: Loading dungeoncrawl:models/default/multipart/corridor/secret_room_entrance_2.nbt
[28Mar2025 18:26:53.196] [main/DEBUG] [Dungeon Crawl/]: Loading dungeoncrawl:models/default/multipart/corridor/secret_room_entrance_3.nbt
[28Mar2025 18:26:53.196] [main/DEBUG] [Dungeon Crawl/]: Loading dungeoncrawl:models/default/multipart/corridor/secret_room_entrance_bookshelf.nbt
[28Mar2025 18:26:53.196] [main/DEBUG] [Dungeon Crawl/]: Loading dungeoncrawl:models/default/multipart/corridor/spawner.nbt
[28Mar2025 18:26:53.196] [main/DEBUG] [Dungeon Crawl/]: Loading dungeoncrawl:models/default/multipart/corridor/spawner_room.nbt
[28Mar2025 18:26:53.197] [main/DEBUG] [Dungeon Crawl/]: Loading dungeoncrawl:models/default/multipart/corridor/variant.nbt
[28Mar2025 18:26:53.197] [main/DEBUG] [Dungeon Crawl/]: Loading dungeoncrawl:models/default/multipart/corridor/variant_2.nbt
[28Mar2025 18:26:53.197] [main/DEBUG] [Dungeon Crawl/]: Loading dungeoncrawl:models/default/multipart/large_wall.nbt
[28Mar2025 18:26:53.197] [main/DEBUG] [Dungeon Crawl/]: Loading dungeoncrawl:models/default/multipart/node_connector.nbt
[28Mar2025 18:26:53.197] [main/DEBUG] [Dungeon Crawl/]: Loading dungeoncrawl:models/default/multipart/short_node_connector.nbt
[28Mar2025 18:26:53.198] [main/DEBUG] [Dungeon Crawl/]: Loading dungeoncrawl:models/default/multipart/wall.nbt
[28Mar2025 18:26:53.198] [main/DEBUG] [Dungeon Crawl/]: Loading dungeoncrawl:models/default/multipart/wall_2.nbt
[28Mar2025 18:26:53.198] [main/DEBUG] [Dungeon Crawl/]: Loading dungeoncrawl:models/default/node/connector/connector.nbt
[28Mar2025 18:26:53.203] [main/DEBUG] [Dungeon Crawl/]: Loading dungeoncrawl:models/default/node/connector/connector.json
[28Mar2025 18:26:53.203] [main/DEBUG] [Dungeon Crawl/]: Loading dungeoncrawl:models/default/node/connector/connector_2.nbt
[28Mar2025 18:26:53.204] [main/DEBUG] [Dungeon Crawl/]: Loading dungeoncrawl:models/default/node/connector/connector_2.json
[28Mar2025 18:26:53.205] [main/DEBUG] [Dungeon Crawl/]: Loading dungeoncrawl:models/default/node/connector/connector_3.nbt
[28Mar2025 18:26:53.208] [main/DEBUG] [Dungeon Crawl/]: Loading dungeoncrawl:models/default/node/connector/connector_3.json
[28Mar2025 18:26:53.209] [main/DEBUG] [Dungeon Crawl/]: Loading dungeoncrawl:models/default/node/connector/connector_4.nbt
[28Mar2025 18:26:53.209] [main/DEBUG] [Dungeon Crawl/]: Loading dungeoncrawl:models/default/node/connector/connector_4.json
[28Mar2025 18:26:53.210] [main/DEBUG] [Dungeon Crawl/]: Loading dungeoncrawl:models/default/node/connector/connector_6.nbt
[28Mar2025 18:26:53.210] [main/DEBUG] [Dungeon Crawl/]: Loading dungeoncrawl:models/default/node/connector/connector_6.json
[28Mar2025 18:26:53.210] [main/DEBUG] [Dungeon Crawl/]: Loading dungeoncrawl:models/default/node/connector/connector_lava.nbt
[28Mar2025 18:26:53.211] [main/DEBUG] [Dungeon Crawl/]: Loading dungeoncrawl:models/default/node/connector/node_connector_catacomb.nbt
[28Mar2025 18:26:53.212] [main/DEBUG] [Dungeon Crawl/]: Loading dungeoncrawl:models/default/node/connector/node_connector_catacomb.json
[28Mar2025 18:26:53.213] [main/DEBUG] [Dungeon Crawl/]: Loading dungeoncrawl:models/default/node/dark_hall.nbt
[28Mar2025 18:26:53.224] [main/DEBUG] [Dungeon Crawl/]: Loading dungeoncrawl:models/default/node/fire_hall.nbt
[28Mar2025 18:26:53.229] [main/DEBUG] [Dungeon Crawl/]: Loading dungeoncrawl:models/default/node/fireplace.nbt
[28Mar2025 18:26:53.233] [main/DEBUG] [Dungeon Crawl/]: Loading dungeoncrawl:models/default/node/fireplace.json
[28Mar2025 18:26:53.233] [main/DEBUG] [Dungeon Crawl/]: Loading dungeoncrawl:models/default/node/forge.nbt
[28Mar2025 18:26:53.236] [main/DEBUG] [Dungeon Crawl/]: Loading dungeoncrawl:models/default/node/forge.json
[28Mar2025 18:26:53.236] [main/DEBUG] [Dungeon Crawl/]: Loading dungeoncrawl:models/default/node/jukebox_room.nbt
[28Mar2025 18:26:53.238] [main/DEBUG] [Dungeon Crawl/]: Loading dungeoncrawl:models/default/node/jukebox_room.json
[28Mar2025 18:26:53.240] [main/DEBUG] [Dungeon Crawl/]: Loading dungeoncrawl:models/default/node/library.nbt
[28Mar2025 18:26:53.259] [main/DEBUG] [Dungeon Crawl/]: Loading dungeoncrawl:models/default/node/library.json
[28Mar2025 18:26:53.259] [main/DEBUG] [Dungeon Crawl/]: Loading dungeoncrawl:models/default/node/node_turn.nbt
[28Mar2025 18:26:53.263] [main/DEBUG] [Dungeon Crawl/]: Loading dungeoncrawl:models/default/node/node_turn.json
[28Mar2025 18:26:53.263] [main/DEBUG] [Dungeon Crawl/]: Loading dungeoncrawl:models/default/node/old_fire_hall.nbt
[28Mar2025 18:26:53.270] [main/DEBUG] [Dungeon Crawl/]: Loading dungeoncrawl:models/default/node/old_fire_hall.json
[28Mar2025 18:26:53.270] [main/DEBUG] [Dungeon Crawl/]: Loading dungeoncrawl:models/default/node/old_jukebox_room.nbt
[28Mar2025 18:26:53.273] [main/DEBUG] [Dungeon Crawl/]: Loading dungeoncrawl:models/default/node/old_jukebox_room.json
[28Mar2025 18:26:53.273] [main/DEBUG] [Dungeon Crawl/]: Loading dungeoncrawl:models/default/node/room.nbt
[28Mar2025 18:26:53.275] [main/DEBUG] [Dungeon Crawl/]: Loading dungeoncrawl:models/default/node/room.json
[28Mar2025 18:26:53.276] [main/DEBUG] [Dungeon Crawl/]: Loading dungeoncrawl:models/default/node/room_2.nbt
[28Mar2025 18:26:53.280] [main/DEBUG] [Dungeon Crawl/]: Loading dungeoncrawl:models/default/node/room_2.json
[28Mar2025 18:26:53.280] [main/DEBUG] [Dungeon Crawl/]: Loading dungeoncrawl:models/default/node/spawner_hall.nbt
[28Mar2025 18:26:53.289] [main/DEBUG] [Dungeon Crawl/]: Loading dungeoncrawl:models/default/node/spawner_hall.json
[28Mar2025 18:26:53.289] [main/DEBUG] [Dungeon Crawl/]: Loading dungeoncrawl:models/default/old_loot_room.nbt
[28Mar2025 18:26:53.305] [main/DEBUG] [Dungeon Crawl/]: Loading dungeoncrawl:models/default/old_loot_room.json
[28Mar2025 18:26:53.305] [main/DEBUG] [Dungeon Crawl/]: Loading dungeoncrawl:models/default/room/food_side_room.nbt
[28Mar2025 18:26:53.306] [main/DEBUG] [Dungeon Crawl/]: Loading dungeoncrawl:models/default/room/food_side_room.json
[28Mar2025 18:26:53.306] [main/DEBUG] [Dungeon Crawl/]: Loading dungeoncrawl:models/default/room/secret_room.nbt
[28Mar2025 18:26:53.308] [main/DEBUG] [Dungeon Crawl/]: Loading dungeoncrawl:models/default/room/secret_room.json
[28Mar2025 18:26:53.308] [main/DEBUG] [Dungeon Crawl/]: Loading dungeoncrawl:models/default/room/spawner_room.nbt
[28Mar2025 18:26:53.309] [main/DEBUG] [Dungeon Crawl/]: Loading dungeoncrawl:models/default/room/spawner_room.json
[28Mar2025 18:26:53.309] [main/DEBUG] [Dungeon Crawl/]: Loading dungeoncrawl:models/default/room/spawner_room_2.nbt
[28Mar2025 18:26:53.310] [main/DEBUG] [Dungeon Crawl/]: Loading dungeoncrawl:models/default/room/spawner_room_2.json
[28Mar2025 18:26:53.310] [main/DEBUG] [Dungeon Crawl/]: Loading dungeoncrawl:models/default/room/spawner_room_material.nbt
[28Mar2025 18:26:53.311] [main/DEBUG] [Dungeon Crawl/]: Loading dungeoncrawl:models/default/room/spawner_room_material.json
[28Mar2025 18:26:53.314] [main/DEBUG] [Dungeon Crawl/]: Loading dungeoncrawl:models/default/room/spawner_room_material_2.nbt
[28Mar2025 18:26:53.315] [main/DEBUG] [Dungeon Crawl/]: Loading dungeoncrawl:models/default/room/spawner_room_material_2.json
[28Mar2025 18:26:53.317] [main/DEBUG] [Dungeon Crawl/]: Loading dungeoncrawl:models/default/room/starter_room.nbt
[28Mar2025 18:26:53.318] [main/DEBUG] [Dungeon Crawl/]: Loading dungeoncrawl:models/default/room/starter_room.json
[28Mar2025 18:26:53.318] [main/DEBUG] [Dungeon Crawl/]: Loading dungeoncrawl:models/default/room/tnt_trap_side_room.nbt
[28Mar2025 18:26:53.319] [main/DEBUG] [Dungeon Crawl/]: Loading dungeoncrawl:models/default/room/tnt_trap_side_room.json
[28Mar2025 18:26:53.319] [main/DEBUG] [Dungeon Crawl/]: Loading dungeoncrawl:models/default/staircase.nbt
[28Mar2025 18:26:53.320] [main/DEBUG] [Dungeon Crawl/]: Loading dungeoncrawl:models/default/staircase.json
[28Mar2025 18:26:53.320] [main/DEBUG] [Dungeon Crawl/]: Loading dungeoncrawl:models/default/staircase_layer.nbt
[28Mar2025 18:26:53.320] [main/DEBUG] [Dungeon Crawl/]: Loading dungeoncrawl:models/default/stairs_bottom.nbt
[28Mar2025 18:26:53.321] [main/DEBUG] [Dungeon Crawl/]: Loading dungeoncrawl:models/default/stairs_bottom.json
[28Mar2025 18:26:53.322] [main/DEBUG] [Dungeon Crawl/]: Loading dungeoncrawl:models/default/stairs_bottom_2.nbt
[28Mar2025 18:26:53.324] [main/DEBUG] [Dungeon Crawl/]: Loading dungeoncrawl:models/default/stairs_bottom_2.json
[28Mar2025 18:26:53.325] [main/DEBUG] [Dungeon Crawl/]: Loading dungeoncrawl:models/default/stairs_top.nbt
[28Mar2025 18:26:53.326] [main/DEBUG] [Dungeon Crawl/]: Loading dungeoncrawl:models/default/stairs_top.json
[28Mar2025 18:26:53.326] [main/DEBUG] [Dungeon Crawl/]: Loading dungeoncrawl:models/entrance/roguelike/eniko_tower.nbt
[28Mar2025 18:26:53.337] [main/DEBUG] [Dungeon Crawl/]: Loading dungeoncrawl:models/entrance/roguelike/eniko_tower.json
[28Mar2025 18:26:53.337] [main/DEBUG] [Dungeon Crawl/]: Loading dungeoncrawl:models/entrance/roguelike/house.nbt
[28Mar2025 18:26:53.340] [main/DEBUG] [Dungeon Crawl/]: Loading dungeoncrawl:models/entrance/roguelike/house.json
[28Mar2025 18:26:53.340] [main/DEBUG] [Dungeon Crawl/]: Loading dungeoncrawl:models/entrance/roguelike/pyramid.nbt
[28Mar2025 18:26:53.347] [main/DEBUG] [Dungeon Crawl/]: Loading dungeoncrawl:models/entrance/roguelike/pyramid.json
[28Mar2025 18:26:53.347] [main/DEBUG] [Dungeon Crawl/]: Loading dungeoncrawl:models/entrance/roguelike/rogue_tower.nbt
[28Mar2025 18:26:53.349] [main/DEBUG] [Dungeon Crawl/]: Loading dungeoncrawl:models/entrance/roguelike/rogue_tower.json
[28Mar2025 18:26:53.349] [main/DEBUG] [Dungeon Crawl/]: Loading dungeoncrawl:models/entrance/roguelike/witch_tower.nbt
[28Mar2025 18:26:53.353] [main/DEBUG] [Dungeon Crawl/]: Loading dungeoncrawl:models/entrance/roguelike/witch_tower.json
[28Mar2025 18:26:53.353] [main/DEBUG] [Dungeon Crawl/]: Loading dungeoncrawl:models/hell/node/lava_hall.nbt
[28Mar2025 18:26:53.363] [main/DEBUG] [Dungeon Crawl/]: Loading dungeoncrawl:models/hell/node/small_loot_room.nbt
[28Mar2025 18:26:53.369] [main/DEBUG] [Dungeon Crawl/]: Loading dungeoncrawl:models/hell/node/small_loot_room.json
[28Mar2025 18:26:53.370] [main/DEBUG] [Dungeon Crawl/]: Loading dungeoncrawl:models/hell/room/empty_room.nbt
[28Mar2025 18:26:53.372] [main/DEBUG] [Dungeon Crawl/]: Loading dungeoncrawl:models/hell/room/empty_room.json
[28Mar2025 18:26:53.373] [main/DEBUG] [Dungeon Crawl/]: Loading dungeoncrawl:models/hell/room/spawner_room.nbt
[28Mar2025 18:26:53.375] [main/DEBUG] [Dungeon Crawl/]: Loading dungeoncrawl:models/hell/room/spawner_room.json
[28Mar2025 18:26:53.378] [main/DEBUG] [Dungeon Crawl/]: Loading dungeoncrawl:dungeon/model_pools.json
[28Mar2025 18:26:53.387] [main/DEBUG] [Dungeon Crawl/]: Loading dungeoncrawl:dungeon/types/default.json
[28Mar2025 18:26:53.400] [main/DEBUG] [Dungeon Crawl/]: Loading dungeoncrawl:dungeon/types/desert/default.json
[28Mar2025 18:26:53.401] [main/DEBUG] [Dungeon Crawl/]: Loading dungeoncrawl:dungeon/types/forest/default.json
[28Mar2025 18:26:53.402] [main/DEBUG] [Dungeon Crawl/]: Loading dungeoncrawl:dungeon/types/mountains/default.json
[28Mar2025 18:26:53.404] [main/DEBUG] [Dungeon Crawl/]: Loading dungeoncrawl:dungeon/biome_mappings/default.json
[28Mar2025 18:26:53.407] [main/DEBUG] [Dungeon Crawl/]: Loading dungeoncrawl:theming/secondary_themes/catacombs/crumbled.json
[28Mar2025 18:26:53.413] [main/DEBUG] [Dungeon Crawl/]: Loading dungeoncrawl:theming/secondary_themes/hell/roguelike.json
[28Mar2025 18:26:53.414] [main/DEBUG] [Dungeon Crawl/]: Loading dungeoncrawl:theming/secondary_themes/vanilla/acacia.json
[28Mar2025 18:26:53.415] [main/DEBUG] [Dungeon Crawl/]: Loading dungeoncrawl:theming/secondary_themes/vanilla/badlands/default.json
[28Mar2025 18:26:53.417] [main/DEBUG] [Dungeon Crawl/]: Loading dungeoncrawl:theming/secondary_themes/vanilla/birch.json
[28Mar2025 18:26:53.417] [main/DEBUG] [Dungeon Crawl/]: Loading dungeoncrawl:theming/secondary_themes/vanilla/catacombs/mossy.json
[28Mar2025 18:26:53.423] [main/DEBUG] [Dungeon Crawl/]: Loading dungeoncrawl:theming/secondary_themes/vanilla/catacombs/overgrown.json
[28Mar2025 18:26:53.425] [main/DEBUG] [Dungeon Crawl/]: Loading dungeoncrawl:theming/secondary_themes/vanilla/dark_oak.json
[28Mar2025 18:26:53.429] [main/DEBUG] [Dungeon Crawl/]: Loading dungeoncrawl:theming/secondary_themes/vanilla/desert/default.json
[28Mar2025 18:26:53.430] [main/DEBUG] [Dungeon Crawl/]: Loading dungeoncrawl:theming/secondary_themes/vanilla/desert/diorite.json
[28Mar2025 18:26:53.432] [main/DEBUG] [Dungeon Crawl/]: Loading dungeoncrawl:theming/secondary_themes/vanilla/desert/granite.json
[28Mar2025 18:26:53.433] [main/DEBUG] [Dungeon Crawl/]: Loading dungeoncrawl:theming/secondary_themes/vanilla/hell/default.json
[28Mar2025 18:26:53.433] [main/DEBUG] [Dungeon Crawl/]: Loading dungeoncrawl:theming/secondary_themes/vanilla/jungle.json
[28Mar2025 18:26:53.434] [main/DEBUG] [Dungeon Crawl/]: Loading dungeoncrawl:theming/secondary_themes/vanilla/mountains/default.json
[28Mar2025 18:26:53.434] [main/DEBUG] [Dungeon Crawl/]: Loading dungeoncrawl:theming/secondary_themes/vanilla/oak.json
[28Mar2025 18:26:53.435] [main/DEBUG] [Dungeon Crawl/]: Loading dungeoncrawl:theming/secondary_themes/vanilla/spruce.json
[28Mar2025 18:26:53.437] [main/DEBUG] [Dungeon Crawl/]: Loading dungeoncrawl:theming/primary_themes/catacombs/crumbled.json
[28Mar2025 18:26:53.444] [main/DEBUG] [Dungeon Crawl/]: Loading dungeoncrawl:theming/primary_themes/create/andesite.json
[28Mar2025 18:26:53.445] [main/DEBUG] [Dungeon Crawl/]: Loading dungeoncrawl:theming/primary_themes/create/crumbled_andesite.json
[28Mar2025 18:26:53.446] [main/DEBUG] [Dungeon Crawl/]: Loading dungeoncrawl:theming/primary_themes/create/mossy_andesite.json
[28Mar2025 18:26:53.447] [main/DEBUG] [Dungeon Crawl/]: Loading dungeoncrawl:theming/primary_themes/create/overgrown_andesite.json
[28Mar2025 18:26:53.448] [main/DEBUG] [Dungeon Crawl/]: Loading dungeoncrawl:theming/primary_themes/hell/roguelike.json
[28Mar2025 18:26:53.449] [main/DEBUG] [Dungeon Crawl/]: Loading dungeoncrawl:theming/primary_themes/vanilla/andesite.json
[28Mar2025 18:26:53.449] [main/DEBUG] [Dungeon Crawl/]: Loading dungeoncrawl:theming/primary_themes/vanilla/badlands/default.json
[28Mar2025 18:26:53.451] [main/DEBUG] [Dungeon Crawl/]: Loading dungeoncrawl:theming/primary_themes/vanilla/bricks.json
[28Mar2025 18:26:53.453] [main/DEBUG] [Dungeon Crawl/]: Loading dungeoncrawl:theming/primary_themes/vanilla/bricks_2.json
[28Mar2025 18:26:53.456] [main/DEBUG] [Dungeon Crawl/]: Loading dungeoncrawl:theming/primary_themes/vanilla/catacombs/ancient.json
[28Mar2025 18:26:53.461] [main/DEBUG] [Dungeon Crawl/]: Loading dungeoncrawl:theming/primary_themes/vanilla/catacombs/bricks.json
[28Mar2025 18:26:53.463] [main/DEBUG] [Dungeon Crawl/]: Loading dungeoncrawl:theming/primary_themes/vanilla/catacombs/crumbled_floor.json
[28Mar2025 18:26:53.466] [main/DEBUG] [Dungeon Crawl/]: Loading dungeoncrawl:theming/primary_themes/vanilla/catacombs/mossy.json
[28Mar2025 18:26:53.467] [main/DEBUG] [Dungeon Crawl/]: Loading dungeoncrawl:theming/primary_themes/vanilla/catacombs/overgrown.json
[28Mar2025 18:26:53.472] [main/DEBUG] [Dungeon Crawl/]: Loading dungeoncrawl:theming/primary_themes/vanilla/default.json
[28Mar2025 18:26:53.475] [main/DEBUG] [Dungeon Crawl/]: Loading dungeoncrawl:theming/primary_themes/vanilla/desert/default.json
[28Mar2025 18:26:53.476] [main/DEBUG] [Dungeon Crawl/]: Loading dungeoncrawl:theming/primary_themes/vanilla/desert/diorite.json
[28Mar2025 18:26:53.477] [main/DEBUG] [Dungeon Crawl/]: Loading dungeoncrawl:theming/primary_themes/vanilla/desert/granite.json
[28Mar2025 18:26:53.478] [main/DEBUG] [Dungeon Crawl/]: Loading dungeoncrawl:theming/primary_themes/vanilla/desert/terracotta.json
[28Mar2025 18:26:53.480] [main/DEBUG] [Dungeon Crawl/]: Loading dungeoncrawl:theming/primary_themes/vanilla/hell/checked_floor.json
[28Mar2025 18:26:53.481] [main/DEBUG] [Dungeon Crawl/]: Loading dungeoncrawl:theming/primary_themes/vanilla/hell/default.json
[28Mar2025 18:26:53.482] [main/DEBUG] [Dungeon Crawl/]: Loading dungeoncrawl:theming/primary_themes/vanilla/hell/mossy.json
[28Mar2025 18:26:53.487] [main/DEBUG] [Dungeon Crawl/]: Loading dungeoncrawl:theming/primary_themes/vanilla/jungle/default.json
[28Mar2025 18:26:53.492] [main/DEBUG] [Dungeon Crawl/]: Loading dungeoncrawl:theming/primary_themes/vanilla/mountains/default.json
[28Mar2025 18:26:53.513] [main/DEBUG] [Dungeon Crawl/]: Loading dungeoncrawl:monster/spawn_rates.json
[28Mar2025 18:26:53.517] [main/DEBUG] [Dungeon Crawl/]: Loading dungeoncrawl:treasure/stage_1.json
[28Mar2025 18:26:53.520] [main/DEBUG] [Dungeon Crawl/]: Loading dungeoncrawl:treasure/stage_2.json
[28Mar2025 18:26:53.521] [main/DEBUG] [Dungeon Crawl/]: Loading dungeoncrawl:treasure/stage_3.json
[28Mar2025 18:26:53.521] [main/DEBUG] [Dungeon Crawl/]: Loading dungeoncrawl:treasure/stage_4.json
[28Mar2025 18:26:53.521] [main/DEBUG] [Dungeon Crawl/]: Loading dungeoncrawl:treasure/stage_5.json
[28Mar2025 18:26:53.526] [main/DEBUG] [Dungeon Crawl/]: Loading dungeoncrawl:monster/entities/stage_1.json
[28Mar2025 18:26:53.531] [main/DEBUG] [Dungeon Crawl/]: Loading dungeoncrawl:monster/entities/stage_2.json
[28Mar2025 18:26:53.531] [main/DEBUG] [Dungeon Crawl/]: Loading dungeoncrawl:monster/entities/stage_3.json
[28Mar2025 18:26:53.531] [main/DEBUG] [Dungeon Crawl/]: Loading dungeoncrawl:monster/entities/stage_4.json
[28Mar2025 18:26:53.531] [main/DEBUG] [Dungeon Crawl/]: Loading dungeoncrawl:monster/entities/stage_5.json
[28Mar2025 18:26:53.531] [main/DEBUG] [Dungeon Crawl/]: Loading dungeoncrawl:monster/equipment/armor/stage_1.json
[28Mar2025 18:26:53.531] [main/DEBUG] [Dungeon Crawl/]: Loading dungeoncrawl:monster/equipment/armor/stage_2.json
[28Mar2025 18:26:53.532] [main/DEBUG] [Dungeon Crawl/]: Loading dungeoncrawl:monster/equipment/armor/stage_3.json
[28Mar2025 18:26:53.532] [main/DEBUG] [Dungeon Crawl/]: Loading dungeoncrawl:monster/equipment/armor/stage_4.json
[28Mar2025 18:26:53.532] [main/DEBUG] [Dungeon Crawl/]: Loading dungeoncrawl:monster/equipment/armor/stage_5.json
[28Mar2025 18:26:53.532] [main/DEBUG] [Dungeon Crawl/]: Loading dungeoncrawl:monster/equipment/weapon/stage_1.json
[28Mar2025 18:26:53.532] [main/DEBUG] [Dungeon Crawl/]: Loading dungeoncrawl:monster/equipment/weapon/stage_2.json
[28Mar2025 18:26:53.532] [main/DEBUG] [Dungeon Crawl/]: Loading dungeoncrawl:monster/equipment/weapon/stage_3.json
[28Mar2025 18:26:53.533] [main/DEBUG] [Dungeon Crawl/]: Loading dungeoncrawl:monster/equipment/weapon/stage_4.json
[28Mar2025 18:26:53.533] [main/DEBUG] [Dungeon Crawl/]: Loading dungeoncrawl:monster/equipment/weapon/stage_5.json
[28Mar2025 18:26:53.535] [main/DEBUG] [Dungeon Crawl/]: Loading dungeoncrawl:monster/potion_effects/stage_1.json
[28Mar2025 18:26:53.537] [main/DEBUG] [Dungeon Crawl/]: Loading dungeoncrawl:monster/potion_effects/stage_2.json
[28Mar2025 18:26:53.538] [main/DEBUG] [Dungeon Crawl/]: Loading dungeoncrawl:monster/potion_effects/stage_3.json
[28Mar2025 18:26:53.539] [main/DEBUG] [Dungeon Crawl/]: Loading dungeoncrawl:monster/potion_effects/stage_4.json
[28Mar2025 18:26:53.541] [main/DEBUG] [Dungeon Crawl/]: Loading dungeoncrawl:monster/potion_effects/stage_5.json
[28Mar2025 18:26:53.541] [main/DEBUG] [Dungeon Crawl/]: Completing...
[28Mar2025 18:26:53.543] [main/INFO] [Dungeon Crawl/]: Done.
[28Mar2025 18:26:53.565] [main/INFO] [Supplementaries/]: Loaded 27 flute songs
[28Mar2025 18:26:56.186] [main/DEBUG] [mixin/]: Mixing TreasureMapForEmeraldsMixin from supplementaries.mixins.json into net.minecraft.world.entity.npc.VillagerTrades$TreasureMapForEmeralds
[28Mar2025 18:26:56.197] [main/INFO] [Moonlight/]: Applied 7 data villager trades
[28Mar2025 18:26:56.475] [main/INFO] [Supplementaries/]: Finished additional setup in 0 ms
[28Mar2025 18:26:57.201] [main/DEBUG] [net.minecraftforge.common.ForgeHooks/WP]: Gathering id map for writing to world save world
[28Mar2025 18:26:57.326] [main/DEBUG] [net.minecraftforge.common.ForgeHooks/WP]: ID Map collection complete world
[28Mar2025 18:26:57.566] [Server thread/INFO] [net.minecraft.server.dedicated.DedicatedServer/]: Starting minecraft server version 1.20.1
[28Mar2025 18:26:57.568] [Server thread/INFO] [net.minecraft.server.dedicated.DedicatedServer/]: Loading properties
[28Mar2025 18:26:57.569] [Server thread/INFO] [net.minecraft.server.dedicated.DedicatedServer/]: Default game type: SURVIVAL
[28Mar2025 18:26:57.570] [Server thread/INFO] [net.minecraft.server.MinecraftServer/]: Generating keypair
[28Mar2025 18:26:57.851] [Server thread/INFO] [net.minecraft.server.dedicated.DedicatedServer/]: Starting Minecraft server on *:25565
[28Mar2025 18:26:57.859] [Server thread/DEBUG] [net.minecraftforge.network.DualStackUtils/]: Detected IPv6 address: "0:0:0:0:0:0:0:0"
[28Mar2025 18:26:57.885] [Server thread/DEBUG] [io.netty.util.internal.NativeLibraryLoader/]: -Dio.netty.native.workdir: /tmp (io.netty.tmpdir)
[28Mar2025 18:26:57.887] [Server thread/DEBUG] [io.netty.util.internal.NativeLibraryLoader/]: -Dio.netty.native.deleteLibAfterLoading: true
[28Mar2025 18:26:57.888] [Server thread/DEBUG] [io.netty.util.internal.NativeLibraryLoader/]: -Dio.netty.native.tryPatchShadedId: true
[28Mar2025 18:26:57.888] [Server thread/DEBUG] [io.netty.util.internal.NativeLibraryLoader/]: -Dio.netty.native.detectNativeLibraryDuplicates: true
[28Mar2025 18:26:58.044] [Server thread/DEBUG] [io.netty.util.internal.NativeLibraryLoader/]: Successfully loaded the library /tmp/libnetty_transport_native_epoll_x86_6410925573264058479946.so
[28Mar2025 18:26:58.071] [Server thread/DEBUG] [io.netty.util.NetUtil/]: -Djava.net.preferIPv4Stack: false
[28Mar2025 18:26:58.071] [Server thread/DEBUG] [io.netty.util.NetUtil/]: -Djava.net.preferIPv6Addresses: true
[28Mar2025 18:26:58.090] [Server thread/DEBUG] [io.netty.util.NetUtilInitializations/]: Loopback interface: lo (lo, 0:0:0:0:0:0:0:1%lo)
[28Mar2025 18:26:58.099] [Server thread/DEBUG] [io.netty.util.NetUtil/]: /proc/sys/net/core/somaxconn: 4096
[28Mar2025 18:26:58.113] [Server thread/INFO] [net.minecraft.server.network.ServerConnectionListener/]: Using epoll channel type
[28Mar2025 18:26:58.150] [Server thread/DEBUG] [io.netty.channel.MultithreadEventLoopGroup/]: -Dio.netty.eventLoopThreads: 4
[28Mar2025 18:26:58.238] [Server thread/DEBUG] [io.netty.util.internal.PlatformDependent/]: org.jctools-core.MpscChunkedArrayQueue: available
[28Mar2025 18:26:58.258] [Server thread/DEBUG] [io.netty.channel.DefaultChannelId/]: -Dio.netty.processId: 4376 (auto-detected)
[28Mar2025 18:26:58.267] [Server thread/DEBUG] [io.netty.channel.DefaultChannelId/]: -Dio.netty.machineId: 60:45:bd:ff:fe:d0:f7:c2 (auto-detected)
[28Mar2025 18:26:58.368] [Server thread/DEBUG] [io.netty.buffer.PooledByteBufAllocator/]: -Dio.netty.allocator.numHeapArenas: 4
[28Mar2025 18:26:58.369] [Server thread/DEBUG] [io.netty.buffer.PooledByteBufAllocator/]: -Dio.netty.allocator.numDirectArenas: 4
[28Mar2025 18:26:58.369] [Server thread/DEBUG] [io.netty.buffer.PooledByteBufAllocator/]: -Dio.netty.allocator.pageSize: 8192
[28Mar2025 18:26:58.369] [Server thread/DEBUG] [io.netty.buffer.PooledByteBufAllocator/]: -Dio.netty.allocator.maxOrder: 9
[28Mar2025 18:26:58.369] [Server thread/DEBUG] [io.netty.buffer.PooledByteBufAllocator/]: -Dio.netty.allocator.chunkSize: 4194304
[28Mar2025 18:26:58.369] [Server thread/DEBUG] [io.netty.buffer.PooledByteBufAllocator/]: -Dio.netty.allocator.smallCacheSize: 256
[28Mar2025 18:26:58.369] [Server thread/DEBUG] [io.netty.buffer.PooledByteBufAllocator/]: -Dio.netty.allocator.normalCacheSize: 64
[28Mar2025 18:26:58.370] [Server thread/DEBUG] [io.netty.buffer.PooledByteBufAllocator/]: -Dio.netty.allocator.maxCachedBufferCapacity: 32768
[28Mar2025 18:26:58.371] [Server thread/DEBUG] [io.netty.buffer.PooledByteBufAllocator/]: -Dio.netty.allocator.cacheTrimInterval: 8192
[28Mar2025 18:26:58.371] [Server thread/DEBUG] [io.netty.buffer.PooledByteBufAllocator/]: -Dio.netty.allocator.cacheTrimIntervalMillis: 0
[28Mar2025 18:26:58.371] [Server thread/DEBUG] [io.netty.buffer.PooledByteBufAllocator/]: -Dio.netty.allocator.useCacheForAllThreads: false
[28Mar2025 18:26:58.371] [Server thread/DEBUG] [io.netty.buffer.PooledByteBufAllocator/]: -Dio.netty.allocator.maxCachedByteBuffersPerChunk: 1023
[28Mar2025 18:26:58.394] [Server thread/DEBUG] [io.netty.buffer.ByteBufUtil/]: -Dio.netty.allocator.type: pooled
[28Mar2025 18:26:58.395] [Server thread/DEBUG] [io.netty.buffer.ByteBufUtil/]: -Dio.netty.threadLocalDirectBufferSize: 0
[28Mar2025 18:26:58.395] [Server thread/DEBUG] [io.netty.buffer.ByteBufUtil/]: -Dio.netty.maxThreadLocalCharBufferSize: 16384
[28Mar2025 18:26:58.417] [Server thread/WARN] [net.minecraft.server.dedicated.DedicatedServer/]: **** SERVER IS RUNNING IN OFFLINE/INSECURE MODE!
[28Mar2025 18:26:58.418] [Server thread/WARN] [net.minecraft.server.dedicated.DedicatedServer/]: The server will make no attempt to authenticate usernames. Beware.
[28Mar2025 18:26:58.419] [Server thread/WARN] [net.minecraft.server.dedicated.DedicatedServer/]: While this makes the game possible to play without internet access, it also opens up the ability for hackers to connect with any username they choose.
[28Mar2025 18:26:58.421] [Server thread/WARN] [net.minecraft.server.dedicated.DedicatedServer/]: To change this, set "online-mode" to "true" in the server.properties file.
[28Mar2025 18:26:58.470] [Server thread/DEBUG] [net.minecraftforge.fml.config.ConfigTracker/CONFIG]: Loading configs type SERVER
[28Mar2025 18:26:58.470] [Server thread/DEBUG] [net.minecraftforge.fml.config.ConfigFileTypeHandler/CONFIG]: Built TOML config for ./world/serverconfig/jei-server.toml
[28Mar2025 18:26:58.472] [Server thread/DEBUG] [net.minecraftforge.fml.config.ConfigFileTypeHandler/CONFIG]: Loaded TOML config file ./world/serverconfig/jei-server.toml
[28Mar2025 18:26:58.474] [Server thread/DEBUG] [net.minecraftforge.fml.config.ConfigFileTypeHandler/CONFIG]: Watching TOML config file ./world/serverconfig/jei-server.toml for changes
[28Mar2025 18:26:58.475] [Server thread/DEBUG] [net.minecraftforge.fml.config.ConfigFileTypeHandler/CONFIG]: Built TOML config for ./world/serverconfig/apoli-server.toml
[28Mar2025 18:26:58.476] [Server thread/DEBUG] [net.minecraftforge.fml.config.ConfigFileTypeHandler/CONFIG]: Loaded TOML config file ./world/serverconfig/apoli-server.toml
[28Mar2025 18:26:58.477] [Server thread/DEBUG] [net.minecraftforge.fml.config.ConfigFileTypeHandler/CONFIG]: Watching TOML config file ./world/serverconfig/apoli-server.toml for changes
[28Mar2025 18:26:58.477] [Thread-2/DEBUG] [net.minecraftforge.fml.config.ConfigFileTypeHandler/CONFIG]: Config file apoli-server.toml changed, sending notifies
[28Mar2025 18:26:58.477] [Server thread/DEBUG] [net.minecraftforge.fml.config.ConfigFileTypeHandler/CONFIG]: Built TOML config for ./world/serverconfig/curios-server.toml
[28Mar2025 18:26:58.477] [Thread-2/DEBUG] [net.minecraftforge.fml.config.ConfigFileTypeHandler/CONFIG]: Config file apoli-server.toml changed, sending notifies
[28Mar2025 18:26:58.478] [Server thread/DEBUG] [net.minecraftforge.fml.config.ConfigFileTypeHandler/CONFIG]: Loaded TOML config file ./world/serverconfig/curios-server.toml
[28Mar2025 18:26:58.478] [Server thread/DEBUG] [net.minecraftforge.fml.config.ConfigFileTypeHandler/CONFIG]: Watching TOML config file ./world/serverconfig/curios-server.toml for changes
[28Mar2025 18:26:58.479] [Thread-2/DEBUG] [net.minecraftforge.fml.config.ConfigFileTypeHandler/CONFIG]: Config file curios-server.toml changed, sending notifies
[28Mar2025 18:26:58.479] [Server thread/DEBUG] [net.minecraftforge.fml.config.ConfigFileTypeHandler/CONFIG]: Built TOML config for ./world/serverconfig/journeymap-server.toml
[28Mar2025 18:26:58.480] [Server thread/DEBUG] [net.minecraftforge.fml.config.ConfigFileTypeHandler/CONFIG]: Loaded TOML config file ./world/serverconfig/journeymap-server.toml
[28Mar2025 18:26:58.480] [Thread-2/DEBUG] [net.minecraftforge.fml.config.ConfigFileTypeHandler/CONFIG]: Config file curios-server.toml changed, sending notifies
[28Mar2025 18:26:58.480] [Server thread/DEBUG] [net.minecraftforge.fml.config.ConfigFileTypeHandler/CONFIG]: Watching TOML config file ./world/serverconfig/journeymap-server.toml for changes
[28Mar2025 18:26:58.483] [Server thread/INFO] [journeymap/]: Loading JourneyMap Forge Configs
[28Mar2025 18:26:58.484] [Server thread/DEBUG] [net.minecraftforge.fml.config.ConfigFileTypeHandler/CONFIG]: Built TOML config for ./world/serverconfig/securitycraft-server.toml
[28Mar2025 18:26:58.490] [Thread-2/DEBUG] [net.minecraftforge.fml.config.ConfigFileTypeHandler/CONFIG]: Config file journeymap-server.toml changed, sending notifies
[28Mar2025 18:26:58.493] [Server thread/DEBUG] [net.minecraftforge.fml.config.ConfigFileTypeHandler/CONFIG]: Loaded TOML config file ./world/serverconfig/securitycraft-server.toml
[28Mar2025 18:26:58.490] [Thread-2/INFO] [journeymap/]: Loading JourneyMap Forge Configs
[28Mar2025 18:26:58.494] [Server thread/DEBUG] [net.minecraftforge.fml.config.ConfigFileTypeHandler/CONFIG]: Watching TOML config file ./world/serverconfig/securitycraft-server.toml for changes
[28Mar2025 18:26:58.501] [Thread-2/DEBUG] [net.minecraftforge.fml.config.ConfigFileTypeHandler/CONFIG]: Config file securitycraft-server.toml changed, sending notifies
[28Mar2025 18:26:58.503] [Thread-2/DEBUG] [net.minecraftforge.fml.config.ConfigFileTypeHandler/CONFIG]: Config file securitycraft-server.toml changed, sending notifies
[28Mar2025 18:26:58.504] [Server thread/DEBUG] [net.minecraftforge.fml.config.ConfigFileTypeHandler/CONFIG]: Built TOML config for ./world/serverconfig/cave_dweller-server.toml
[28Mar2025 18:26:58.505] [Server thread/DEBUG] [net.minecraftforge.fml.config.ConfigFileTypeHandler/CONFIG]: Loaded TOML config file ./world/serverconfig/cave_dweller-server.toml
[28Mar2025 18:26:58.505] [Server thread/DEBUG] [net.minecraftforge.fml.config.ConfigFileTypeHandler/CONFIG]: Watching TOML config file ./world/serverconfig/cave_dweller-server.toml for changes
[28Mar2025 18:26:58.508] [Server thread/DEBUG] [net.minecraftforge.fml.config.ConfigFileTypeHandler/CONFIG]: Built TOML config for /workspaces/mineee2/servidor_minecraft/config/tombstone-server.toml
[28Mar2025 18:26:58.509] [Thread-2/DEBUG] [net.minecraftforge.fml.config.ConfigFileTypeHandler/CONFIG]: Config file cave_dweller-server.toml changed, sending notifies
[28Mar2025 18:26:58.510] [Server thread/DEBUG] [net.minecraftforge.fml.config.ConfigFileTypeHandler/CONFIG]: Loaded TOML config file /workspaces/mineee2/servidor_minecraft/config/tombstone-server.toml
[28Mar2025 18:26:58.512] [Server thread/DEBUG] [net.minecraftforge.fml.config.ConfigFileTypeHandler/CONFIG]: Watching TOML config file /workspaces/mineee2/servidor_minecraft/config/tombstone-server.toml for changes
[28Mar2025 18:26:58.511] [Thread-2/INFO] [de.cadentem.cave_dweller.CaveDweller/]: Server configuration has been reloaded
[28Mar2025 18:26:58.513] [Thread-2/DEBUG] [net.minecraftforge.fml.config.ConfigFileTypeHandler/CONFIG]: Config file tombstone-server.toml changed, sending notifies
[28Mar2025 18:26:58.515] [Thread-2/DEBUG] [net.minecraftforge.fml.config.ConfigFileTypeHandler/CONFIG]: Config file cave_dweller-server.toml changed, sending notifies
[28Mar2025 18:26:58.515] [Thread-2/INFO] [de.cadentem.cave_dweller.CaveDweller/]: Server configuration has been reloaded
[28Mar2025 18:26:58.516] [Thread-2/DEBUG] [net.minecraftforge.fml.config.ConfigFileTypeHandler/CONFIG]: Config file tombstone-server.toml changed, sending notifies
[28Mar2025 18:26:58.517] [Server thread/DEBUG] [net.minecraftforge.fml.config.ConfigFileTypeHandler/CONFIG]: Built TOML config for ./world/serverconfig/paraglider-server.toml
[28Mar2025 18:26:58.518] [Server thread/DEBUG] [net.minecraftforge.fml.config.ConfigFileTypeHandler/CONFIG]: Loaded TOML config file ./world/serverconfig/paraglider-server.toml
[28Mar2025 18:26:58.519] [Server thread/DEBUG] [net.minecraftforge.fml.config.ConfigFileTypeHandler/CONFIG]: Watching TOML config file ./world/serverconfig/paraglider-server.toml for changes
[28Mar2025 18:26:58.519] [Thread-2/DEBUG] [net.minecraftforge.fml.config.ConfigFileTypeHandler/CONFIG]: Config file tombstone-server.toml changed, sending notifies
[28Mar2025 18:26:58.531] [Thread-2/DEBUG] [net.minecraftforge.fml.config.ConfigFileTypeHandler/CONFIG]: Config file paraglider-server.toml changed, sending notifies
[28Mar2025 18:26:58.533] [Thread-2/DEBUG] [net.minecraftforge.fml.config.ConfigFileTypeHandler/CONFIG]: Config file paraglider-server.toml changed, sending notifies
[28Mar2025 18:26:58.534] [Server thread/DEBUG] [net.minecraftforge.fml.config.ConfigFileTypeHandler/CONFIG]: Built TOML config for ./world/serverconfig/forge-server.toml
[28Mar2025 18:26:58.535] [Server thread/DEBUG] [net.minecraftforge.fml.config.ConfigFileTypeHandler/CONFIG]: Loaded TOML config file ./world/serverconfig/forge-server.toml
[28Mar2025 18:26:58.535] [Server thread/DEBUG] [net.minecraftforge.fml.config.ConfigFileTypeHandler/CONFIG]: Watching TOML config file ./world/serverconfig/forge-server.toml for changes
[28Mar2025 18:26:58.536] [Server thread/DEBUG] [net.minecraftforge.common.ForgeConfig/FORGEMOD]: Loaded forge config file forge-server.toml
[28Mar2025 18:26:58.536] [Thread-2/DEBUG] [net.minecraftforge.fml.config.ConfigFileTypeHandler/CONFIG]: Config file forge-server.toml changed, sending notifies
[28Mar2025 18:26:58.537] [Thread-2/DEBUG] [net.minecraftforge.common.ForgeConfig/FORGEMOD]: Forge config just got changed on the file system!
[28Mar2025 18:26:58.539] [Thread-2/DEBUG] [net.minecraftforge.fml.config.ConfigFileTypeHandler/CONFIG]: Config file forge-server.toml changed, sending notifies
[28Mar2025 18:26:58.539] [Thread-2/DEBUG] [net.minecraftforge.common.ForgeConfig/FORGEMOD]: Forge config just got changed on the file system!
[28Mar2025 18:26:59.420] [Server thread/DEBUG] [Paraglider/]: Start adding village structures
[28Mar2025 18:26:59.423] [Server thread/DEBUG] [Paraglider/]: Added 2 elements to template pool 'minecraft:village/desert/houses'
[28Mar2025 18:26:59.423] [Server thread/DEBUG] [Paraglider/]: Added 2 elements to template pool 'minecraft:village/plains/houses'
[28Mar2025 18:26:59.424] [Server thread/DEBUG] [Paraglider/]: Added 2 elements to template pool 'minecraft:village/savanna/houses'
[28Mar2025 18:26:59.424] [Server thread/DEBUG] [Paraglider/]: Added 1 elements to template pool 'minecraft:village/snowy/houses'
[28Mar2025 18:26:59.424] [Server thread/DEBUG] [Paraglider/]: Added 2 elements to template pool 'minecraft:village/taiga/houses'
[28Mar2025 18:26:59.424] [Server thread/DEBUG] [Paraglider/]: Finished adding village structures
[28Mar2025 18:26:59.427] [Server thread/INFO] [Framework/]: Loading server configs...
[28Mar2025 18:26:59.479] [Server thread/DEBUG] [Framework/]: Started watching config: /workspaces/mineee2/servidor_minecraft/config/refurbished_furniture.server.toml
[28Mar2025 18:26:59.506] [Server thread/DEBUG] [mixin/]: Mixing entities.MerchantOfferAccessor from repurposed_structures-common.mixins.json into net.minecraft.world.item.trading.MerchantOffer
[28Mar2025 18:26:59.540] [Server thread/INFO] [terrablender/]: Initialized TerraBlender biomes for level stem minecraft:the_nether
[28Mar2025 18:27:01.054] [Server thread/INFO] [terrablender/]: Initialized TerraBlender biomes for level stem minecraft:overworld
[28Mar2025 18:27:01.056] [Server thread/INFO] [net.minecraft.server.dedicated.DedicatedServer/]: Preparing level "world"
[28Mar2025 18:27:01.075] [Server thread/DEBUG] [net.minecraftforge.coremod.transformer.CoreModBaseTransformer/COREMOD]: Transforming net/minecraft/world/level/levelgen/PhantomSpawner
[28Mar2025 18:27:01.089] [Server thread/DEBUG] [mixin/]: Mixing PhantomSpawnerMixin from apoli.mixins.json into net.minecraft.world.level.levelgen.PhantomSpawner
[28Mar2025 18:27:01.125] [Server thread/DEBUG] [net.minecraftforge.coremod.transformer.CoreModBaseTransformer/COREMOD]: Transforming net/minecraft/world/level/levelgen/PatrolSpawner
[28Mar2025 18:27:01.147] [Server thread/DEBUG] [net.minecraftforge.coremod.transformer.CoreModBaseTransformer/COREMOD]: Transforming net/minecraft/world/entity/npc/CatSpawner
[28Mar2025 18:27:01.165] [Server thread/DEBUG] [net.minecraftforge.coremod.transformer.CoreModBaseTransformer/COREMOD]: Transforming net/minecraft/world/entity/ai/village/VillageSiege
[28Mar2025 18:27:01.207] [Server thread/DEBUG] [mixin/]: Mixing RedMerchantSpawnerMixin from supplementaries-common.mixins.json into net.minecraft.world.entity.npc.WanderingTraderSpawner
[28Mar2025 18:27:01.211] [Server thread/DEBUG] [mixin/]: Renaming synthetic method lambda$spawn$1(Lnet/minecraft/core/BlockPos;)Z to md536553$lambda$spawn$1$0 in supplementaries-common.mixins.json:RedMerchantSpawnerMixin
[28Mar2025 18:27:01.211] [Server thread/DEBUG] [mixin/]: Renaming synthetic method lambda$spawn$0(Lnet/minecraft/core/Holder;)Z to md536553$lambda$spawn$0$1 in supplementaries-common.mixins.json:RedMerchantSpawnerMixin
[28Mar2025 18:27:01.395] [Server thread/DEBUG] [mixin/]: Mixing camera.ChunkMapMixin from securitycraft.mixins.json into net.minecraft.server.level.ChunkMap
[28Mar2025 18:27:02.537] [Server thread/DEBUG] [mixin/]: Mixing portal.PortalForcerMixin from securitycraft.mixins.json into net.minecraft.world.level.portal.PortalForcer
[28Mar2025 18:27:03.739] [Server thread/DEBUG] [mixin/]: Mixing MixinEnderDragonPhaseManager from endertrigon.mixins.json into net.minecraft.world.entity.boss.enderdragon.phases.EnderDragonPhaseManager
[28Mar2025 18:27:03.746] [Server thread/INFO] [net.minecraft.world.entity.boss.enderdragon.phases.EnderDragonPhaseManager/]: Dragon is now in phase Hover (#10) on the server
[28Mar2025 18:27:04.111] [Server thread/DEBUG] [mixin/]: Mixing MixinPiglinAi from curios.mixins.json into net.minecraft.world.entity.monster.piglin.PiglinAi
[28Mar2025 18:27:17.183] [Server thread/INFO] [net.minecraft.server.MinecraftServer/]: Preparing start region for dimension minecraft:overworld
[28Mar2025 18:27:20.941] [Server thread/DEBUG] [mixin/]: Mixing MixinChunkSerializer from architectury.mixins.json into net.minecraft.world.level.chunk.storage.ChunkSerializer
[28Mar2025 18:27:22.895] [Server thread/DEBUG] [mixin/]: Mixing StructureStartMixin from zeta.mixins.json into net.minecraft.world.level.levelgen.structure.StructureStart
[28Mar2025 18:27:22.908] [Server thread/DEBUG] [mixin/]: Mixing accessor.BoundingBoxAccessor from yungsapi.mixins.json into net.minecraft.world.level.levelgen.structure.BoundingBox
[28Mar2025 18:27:22.919] [Server thread/DEBUG] [net.minecraftforge.coremod.transformer.CoreModBaseTransformer/COREMOD]: Transforming net/minecraft/world/level/levelgen/structure/templatesystem/StructureTemplate
[28Mar2025 18:27:23.011] [Server thread/DEBUG] [mixin/]: Mixing structures.StructureTemplateMixin from repurposed_structures-common.mixins.json into net.minecraft.world.level.levelgen.structure.templatesystem.StructureTemplate
[28Mar2025 18:27:23.011] [Server thread/DEBUG] [mixin/]: Renaming synthetic method lambda$repurposedstructures_preventAutoWaterlogging$0(Lnet/minecraft/world/level/levelgen/structure/templatesystem/StructureProcessor;)Z to md536553$lambda$repurposedstructures_preventAutoWaterlogging$0$0 in repurposed_structures-common.mixins.json:structures.StructureTemplateMixin
[28Mar2025 18:27:23.037] [Server thread/DEBUG] [mixin/]: Mixing structures.TemplateAccessor from repurposed_structures-common.mixins.json into net.minecraft.world.level.levelgen.structure.templatesystem.StructureTemplate
[28Mar2025 18:27:23.037] [Server thread/DEBUG] [mixin/]: Mixing StructureTemplateMixin from zeta.mixins.json into net.minecraft.world.level.levelgen.structure.templatesystem.StructureTemplate
[28Mar2025 18:27:25.526] [Server thread/DEBUG] [mixin/]: Mixing structures.JigsawJunctionAccessor from repurposed_structures-common.mixins.json into net.minecraft.world.level.levelgen.structure.pools.JigsawJunction
[28Mar2025 18:27:27.030] [Server thread/DEBUG] [mixin/]: Mixing MineshaftPiecesMixin from supplementaries-common.mixins.json into net.minecraft.world.level.levelgen.structure.structures.MineshaftPieces
[28Mar2025 18:27:30.280] [Worker-Main-2/INFO] [net.minecraft.server.level.progress.LoggerChunkProgressListener/]: Preparing spawn area: 0%
[28Mar2025 18:27:30.310] [Worker-Main-2/INFO] [net.minecraft.server.level.progress.LoggerChunkProgressListener/]: Preparing spawn area: 0%
[28Mar2025 18:27:30.419] [Worker-Main-2/INFO] [net.minecraft.server.level.progress.LoggerChunkProgressListener/]: Preparing spawn area: 0%
[28Mar2025 18:27:30.472] [Worker-Main-2/INFO] [net.minecraft.server.level.progress.LoggerChunkProgressListener/]: Preparing spawn area: 0%
[28Mar2025 18:27:30.520] [Worker-Main-2/INFO] [net.minecraft.server.level.progress.LoggerChunkProgressListener/]: Preparing spawn area: 0%
[28Mar2025 18:27:30.562] [Worker-Main-2/INFO] [net.minecraft.server.level.progress.LoggerChunkProgressListener/]: Preparing spawn area: 0%
[28Mar2025 18:27:30.712] [Worker-Main-2/INFO] [net.minecraft.server.level.progress.LoggerChunkProgressListener/]: Preparing spawn area: 0%
[28Mar2025 18:27:30.778] [Worker-Main-2/INFO] [net.minecraft.server.level.progress.LoggerChunkProgressListener/]: Preparing spawn area: 0%
[28Mar2025 18:27:30.799] [Worker-Main-2/INFO] [net.minecraft.server.level.progress.LoggerChunkProgressListener/]: Preparing spawn area: 0%
[28Mar2025 18:27:30.820] [Worker-Main-2/INFO] [net.minecraft.server.level.progress.LoggerChunkProgressListener/]: Preparing spawn area: 0%
[28Mar2025 18:27:30.844] [Worker-Main-2/INFO] [net.minecraft.server.level.progress.LoggerChunkProgressListener/]: Preparing spawn area: 0%
[28Mar2025 18:27:30.877] [Worker-Main-2/INFO] [net.minecraft.server.level.progress.LoggerChunkProgressListener/]: Preparing spawn area: 0%
[28Mar2025 18:27:30.916] [Worker-Main-2/INFO] [net.minecraft.server.level.progress.LoggerChunkProgressListener/]: Preparing spawn area: 0%
[28Mar2025 18:27:30.933] [Worker-Main-2/INFO] [net.minecraft.server.level.progress.LoggerChunkProgressListener/]: Preparing spawn area: 0%
[28Mar2025 18:27:30.955] [Worker-Main-2/INFO] [net.minecraft.server.level.progress.LoggerChunkProgressListener/]: Preparing spawn area: 0%
[28Mar2025 18:27:30.960] [Worker-Main-2/INFO] [net.minecraft.server.level.progress.LoggerChunkProgressListener/]: Preparing spawn area: 0%
[28Mar2025 18:27:31.031] [Worker-Main-2/INFO] [net.minecraft.server.level.progress.LoggerChunkProgressListener/]: Preparing spawn area: 0%
[28Mar2025 18:27:31.032] [Worker-Main-2/INFO] [net.minecraft.server.level.progress.LoggerChunkProgressListener/]: Preparing spawn area: 0%
[28Mar2025 18:27:31.037] [Worker-Main-2/INFO] [net.minecraft.server.level.progress.LoggerChunkProgressListener/]: Preparing spawn area: 0%
[28Mar2025 18:27:31.049] [Worker-Main-2/INFO] [net.minecraft.server.level.progress.LoggerChunkProgressListener/]: Preparing spawn area: 0%
[28Mar2025 18:27:31.055] [Worker-Main-2/INFO] [net.minecraft.server.level.progress.LoggerChunkProgressListener/]: Preparing spawn area: 0%
[28Mar2025 18:27:31.061] [Worker-Main-2/INFO] [net.minecraft.server.level.progress.LoggerChunkProgressListener/]: Preparing spawn area: 0%
[28Mar2025 18:27:31.100] [Worker-Main-2/INFO] [net.minecraft.server.level.progress.LoggerChunkProgressListener/]: Preparing spawn area: 0%
[28Mar2025 18:27:31.111] [Worker-Main-2/INFO] [net.minecraft.server.level.progress.LoggerChunkProgressListener/]: Preparing spawn area: 0%
[28Mar2025 18:27:31.128] [Worker-Main-2/INFO] [net.minecraft.server.level.progress.LoggerChunkProgressListener/]: Preparing spawn area: 0%
[28Mar2025 18:27:31.137] [Worker-Main-2/INFO] [net.minecraft.server.level.progress.LoggerChunkProgressListener/]: Preparing spawn area: 0%
[28Mar2025 18:27:31.164] [Worker-Main-2/INFO] [net.minecraft.server.level.progress.LoggerChunkProgressListener/]: Preparing spawn area: 0%
[28Mar2025 18:27:31.183] [Worker-Main-2/INFO] [net.minecraft.server.level.progress.LoggerChunkProgressListener/]: Preparing spawn area: 0%
[28Mar2025 18:27:31.219] [Worker-Main-2/INFO] [net.minecraft.server.level.progress.LoggerChunkProgressListener/]: Preparing spawn area: 0%
[28Mar2025 18:27:31.684] [Worker-Main-2/INFO] [net.minecraft.server.level.progress.LoggerChunkProgressListener/]: Preparing spawn area: 0%
[28Mar2025 18:27:32.185] [Worker-Main-2/INFO] [net.minecraft.server.level.progress.LoggerChunkProgressListener/]: Preparing spawn area: 0%
[28Mar2025 18:27:32.717] [Worker-Main-2/INFO] [net.minecraft.server.level.progress.LoggerChunkProgressListener/]: Preparing spawn area: 0%
[28Mar2025 18:27:33.260] [Worker-Main-2/INFO] [net.minecraft.server.level.progress.LoggerChunkProgressListener/]: Preparing spawn area: 0%
[28Mar2025 18:27:33.688] [Worker-Main-2/INFO] [net.minecraft.server.level.progress.LoggerChunkProgressListener/]: Preparing spawn area: 0%
[28Mar2025 18:27:34.249] [Worker-Main-2/INFO] [net.minecraft.server.level.progress.LoggerChunkProgressListener/]: Preparing spawn area: 0%
[28Mar2025 18:27:34.686] [Worker-Main-2/INFO] [net.minecraft.server.level.progress.LoggerChunkProgressListener/]: Preparing spawn area: 0%
[28Mar2025 18:27:35.202] [Worker-Main-2/INFO] [net.minecraft.server.level.progress.LoggerChunkProgressListener/]: Preparing spawn area: 0%
[28Mar2025 18:27:35.867] [Worker-Main-2/INFO] [net.minecraft.server.level.progress.LoggerChunkProgressListener/]: Preparing spawn area: 0%
[28Mar2025 18:27:36.090] [Worker-Main-2/DEBUG] [mixin/]: Mixing world.WorldGenRegionAccessor from repurposed_structures-common.mixins.json into net.minecraft.server.level.WorldGenRegion
[28Mar2025 18:27:37.417] [Worker-Main-2/INFO] [net.minecraft.server.level.progress.LoggerChunkProgressListener/]: Preparing spawn area: 0%
[28Mar2025 18:27:37.424] [Worker-Main-2/DEBUG] [mixin/]: Mixing BeardifierMixin from yungsapi.mixins.json into net.minecraft.world.level.levelgen.Beardifier
[28Mar2025 18:27:37.437] [Worker-Main-2/DEBUG] [mixin/]: Mixing accessor.BeardifierAccessor from yungsapi.mixins.json into net.minecraft.world.level.levelgen.Beardifier
[28Mar2025 18:27:37.570] [Worker-Main-2/INFO] [net.minecraft.server.level.progress.LoggerChunkProgressListener/]: Preparing spawn area: 0%
[28Mar2025 18:27:37.571] [Worker-Main-2/INFO] [net.minecraft.server.level.progress.LoggerChunkProgressListener/]: Preparing spawn area: 0%
[28Mar2025 18:27:37.684] [Worker-Main-2/INFO] [net.minecraft.server.level.progress.LoggerChunkProgressListener/]: Preparing spawn area: 0%
[28Mar2025 18:27:38.194] [Worker-Main-2/INFO] [net.minecraft.server.level.progress.LoggerChunkProgressListener/]: Preparing spawn area: 84%
[28Mar2025 18:27:39.223] [Worker-Main-2/INFO] [net.minecraft.server.level.progress.LoggerChunkProgressListener/]: Preparing spawn area: 90%
[28Mar2025 18:27:39.436] [Worker-Main-2/INFO] [net.minecraft.server.level.progress.LoggerChunkProgressListener/]: Preparing spawn area: 90%
[28Mar2025 18:27:39.923] [Worker-Main-2/INFO] [net.minecraft.server.level.progress.LoggerChunkProgressListener/]: Preparing spawn area: 96%
[28Mar2025 18:27:40.268] [Worker-Main-2/INFO] [net.minecraft.server.level.progress.LoggerChunkProgressListener/]: Preparing spawn area: 97%
[28Mar2025 18:27:40.730] [Server thread/INFO] [net.minecraft.server.level.progress.LoggerChunkProgressListener/]: Time elapsed: 23546 ms
[28Mar2025 18:27:40.731] [Server thread/INFO] [net.minecraft.server.dedicated.DedicatedServer/]: Done (42.261s)! For help, type "help"
[28Mar2025 18:27:40.761] [Server thread/DEBUG] [net.minecraftforge.network.DualStackUtils/]: Detected IPv6 address: "0:0:0:0:0:0:0:0"
[28Mar2025 18:27:40.945] [Server thread/DEBUG] [net.minecraftforge.common.ForgeI18n/CORE]: Loading I18N data entries: 8525
[28Mar2025 18:27:40.951] [Server thread/INFO] [net.minecraftforge.server.permission.PermissionAPI/]: Successfully initialized permission handler forge:default_handler
[28Mar2025 18:27:41.575] [Server thread/DEBUG] [mixin/]: Mixing HungerManagerMixin from apoli.mixins.json into net.minecraft.world.food.FoodData
[28Mar2025 18:27:41.579] [Server thread/DEBUG] [mixin/]: Mixing forge.FoodDataMixin from apoli.mixins.json into net.minecraft.world.food.FoodData
[28Mar2025 18:27:41.596] [Server thread/DEBUG] [mixin/]: Mixing forge.TransientCraftingContainerMixin from apoli.mixins.json into net.minecraft.world.inventory.TransientCraftingContainer
[28Mar2025 18:27:42.158] [Server thread/DEBUG] [io.netty.buffer.AbstractByteBuf/]: -Dio.netty.buffer.checkAccessible: true
[28Mar2025 18:27:42.159] [Server thread/DEBUG] [io.netty.buffer.AbstractByteBuf/]: -Dio.netty.buffer.checkBounds: true
[28Mar2025 18:27:42.166] [Server thread/DEBUG] [io.netty.util.ResourceLeakDetectorFactory/]: Loaded default ResourceLeakDetector: io.netty.util.ResourceLeakDetector@69922096
[28Mar2025 18:27:42.721] [Server thread/DEBUG] [mixin/]: Mixing LootContextParameterSetBuilderMixin from apoli.mixins.json into net.minecraft.world.level.storage.loot.LootParams$Builder
[28Mar2025 18:27:42.734] [Server thread/DEBUG] [mixin/]: Mixing LootContextParameterSetMixin from apoli.mixins.json into net.minecraft.world.level.storage.loot.LootParams
[28Mar2025 18:27:42.745] [Server thread/DEBUG] [mixin/]: Mixing LootContextBuilderMixin from apoli.mixins.json into net.minecraft.world.level.storage.loot.LootContext$Builder
[28Mar2025 18:27:42.793] [Server thread/DEBUG] [mixin/]: Mixing item.wearable.charmofsinking.EnchantmentHelperMixin from mixins.artifacts.common.json into net.minecraft.world.item.enchantment.EnchantmentHelper
[28Mar2025 18:27:42.876] [Server thread/DEBUG] [net.minecraftforge.coremod.transformer.CoreModBaseTransformer/COREMOD]: Transforming net/minecraft/world/level/NaturalSpawner
[28Mar2025 18:27:42.937] [Server thread/DEBUG] [mixin/]: Mixing item.wearable.NaturalSpawnerMixin from mixins.artifacts.common.json into net.minecraft.world.level.NaturalSpawner
[28Mar2025 18:27:42.938] [Server thread/DEBUG] [mixin/]: Renaming synthetic method lambda$spawnCategoryForPosition$0(Lnet/minecraft/world/entity/Mob;Lnet/minecraft/world/item/ItemStack;)V to md536553$lambda$spawnCategoryForPosition$0$0 in mixins.artifacts.common.json:item.wearable.NaturalSpawnerMixin
[28Mar2025 18:27:43.044] [Server thread/DEBUG] [mixin/]: Mixing camera.TrackedEntityMixin from securitycraft.mixins.json into net.minecraft.server.level.ChunkMap$TrackedEntity
[28Mar2025 18:27:43.078] [Server thread/DEBUG] [mixin/]: Mixing PacketDistributorHackMixin from moonlight.mixins.json into net.minecraftforge.network.PacketDistributor
[28Mar2025 18:27:43.194] [Server thread/DEBUG] [tombstone/]: Updating LootTables
[28Mar2025 18:27:43.331] [Server thread/DEBUG] [artifacts.Artifacts/]: Loaded artifacts.forge.platform.ForgePlatformHelper@32048e48 for service interface artifacts.platform.PlatformHelper
[28Mar2025 18:27:44.421] [Server thread/WARN] [net.minecraft.server.MinecraftServer/]: Can't keep up! Is the server overloaded? Running 2057ms or 41 ticks behind
[28Mar2025 18:28:49.649] [Server thread/DEBUG] [mixin/]: Mixing swimming.FallLocationMixin from expandability-common.mixins.json into net.minecraft.world.damagesource.FallLocation
[28Mar2025 18:32:44.161] [Server thread/DEBUG] [net.minecraftforge.common.ForgeHooks/WP]: Gathering id map for writing to world save world
[28Mar2025 18:32:44.234] [Server thread/DEBUG] [net.minecraftforge.common.ForgeHooks/WP]: ID Map collection complete world
